,Open,High,Low,Close,Volume
2018-12-22 12:29:57.600987,102.33001863363704,102.30521057708339,97.70018139228128,100.75008752901628,2528192
2018-12-23 12:29:57.600987,101.99719725096567,101.08805287219784,98.22660505308465,100.89540711852739,3568551
2018-12-24 12:29:57.600987,100.95275265343251,101.853934998514,98.68268607224178,100.00978514714616,7990304
2018-12-25 12:29:57.600987,100.23969783803149,103.82927695081419,100.94989587742327,102.44088687073891,9454417
2018-12-26 12:29:57.600987,102.63017727158011,102.56285129300214,101.35265421101329,101.81054958562456,7703188
2018-12-27 12:29:57.600987,102.81240635222923,106.4524944119028,102.63128354581563,102.91057505906478,4377158
2018-12-28 12:29:57.600987,97.77000833209283,100.48899585314099,98.35870627269611,99.09718928543275,6772805
2018-12-29 12:29:57.600987,101.81608703715217,101.99537189126018,101.19278704461696,101.40392697097515,4581795
2018-12-30 12:29:57.600987,100.50842621424276,102.32068554803986,99.42072137220178,99.94702674894229,5947410
2018-12-31 12:29:57.600987,99.15795849967584,100.7134815344341,96.67081730280175,99.60466324120715,3908090
2019-01-01 12:29:57.600987,98.77641968394525,98.86881304272225,95.72774076122131,97.97511926091995,5290171
2019-01-02 12:29:57.600987,95.90142610031694,97.34405082091303,95.66436948032505,97.15915303009375,2561072
2019-01-03 12:29:57.600987,100.91845349884987,100.81475518640721,99.48438433791662,99.73650261093894,5860441
2019-01-04 12:29:57.600987,103.63668928717651,102.84123560233616,100.04329623103769,101.78665811446791,1495364
2019-01-05 12:29:57.600987,101.63769303810261,101.91949467399516,98.35338091618729,100.94676184946523,1728989
2019-01-06 12:29:57.600987,99.59675296233505,103.38960894105938,99.59320992059702,100.00005292226957,2683228
2019-01-07 12:29:57.600987,104.77017595598768,104.71269873622167,100.95488427898995,103.48729156997618,7310483
2019-01-08 12:29:57.600987,101.83011160587479,103.37449535209404,100.78754394116426,101.56576587630151,6144883
2019-01-09 12:29:57.600987,103.01944912550134,103.47753372641766,98.76964014554395,102.2304609704096,9142930
2019-01-10 12:29:57.600987,96.51943726511207,99.47700404110107,96.13453047402463,97.88924690827241,4390135
2019-01-11 12:29:57.600987,97.61827604201856,99.28168213184281,97.12444666123228,98.40702420736494,8939091
2019-01-12 12:29:57.600987,100.86060183251475,101.23260040537001,98.22180150254374,100.01953211446019,2615918
2019-01-13 12:29:57.600987,102.57196962175887,105.2838759592507,100.08973246053313,102.38933737206857,8067115
2019-01-14 12:29:57.600987,107.77917132272162,110.59860270539939,107.61642145049065,108.36582874550702,8342488
2019-01-15 12:29:57.600987,108.93345850160033,112.53723947223826,106.6398339667828,108.92867863761697,9344403
2019-01-16 12:29:57.600987,113.2860134899574,115.36845969411773,109.93804863421109,113.30502812368847,5432147
2019-01-17 12:29:57.600987,115.10254894356356,115.73764059593734,111.70504311970892,114.29666835552739,5585136
2019-01-18 12:29:57.600987,112.17512142952961,110.64893153155248,108.25207458031586,110.45342049280514,8800323
2019-01-19 12:29:57.600987,111.8895703180526,112.53534416225301,109.25205105916235,111.08930685649901,2641870
2019-01-20 12:29:57.600987,112.77682699160748,117.35914256786123,112.44089162444858,113.46641420757396,3793792
2019-01-21 12:29:57.600987,112.18371212954484,114.58993074905267,111.22607969303391,111.31069724812096,9504837
2019-01-22 12:29:57.600987,112.19021085339105,111.5350098547564,109.50393304868395,111.3824265592224,6820280
2019-01-23 12:29:57.600987,111.89476171280963,114.60219802989626,109.15742308256499,110.28894905079144,6245745
2019-01-24 12:29:57.600987,108.78918825685417,110.02741121455021,106.49087191453302,106.81435496986296,9907827
2019-01-25 12:29:57.600987,109.91222802157833,109.59050081073309,107.47428925716554,108.64304521483731,7018877
2019-01-26 12:29:57.600987,106.84394963541438,113.49745831126278,104.82656384672141,108.36420151568628,2644766
2019-01-27 12:29:57.600987,102.88568803425348,103.40365460147173,100.6222688140935,103.08283432238484,8066457
2019-01-28 12:29:57.600987,104.03330150882907,106.08074470825049,102.95574049490281,104.0260719293661,8369848
2019-01-29 12:29:57.600987,100.92755023498135,102.69068120581366,100.33201791347551,100.68281269034233,9805091
2019-01-30 12:29:57.600987,102.59013735641342,103.79389312996945,96.5298031237027,101.23330827444676,4223809
2019-01-31 12:29:57.600987,98.46002562600778,99.95192081850271,99.20408243710453,99.36713486792,4156226
2019-02-01 12:29:57.600987,103.17557656760727,102.33815087901131,101.22155436017722,102.32334043918507,1351081
2019-02-02 12:29:57.600987,104.57920620324406,104.4070863987609,100.78077281306476,103.97779116603749,4756349
2019-02-03 12:29:57.600987,105.09381015899076,105.1062246760952,100.83241154135291,104.23199109676214,8732134
2019-02-04 12:29:57.600987,109.51874288800956,110.64671138872109,107.1157823642186,107.62399812559806,4545268
2019-02-05 12:29:57.600987,108.08446613806555,111.80225657466859,105.608466597548,108.3780351579572,9457761
2019-02-06 12:29:57.600987,109.02896970455468,108.47506438675477,105.16559863355279,107.83123848826993,3831336
2019-02-07 12:29:57.600987,110.63063424277203,109.98066277332632,107.8465165629457,109.27644981896077,7211475
2019-02-08 12:29:57.600987,109.73527748681964,110.80042017224991,108.21652986885125,109.88804000287277,8349579
2019-02-09 12:29:57.600987,109.93451621057001,111.98196141482389,109.43663724793281,111.12519860822114,5745193
2019-02-10 12:29:57.600987,112.26922002657341,111.91446878688402,109.85179369992693,111.62772324463398,7419753
2019-02-11 12:29:57.600987,113.75334750364961,117.01864936538657,113.8895798951594,115.26509625181907,5064687
2019-02-12 12:29:57.600987,111.88941321360896,112.40171262203178,110.69895356895651,111.68297029906299,1006801
2019-02-13 12:29:57.600987,111.47570916655441,116.75736034248037,112.46943418028887,113.25581385212098,2477438
2019-02-14 12:29:57.600987,117.13716923670933,118.77165301796836,117.73260587478453,117.76914197331178,9327471
2019-02-15 12:29:57.600987,117.50475232480561,119.96116164989051,115.34441093727932,116.08563623837527,5426683
2019-02-16 12:29:57.600987,114.02383330759778,117.08046426370007,114.35118386385314,115.60186802837526,3551910
2019-02-17 12:29:57.600987,111.48807592832925,112.7655416245606,112.19265872911973,112.5226409756619,2899019
2019-02-18 12:29:57.600987,110.6251576323136,111.75911692785333,108.30131937068558,110.5178941261684,9310843
2019-02-19 12:29:57.600987,113.62170304422536,113.63521886552753,109.54722170621926,111.99031923056408,1348444
2019-02-20 12:29:57.600987,110.46502518003042,113.58957350790035,110.07559412209388,110.5952328462486,5697550
2019-02-21 12:29:57.600987,110.408458100618,112.49046392840161,106.29739968460397,110.66662158400013,7195969
2019-02-22 12:29:57.600987,108.1889903712012,108.53014862043626,106.60587091930225,108.21840668551134,4283747
2019-02-23 12:29:57.600987,108.50212511924073,112.14909395542651,107.13737663691164,108.5325807995934,3254001
2019-02-24 12:29:57.600987,105.58508881849639,110.05712420381218,104.81428055685318,106.63747534581218,7167110
2019-02-25 12:29:57.600987,105.34918143808856,106.13467723631793,105.49939549316302,105.84766899545119,9792343
2019-02-26 12:29:57.600987,101.59095426413253,102.92548073184248,100.5383700745952,101.49647797729463,7592597
2019-02-27 12:29:57.600987,99.17048417872391,102.43548628086094,97.53704244564946,98.47231788554808,9636754
2019-02-28 12:29:57.600987,98.69893099112208,99.5701063167945,97.85140071005125,99.5686389632743,6099681
2019-03-01 12:29:57.600987,99.99574273773493,100.32499958534451,98.3591107161432,98.76067715776215,2567500
2019-03-02 12:29:57.600987,98.04255142813211,101.36350795597824,97.54575643263513,98.98926588911105,7498452
2019-03-03 12:29:57.600987,101.44760317743861,104.93822719601297,101.84578926009894,102.35513437604452,8950336
2019-03-04 12:29:57.600987,105.31993573303927,106.85890045843223,103.82651564499847,104.32529007190425,6358304
2019-03-05 12:29:57.600987,106.31472513785627,109.84687143457636,106.69915123761817,107.10705946443724,2112981
2019-03-06 12:29:57.600987,106.19355640727517,107.80001248007682,105.8137493310529,106.62105115349911,7917937
2019-03-07 12:29:57.600987,107.664271413615,108.2865002678335,103.01313006615345,108.13848234439546,5327118
2019-03-08 12:29:57.600987,106.5380776173091,108.62913069121767,104.1063239570893,106.0412869989933,3935199
2019-03-09 12:29:57.600987,103.3789698253742,104.8593261652437,102.94982290268949,104.18358487721991,4010248
2019-03-10 12:29:57.600987,106.26581147045785,108.15183008426803,102.53315249195995,104.85542639974173,5695510
2019-03-11 12:29:57.600987,103.8265746846794,103.8352833961402,102.39921595100088,103.3086311561578,9684314
2019-03-12 12:29:57.600987,100.28871874015451,101.20064984449964,98.28998418402246,99.13550621598968,7886120
2019-03-13 12:29:57.600987,100.04046839935326,100.61994338135958,98.47229046337958,98.85504724034621,2014564
2019-03-14 12:29:57.600987,96.28831072859896,100.97602921536031,96.63454194008654,97.55400464420066,9623562
2019-03-15 12:29:57.600987,98.31001631553738,101.4581462366477,97.01332888280248,98.60198637387853,6291120
2019-03-16 12:29:57.600987,98.86171231754068,100.15988111748659,98.42067097466214,99.5496475918645,6344778
2019-03-17 12:29:57.600987,100.19756401004112,102.90879256706931,97.038908850748,102.13894383104441,2044635
2019-03-18 12:29:57.600987,99.55139424322148,98.7213398559401,97.45642257489287,98.01391824804355,2973408
2019-03-19 12:29:57.600987,98.88354649393851,98.60452164981402,95.35387864064344,97.77985580161277,8400277
2019-03-20 12:29:57.600987,97.67411578177983,100.42701217932306,98.36280242387828,98.38216179795214,5293800
2019-03-21 12:29:57.600987,97.21228623465537,97.7576029873222,96.14773484146599,97.14987849877764,3810600
2019-03-22 12:29:57.600987,96.98645831790911,101.21708703482336,95.50118299673704,97.4858148735137,4232521
2019-03-23 12:29:57.600987,99.19451267866916,102.07634659481062,98.16594581345008,98.27804466174815,6543934
2019-03-24 12:29:57.600987,99.22928221468206,99.92951249971031,99.1400236112209,99.46966893011101,6559698
2019-03-25 12:29:57.600987,98.50715255545187,101.42566436600632,98.02409890174275,100.32354909663101,5217797
2019-03-26 12:29:57.600987,102.36358892742295,103.93443788340234,98.39555116125949,102.1982020607228,7851399
2019-03-27 12:29:57.600987,102.20933871860204,103.06079838892832,97.67756065161232,101.63332596037765,6986869
2019-03-28 12:29:57.600987,103.9119092608382,106.20320106388928,100.49850737098883,103.3599532410263,8639890
2019-03-29 12:29:57.600987,104.43961243417557,105.4164256627738,103.16669420662232,104.66715398059803,3518699
2019-03-30 12:29:57.600987,102.9007466533002,101.60227640239684,101.51794418725777,101.59549085591325,4982982
2019-03-31 12:29:57.600987,103.34738012256786,103.937735062288,101.34578589904298,101.98845276858859,3068349
2019-04-01 12:29:57.600987,103.710889876155,105.939514503506,101.26421573753723,104.34030982323702,9119508
2019-04-02 12:29:57.600987,104.15818265664373,104.89937276005192,103.75941167830258,104.8670407200039,8944737
2019-04-03 12:29:57.600987,104.21429943815457,108.19334965091883,103.94938438718539,104.91811248914964,7872796
2019-04-04 12:29:57.600987,103.62731735699148,104.26115641641708,103.67333884854939,103.85202067647306,1027912
2019-04-05 12:29:57.600987,104.91166582329943,107.2041080944436,102.63854107680446,105.24058520204586,3035553
2019-04-06 12:29:57.600987,107.72005718068306,110.66952054637589,105.21248343318473,106.51839649204855,1704364
2019-04-07 12:29:57.600987,107.0851790318083,108.36676434953088,105.82268792855696,107.08065278757147,1092360
2019-04-08 12:29:57.600987,107.8469171612789,109.53141023900771,105.13085183360981,107.98108032139733,3550951
2019-04-09 12:29:57.600987,110.54307562181644,110.790964090841,105.69991129232596,110.58013689012729,6819136
2019-04-10 12:29:57.600987,112.83910821855235,115.3238561457306,110.58301381053766,112.56459146926032,9707004
2019-04-11 12:29:57.600987,110.10075478161167,112.23273083772528,110.56843526278635,110.82496222023478,5344900
2019-04-12 12:29:57.600987,110.46406290466857,113.15469483314887,110.21969133179762,110.60025223828258,8124776
2019-04-13 12:29:57.600987,109.29475245434111,110.75344810999512,107.71007331243844,109.28910173412727,4906360
2019-04-14 12:29:57.600987,105.19514096800263,108.76676811882847,104.1347288142908,104.88188167491461,1115495
2019-04-15 12:29:57.600987,107.50337067923424,109.26281018143465,105.95615074408221,106.61118046742351,9377630
2019-04-16 12:29:57.600987,108.7639916007142,108.94525530536112,107.59806197291422,108.1227913914623,3420117
2019-04-17 12:29:57.600987,106.76711634952382,109.92044351454297,105.11935370950829,107.58722503143586,6767252
2019-04-18 12:29:57.600987,108.69892581857792,108.92275531344406,107.54312673469649,107.80945646528752,3049699
2019-04-19 12:29:57.600987,108.3433911759569,108.85148728901298,106.32212394768551,107.36543808899069,8515139
2019-04-20 12:29:57.600987,105.13774317862439,104.96475002424799,101.37550402179744,104.95303859357848,9590572
2019-04-21 12:29:57.600987,105.57279108297601,107.41660056114604,101.00577644283653,104.96118686280633,2460529
2019-04-22 12:29:57.600987,103.24279050996604,106.52279006152277,101.22576600747084,103.74593631508225,6985392
2019-04-23 12:29:57.600987,100.61580305184239,100.84454370189444,97.52527633400616,100.22322170357762,2574579
2019-04-24 12:29:57.600987,99.8898534634788,102.26394044507391,97.89885171162352,99.46827368636023,7023826
2019-04-25 12:29:57.600987,101.82890981157506,102.40828898324608,99.4274126849298,102.33883390806729,6310502
2019-04-26 12:29:57.600987,102.59962769931474,106.08531788388059,101.96591498658613,103.61070339161026,9809691
2019-04-27 12:29:57.600987,104.0019589705425,103.8261213499221,102.3693071647175,102.40427224700561,6247946
2019-04-28 12:29:57.600987,101.88245400591137,102.10585745048625,101.15073055002445,102.0539397091672,2132689
2019-04-29 12:29:57.600987,102.00267563342145,102.58824937666961,101.8298902057004,101.97607596578023,8991053
2019-04-30 12:29:57.600987,102.81384641178855,101.95280559074749,99.82319752164761,101.1857254370767,5127119
2019-05-01 12:29:57.600987,104.1547658168866,106.60593196438144,104.19690919858324,104.3261036593949,1690588
2019-05-02 12:29:57.600987,103.7936260541846,105.07121241947112,103.13449292731968,104.66500780684376,5892488
2019-05-03 12:29:57.600987,102.52992287893609,101.2219674044025,100.78604758141472,100.81881015568885,5348303
2019-05-04 12:29:57.600987,99.66693122387692,100.27716087209966,98.65898552512391,99.46269582142344,3943914
2019-05-05 12:29:57.600987,104.04702715194986,105.28100220303865,103.48384306977754,104.75558465630648,2476452
2019-05-06 12:29:57.600987,100.65174301172132,102.74109699872797,100.74900953574499,101.74713066409367,1140907
2019-05-07 12:29:57.600987,104.81667951104444,105.421305598483,103.53624097577058,105.36207929792249,6386101
2019-05-08 12:29:57.600987,110.82642636748228,109.03579218393612,105.7182915517868,107.92615466129433,5655656
2019-05-09 12:29:57.600987,108.9987978479997,107.87518386221467,103.84910468191516,107.1083295800305,2732455
2019-05-10 12:29:57.600987,109.49876139031234,109.07144509083139,108.34488478606266,108.67431848807783,4761945
2019-05-11 12:29:57.600987,105.10667548475881,109.03451329051937,104.08667903517389,105.5110620668098,7090888
2019-05-12 12:29:57.600987,104.98025937439371,105.23783230309219,104.09828052831594,104.42736659605809,7886165
2019-05-13 12:29:57.600987,105.55307557831367,107.92546918112185,103.70243996775233,106.50594149068871,5954661
2019-05-14 12:29:57.600987,106.68483630009356,108.76704725241208,106.0941891237075,107.87330176311467,3377394
2019-05-15 12:29:57.600987,103.77331870730725,105.02363728437408,102.85095287424895,105.00101219547687,3865386
2019-05-16 12:29:57.600987,106.13581092135031,106.53474673567656,105.60804378919642,106.40804291709642,6540196
2019-05-17 12:29:57.600987,105.59434241428443,107.21221582030887,103.20518742533204,105.21932733882622,3305625
2019-05-18 12:29:57.600987,105.17821960396849,108.13048679845062,105.53286291886272,106.86814806512326,4605581
2019-05-19 12:29:57.600987,107.26104495842878,109.67422837285316,106.74474039730109,107.68921259459663,3212028
2019-05-20 12:29:57.600987,108.70639064794567,109.8534910003234,104.612063032698,108.73445692164778,2511073
2019-05-21 12:29:57.600987,105.96858537070192,107.51458447190574,103.63259640014009,106.27728570915158,1782886
2019-05-22 12:29:57.600987,107.37177422556206,108.76057808215981,105.81879923610975,106.77981273265905,2756240
2019-05-23 12:29:57.600987,108.88934537632187,109.92086691655966,106.0290877733587,107.62780066797455,4371590
2019-05-24 12:29:57.600987,107.01354909732116,108.07599918113168,106.66128820404687,107.73076396002831,4634015
2019-05-25 12:29:57.600987,105.94222494359931,108.18306256421619,105.40612672361031,106.05654211126905,3063091
2019-05-26 12:29:57.600987,107.31022463378888,108.61424787197589,105.89974230505545,107.87153339680053,7291602
2019-05-27 12:29:57.600987,110.07387575700578,110.43587667838963,104.9508138666083,109.64941806881674,9250506
2019-05-28 12:29:57.600987,109.30232439146359,115.03520678773383,108.31836875574554,110.06835707522477,9182592
2019-05-29 12:29:57.600987,111.48289700528314,112.19950107027886,111.25985065865025,111.52555077696056,6748544
2019-05-30 12:29:57.600987,115.77465221157951,117.0530051338251,114.25927413438058,114.69431335831396,6638174
2019-05-31 12:29:57.600987,113.93071870006824,118.31598867191491,115.8671387862312,117.19664880354104,3557457
2019-06-01 12:29:57.600987,114.3877618377216,116.52339211268668,114.33796144522918,115.18451235451418,6281108
2019-06-02 12:29:57.600987,115.58102913955382,117.34956484094005,113.65112789243246,116.74745119038002,9548780
2019-06-03 12:29:57.600987,116.87015923103135,119.21721875179996,115.99521126147492,117.39565349447294,2331080
2019-06-04 12:29:57.600987,117.71830313238479,117.60174270350481,115.28352242097475,117.47440619515,7415413
2019-06-05 12:29:57.600987,118.428137446168,121.40890603952838,114.43834594247777,118.63246052992764,8866676
2019-06-06 12:29:57.600987,115.54265406233272,120.9782999399346,115.88243216121256,116.03979594890767,7405719
2019-06-07 12:29:57.600987,113.22625919892633,115.52298906045222,111.73831003388182,114.4536288970614,6515614
2019-06-08 12:29:57.600987,112.91372379241199,113.28545073895813,109.5824539274834,112.47154943904086,7754767
2019-06-09 12:29:57.600987,111.27093880610965,113.42041048286045,108.94871143866901,110.22732621399557,3902007
2019-06-10 12:29:57.600987,108.33865783218263,107.86945185474933,106.55054193438933,107.75797127155371,1593526
2019-06-11 12:29:57.600987,111.73685272645041,114.71081271521427,111.96959231583031,112.53334326557463,3343154
2019-06-12 12:29:57.600987,111.04162372286613,109.50779755931825,108.39781692407944,109.32843026447918,5351165
2019-06-13 12:29:57.600987,111.05202931087912,110.98129895567135,108.40508375015811,110.6016618974315,7662993
2019-06-14 12:29:57.600987,110.3155079282501,111.21274055576403,108.24329691149671,110.48467689652931,7952795
2019-06-15 12:29:57.600987,108.12555885704592,112.92419491900084,107.7470216521982,109.31524150805768,9499766
2019-06-16 12:29:57.600987,111.99680897631549,113.5327021205252,108.1792524914471,110.48821331445869,1834334
2019-06-17 12:29:57.600987,105.38801497708505,107.88878567580386,104.82860198499341,106.28530372936844,7345453
2019-06-18 12:29:57.600987,105.54200623819294,107.29988842733988,103.87360629373077,106.15886945614696,5958137
2019-06-19 12:29:57.600987,103.88932548169232,106.91982624574936,105.50281906176306,106.71640632898966,6880571
2019-06-20 12:29:57.600987,104.84717276983505,108.8803066645116,105.11521190384437,105.20954434101023,6160476
2019-06-21 12:29:57.600987,106.17049830801606,106.58524438429917,103.72180617536628,105.72230075564715,5214521
2019-06-22 12:29:57.600987,106.8019439088509,110.31409754981193,106.57450798596116,107.23120233007266,7412447
2019-06-23 12:29:57.600987,105.36110543165569,108.04989699016537,102.42981868947136,105.79929018352124,8667179
2019-06-24 12:29:57.600987,104.74749215580873,104.1285716643099,99.33691396184739,103.52522134746766,1092326
2019-06-25 12:29:57.600987,105.33336418585237,105.44658912373644,103.32434314954202,104.85237362498928,4514623
2019-06-26 12:29:57.600987,107.46185863961398,108.4454058063545,106.8593681627865,107.96434294896166,4982140
2019-06-27 12:29:57.600987,109.5452989492309,110.56430854157726,108.86309026540322,109.49984123235583,5579644
2019-06-28 12:29:57.600987,109.21857477215559,112.30386739259558,110.37604797180828,110.54731773750144,5657152
2019-06-29 12:29:57.600987,111.17893555834817,113.80839301836744,109.75761559567464,111.8664363884337,8591201
2019-06-30 12:29:57.600987,112.29841559911952,114.29039190198476,111.2421765039537,113.22001762176077,6945401
2019-07-01 12:29:57.600987,114.64405028437893,112.67489566204742,112.4611860474255,112.54608463521546,9577176
2019-07-02 12:29:57.600987,111.30184496908068,112.68390611077363,110.70138404867859,112.54059642404125,9129241
2019-07-03 12:29:57.600987,113.73801419722314,116.84698366432083,112.11847663359207,113.86153225609729,8655832
2019-07-04 12:29:57.600987,113.36824522162384,116.0629497066859,112.87548181609561,113.92714316640212,6792174
2019-07-05 12:29:57.600987,114.67551824686689,118.59397372240414,114.67127549609688,115.19181950925459,4127869
2019-07-06 12:29:57.600987,116.57144938592296,121.20298683102652,112.51224451388387,116.44289353153653,9041475
2019-07-07 12:29:57.600987,111.49262948721918,112.53633505474552,111.40105005408255,111.51720802978615,9670134
2019-07-08 12:29:57.600987,108.14253924199527,108.60034783919758,102.68805598057014,106.84604692775227,2409347
2019-07-09 12:29:57.600987,107.36474505981855,105.82163145126631,104.4373938343842,105.06199360151585,3633011
2019-07-10 12:29:57.600987,107.15222723269582,113.2649775636707,106.96202518825747,108.11846432981882,9202503
2019-07-11 12:29:57.600987,109.40078563587504,110.29897172090472,107.53970400011073,108.44882063136937,7107027
2019-07-12 12:29:57.600987,110.73800517585958,112.05100685471636,110.2464004856384,110.803994636718,4493595
2019-07-13 12:29:57.600987,109.60073524683254,113.21238325021001,104.90454201318855,109.91905884465272,9431653
2019-07-14 12:29:57.600987,109.20554549769474,108.87584550249314,105.10204630195128,107.20716482249819,1824392
2019-07-15 12:29:57.600987,103.48252437783648,105.11333213298398,103.26896864622991,104.7198301003759,5895529
2019-07-16 12:29:57.600987,103.29428485519932,105.86031962344121,102.05592869178831,103.6217063939458,3256389
2019-07-17 12:29:57.600987,106.56198499156808,107.39265715083852,105.47220688318518,106.44308375475163,5964561
2019-07-18 12:29:57.600987,105.82091424786078,109.1444081970225,103.23915264714852,105.76880970391302,7349966
2019-07-19 12:29:57.600987,103.2131574877446,104.5053452246326,101.20673114459956,103.72890319406008,4037822
2019-07-20 12:29:57.600987,103.91448359856271,106.81124932098697,100.08592586524024,101.51444740264573,2681658
2019-07-21 12:29:57.600987,101.34022119543486,102.53433708829287,101.10928563188223,101.26636001312212,1024232
2019-07-22 12:29:57.600987,104.30937399146217,105.7451397091516,102.35563514456261,103.00642987077532,6684199
2019-07-23 12:29:57.600987,104.03934728862723,107.33479335968157,102.08330565269485,103.57130009108222,4757138
2019-07-24 12:29:57.600987,101.74568685269135,101.98642831653949,99.33773156041514,101.90187977069104,2870950
2019-07-25 12:29:57.600987,99.84328719777155,101.62984669459154,100.1671807054449,100.83858184160255,3274470
2019-07-26 12:29:57.600987,103.40679109515891,103.64097053442863,101.72574545111969,102.37546911261771,8779565
2019-07-27 12:29:57.600987,100.54970929972613,103.04901613229391,98.01243605701632,100.53520064633233,3492913
2019-07-28 12:29:57.600987,104.89692511117582,105.36166497440743,103.12244739141012,103.37771747314537,5791042
2019-07-29 12:29:57.600987,107.11988653750996,107.39195218815831,105.674684208226,107.04130584944534,3995324
2019-07-30 12:29:57.600987,107.3731536713946,107.23408900612321,103.80863981652564,105.74406372365127,8544526
2019-07-31 12:29:57.600987,104.08166801092321,107.00919791890779,104.81089202918305,105.38799098822179,8249044
2019-08-01 12:29:57.600987,107.38292424338383,110.61050617348603,105.62220408144313,108.84167668963947,2138150
2019-08-02 12:29:57.600987,107.03496668423706,110.8609623799585,107.3817059238884,108.73180930186342,5337585
2019-08-03 12:29:57.600987,106.8401566682786,106.26786649866071,104.72110919009795,106.25602507751401,3877884
2019-08-04 12:29:57.600987,107.18555921061498,113.46299942525091,107.77736777744242,108.70611337649582,3879072
2019-08-05 12:29:57.600987,112.11120908719425,112.53446056526356,109.89775360593963,110.98520865794944,2995660
2019-08-06 12:29:57.600987,111.45448800145785,114.4162076108865,105.86683348125949,111.45351178235003,6266840
2019-08-07 12:29:57.600987,114.1262533182025,114.31180959176041,112.27555470515564,113.48149348162846,5604112
2019-08-08 12:29:57.600987,114.87592509204052,117.29987218069583,112.13584547350953,114.75002541864998,8735142
2019-08-09 12:29:57.600987,114.4593641626849,117.54408812126164,111.19056636760642,114.28824269076223,4543521
2019-08-10 12:29:57.600987,116.07076297437463,118.69633256943335,114.87684250308997,116.56733551936972,9253176
2019-08-11 12:29:57.600987,114.713980291215,115.66594384889312,113.91951455995611,114.19332846971773,1443744
2019-08-12 12:29:57.600987,115.60181480880925,116.33558168785541,114.28803286619913,114.88376864609259,4167884
2019-08-13 12:29:57.600987,119.3500996822975,119.43615447550803,116.388753303832,119.19848138569803,7409545
2019-08-14 12:29:57.600987,120.86892465410679,123.95619848337569,120.96576324529119,121.73597991802319,6347393
2019-08-15 12:29:57.600987,122.30483140303235,122.99244727377646,117.25444470885186,121.52513585164169,3917367
2019-08-16 12:29:57.600987,123.10724802630851,125.58445565257884,120.7975365596707,122.90150269632021,2122037
2019-08-17 12:29:57.600987,123.50273918533816,125.27561619719044,123.27842265826297,124.05806070916807,1456117
2019-08-18 12:29:57.600987,123.89716767855639,125.70301479007529,122.22470478925884,123.89423437379347,5443320
2019-08-19 12:29:57.600987,125.18768530040357,129.76735931117602,120.04897166907182,125.03180434833513,5168661
2019-08-20 12:29:57.600987,125.37209519434063,126.01794048634714,124.43700698060134,124.60541673857448,3692704
2019-08-21 12:29:57.600987,126.6321794239752,127.75365101879778,125.71554818898935,126.65564978823076,7748205
2019-08-22 12:29:57.600987,126.24604224644145,126.0813259134216,123.92368912562728,126.06502919693415,2515948
2019-08-23 12:29:57.600987,128.33787404924328,129.43073164229259,122.04610487596882,126.94477994827294,9891044
2019-08-24 12:29:57.600987,126.90282365642949,129.33214210776828,127.50008004058658,127.9684787308488,5841005
2019-08-25 12:29:57.600987,127.03791771143449,129.63167571711554,127.90696511502716,128.17460289662137,3711010
2019-08-26 12:29:57.600987,124.69548070881446,126.83753632707712,122.41810285161165,125.28600033664303,2659525
2019-08-27 12:29:57.600987,122.25854429391059,125.01863186386986,119.81274174525672,122.65388159487213,3968621
2019-08-28 12:29:57.600987,126.04778768847412,127.41077672410623,126.0364244020339,126.76725162055956,4890929
2019-08-29 12:29:57.600987,128.12651188911187,130.64163658431067,125.32064758008526,128.63450949684304,4559476
2019-08-30 12:29:57.600987,125.2457253479075,127.12731211902023,123.27291398864247,125.00905658671175,7055851
2019-08-31 12:29:57.600987,123.29442740427714,124.59263430630686,123.40365411857039,124.0376904780321,3083834
2019-09-01 12:29:57.600987,124.80726116887223,125.1970143488586,118.20995203628873,122.71554822694908,8894554
2019-09-02 12:29:57.600987,124.24600807405189,124.38428201485733,122.59596283687783,123.81281062525025,3364294
2019-09-03 12:29:57.600987,127.60007377705104,128.3659428758544,125.18092820160138,125.67199349378151,2391448
2019-09-04 12:29:57.600987,127.55413564006439,127.68862571333995,124.76123649932148,126.55933374036452,9171888
2019-09-05 12:29:57.600987,123.15011117248044,123.4654906377826,120.4526989188552,123.2632055543754,6700824
2019-09-06 12:29:57.600987,123.10182350046122,124.98141041096804,121.66440631035948,122.90567819036467,6759520
2019-09-07 12:29:57.600987,118.45411936863991,118.02324977017047,113.43601010045775,117.58231182159253,1107671
2019-09-08 12:29:57.600987,119.59294538056717,120.45556313040596,115.98310350666813,117.93942313078152,7709322
2019-09-09 12:29:57.600987,120.84621917741451,123.75928953522052,117.51128870287879,119.89747404465058,9668722
2019-09-10 12:29:57.600987,119.64149253193169,126.86016113064893,120.1896929849935,121.15969936174957,6176436
2019-09-11 12:29:57.600987,118.88952592847194,120.66191257817688,117.90040265303543,118.84861889923917,3622003
2019-09-12 12:29:57.600987,121.09827994942802,121.75999953420093,120.09536600276185,121.5685289127468,1253501
2019-09-13 12:29:57.600987,124.09067593886319,126.30448729075498,122.75949388314142,124.02900104375013,6212832
2019-09-14 12:29:57.600987,122.50263161767016,123.5884751031457,120.98256120519825,122.19692725399057,7856889
2019-09-15 12:29:57.600987,123.25101403449028,126.75630267710311,122.62103891686532,123.30148713348684,1810791
2019-09-16 12:29:57.600987,121.38371285630923,122.7115800512562,121.73282648176192,122.21684852440379,1357668
2019-09-17 12:29:57.600987,123.97716669258979,126.67973690560581,122.90620643013476,123.65629695312339,5144920
2019-09-18 12:29:57.600987,122.74546614495077,124.40230559073038,122.36448013110223,123.86234499632383,8251043
2019-09-19 12:29:57.600987,121.95502534898671,124.29073909327575,120.41193960860744,122.92459865353415,7693915
2019-09-20 12:29:57.600987,121.59838069722619,121.30490301363378,115.48575046353933,120.99524304410801,2767198
2019-09-21 12:29:57.600987,118.44550901292563,119.93639168453453,116.50911466575855,117.88286885273178,5415908
2019-09-22 12:29:57.600987,116.84427511432303,120.00014311125085,115.91356595238818,117.13886820348907,5270991
2019-09-23 12:29:57.600987,114.5401235841066,118.47680811381126,111.94703797744667,115.95315408226799,9078296
2019-09-24 12:29:57.600987,117.60572098897009,117.89148467433728,114.90821195032534,117.2956685225031,8776216
2019-09-25 12:29:57.600987,118.16837464550757,120.16422748047886,114.62620879867346,117.8845703134557,5291147
2019-09-26 12:29:57.600987,121.2692356174139,120.83165706976165,117.92995082745534,120.60818375311887,4510450
2019-09-27 12:29:57.600987,121.74509241279317,123.7809419930465,120.15070153115089,122.74203170357414,2951239
2019-09-28 12:29:57.600987,122.61833949898225,129.28629489733981,120.28721634850741,122.90229716181176,6334662
2019-09-29 12:29:57.600987,124.06369692834083,126.67436647715571,123.6049607916106,124.09393752190468,9691322
2019-09-30 12:29:57.600987,124.46694613749675,124.92201620454713,120.28412274200105,123.50234048236017,5921392
2019-10-01 12:29:57.600987,123.93908538786285,129.19193315624585,123.99405211770488,124.58745255377065,6851482
2019-10-02 12:29:57.600987,126.31537143080804,130.41953910308425,125.17603084011525,126.54594862011459,2284394
2019-10-03 12:29:57.600987,126.88052458077067,128.33418532710866,123.83025543234861,126.33649450091838,5176709
2019-10-04 12:29:57.600987,124.54149466928797,125.79755195888835,121.71679735258411,125.3944517796864,4390185
2019-10-05 12:29:57.600987,123.7364084494277,123.8790750081179,120.74773790072958,122.66323128058187,9933273
2019-10-06 12:29:57.600987,119.39604456706675,121.30529416882518,119.61758049539117,119.8849957439909,7752867
2019-10-07 12:29:57.600987,124.00058463805917,123.82997687479813,121.60285729266094,123.15295239749149,3129570
2019-10-08 12:29:57.600987,125.55388113745613,127.58075692182426,124.87574338644086,125.13900712210129,8305671
2019-10-09 12:29:57.600987,125.87440734762114,128.03227811855555,123.68155751547961,125.0344195001862,7956352
2019-10-10 12:29:57.600987,127.24543357211509,127.88488026809536,125.3238643988109,127.03833640253592,8626850
2019-10-11 12:29:57.600987,126.61243763250891,129.57725818003425,126.72972725724475,128.05890652223982,7311170
2019-10-12 12:29:57.600987,132.24832610554392,132.79593361021352,130.97929560568343,131.63163356041764,6321949
2019-10-13 12:29:57.600987,132.70608237768354,131.66770894457298,129.19962425790294,130.50652726583178,9169095
2019-10-14 12:29:57.600987,131.12888702934092,133.78057474640093,127.70714007693658,132.04799102653448,2151409
2019-10-15 12:29:57.600987,132.18855993833603,130.55671508285604,127.6310418222223,130.18884876628942,7318657
2019-10-16 12:29:57.600987,130.4296590095569,129.73566799045872,123.69968097533447,129.37312262938318,4287548
2019-10-17 12:29:57.600987,127.54872847990454,127.80975091704073,125.11663295257465,126.10735209857053,4403501
2019-10-18 12:29:57.600987,122.55767440474492,124.63114078906439,120.11047048120325,124.26937993387146,8985434
2019-10-19 12:29:57.600987,125.19371243113206,124.7617640127847,119.32964773406333,122.58233883420678,2073661
2019-10-20 12:29:57.600987,118.74261697033066,120.74532593183947,117.73417073115223,119.86916634777917,2814166
2019-10-21 12:29:57.600987,118.57863873657764,120.28586743699672,119.90326281520976,120.1987534955742,5400976
2019-10-22 12:29:57.600987,117.95455592771022,121.22405997071466,115.05115973147691,117.44060576434951,1286904
2019-10-23 12:29:57.600987,117.30518865713839,121.2680653654557,116.12128652912101,117.36587510166407,7524816
2019-10-24 12:29:57.600987,119.52613384632949,119.99490309945463,117.43305965876424,119.1182576569673,8432760
2019-10-25 12:29:57.600987,114.76843188745588,117.49099120222583,116.12051518943672,116.38028699016735,8608875
2019-10-26 12:29:57.600987,117.14911176280387,119.05818694823074,115.06620585790185,116.08700631027793,3893281
2019-10-27 12:29:57.600987,118.24815849036725,121.24399443591837,116.2260831294999,117.76170661630016,8853157
2019-10-28 12:29:57.600987,118.03944694007502,119.53482967069729,112.26720321783057,118.01022453108973,9573907
2019-10-29 12:29:57.600987,119.24297076707818,123.82586957157764,117.59629868886542,119.79042957973103,3358871
2019-10-30 12:29:57.600987,120.63012324376518,121.86082114445985,120.74391541086918,121.12768595031,8457228
2019-10-31 12:29:57.600987,120.67174460872593,123.41389654447474,119.3162279764751,121.82644844222663,1391983
2019-11-01 12:29:57.600987,122.610226377161,125.96009640304564,121.94936083830166,122.073926476855,1952563
2019-11-02 12:29:57.600987,123.98256466948571,124.76727728846194,122.62342932347946,123.33988699801759,7240433
2019-11-03 12:29:57.600987,122.73973036791278,123.13542733214177,121.12703253292739,122.95856392010012,8817629
2019-11-04 12:29:57.600987,122.20699614477012,123.58151094201808,123.10946112346777,123.57930778116855,2376393
2019-11-05 12:29:57.600987,127.28489038648937,127.92268701710479,125.1169809119789,126.59488453455661,4444821
2019-11-06 12:29:57.600987,123.46603118490614,125.834393092828,121.91581384895827,122.63537916835269,7178349
2019-11-07 12:29:57.600987,124.37230865184328,125.85818377665362,121.37316549865402,122.39132442164458,2364557
2019-11-08 12:29:57.600987,122.2678964443008,123.38945978196823,122.39438914099894,122.55125195884729,6901922
2019-11-09 12:29:57.600987,120.16685173231299,123.24946554289343,119.36773720160727,120.88389806205738,1760518
2019-11-10 12:29:57.600987,120.27169414978378,122.42466714475187,121.39501591171658,121.65799226108368,4071146
2019-11-11 12:29:57.600987,121.37385417758647,124.59013710682952,120.55673514670289,122.25187684019826,6943760
2019-11-12 12:29:57.600987,121.99210349959353,123.59065953961307,120.03912594512178,123.04550981860848,5210248
2019-11-13 12:29:57.600987,123.52653292693651,122.39137270765006,121.1090473810289,122.34464190912766,2644626
2019-11-14 12:29:57.600987,119.90116115423287,122.88233379124107,121.609649358983,121.87207991806198,9503051
2019-11-15 12:29:57.600987,119.67077021700274,121.15228474528715,116.66596175233093,120.03261969488408,4046392
2019-11-16 12:29:57.600987,121.16339175883493,122.0691944722323,117.20818229454575,120.24961936317851,1342138
2019-11-17 12:29:57.600987,122.57741014009456,123.27557629524927,122.62849367279225,122.96696202653364,4166572
2019-11-18 12:29:57.600987,127.11218251334783,131.4825373922205,125.17630806523835,126.00712479900517,2313612
2019-11-19 12:29:57.600987,123.62286382382061,126.43693935316766,123.9841395652189,124.83494948470923,5009546
2019-11-20 12:29:57.600987,124.2850982198986,124.39056762457024,122.2056715636322,124.20091723868077,1990043
2019-11-21 12:29:57.600987,126.18009322960388,126.73368621408632,124.79416499146643,126.02113016788738,7095357
2019-11-22 12:29:57.600987,123.3903809993046,125.30059653407048,122.98824348926473,124.59801377443107,7994536
2019-11-23 12:29:57.600987,126.7741095314662,125.93348333387229,124.08195485688003,125.7047897702733,8879027
2019-11-24 12:29:57.600987,124.2773866315145,126.33589809712424,121.34235617567111,124.01739064503462,6760704
2019-11-25 12:29:57.600987,121.3224386116203,124.45637042420374,117.85972317985653,119.76073452260786,6476963
2019-11-26 12:29:57.600987,119.44762304722572,119.35445465808417,117.47900993210662,118.5475974896651,1434552
2019-11-27 12:29:57.600987,119.11763051795332,120.7716914103889,115.58276020903587,120.24306851055722,5442452
2019-11-28 12:29:57.600987,121.37295861274343,121.84417479949916,119.38609699239188,119.9947623853059,3291058
2019-11-29 12:29:57.600987,119.56653264531205,121.11153565193119,118.12051573715617,119.28778328210097,9748486
2019-11-30 12:29:57.600987,117.67068797174812,119.35243976222627,116.35258075528586,118.35314313042556,9345877
2019-12-01 12:29:57.600987,117.171558908917,120.32192096242454,114.6126165602167,116.69684181005054,9706672
2019-12-02 12:29:57.600987,118.67592264401938,120.50324079951669,117.83148886197868,119.74060323706168,9944405
2019-12-03 12:29:57.600987,119.06251218341484,118.83047747329866,115.42645221488456,118.46333626385562,1246815
2019-12-04 12:29:57.600987,117.78168559974966,119.9982138505983,116.84500611785195,118.06437546216017,8689619
2019-12-05 12:29:57.600987,116.15201369168152,118.20041572371778,115.98953638491189,117.10132280140813,6851248
2019-12-06 12:29:57.600987,115.92399652652723,118.58315591604514,116.7358213562712,118.17735888586557,7668400
2019-12-07 12:29:57.600987,119.87523614967252,118.87991148597298,118.67420645634388,118.74177294229908,2881500
2019-12-08 12:29:57.600987,119.95401935454544,121.97698943160145,119.2816751283101,119.59836002360379,2444888
2019-12-09 12:29:57.600987,117.00603457015427,118.47876162374592,116.99169427248555,118.14757437135195,7105401
2019-12-10 12:29:57.600987,114.70575308375962,115.63997737512177,110.89511113980409,115.57205705375966,7664415
2019-12-11 12:29:57.600987,113.1828214824543,116.5766502002484,112.01383282181874,112.68571514565977,7982219
2019-12-12 12:29:57.600987,115.11690230495535,116.54065136218739,114.40263960601106,115.62433440205419,5678125
2019-12-13 12:29:57.600987,112.438029359212,113.738219406389,111.79948609668499,112.8217675745197,2117370
2019-12-14 12:29:57.600987,114.90125544314401,116.25209084107847,110.98841560922482,114.4277966654599,8164757
2019-12-15 12:29:57.600987,113.01531255171402,115.94267170512975,110.53404608539203,113.25183957908101,7909826
2019-12-16 12:29:57.600987,115.15706739188843,116.08657185949576,114.62528483643209,115.36768507048915,1225273
2019-12-17 12:29:57.600987,116.89038007112924,119.19269956863673,117.7421189867997,117.81272446181343,9053024
2019-12-18 12:29:57.600987,117.38382487053259,119.82580943759234,118.27831860189322,118.29175160204178,5305435
2019-12-19 12:29:57.600987,116.88242787580317,116.85979193018515,112.25580670914792,115.78139045200986,2184359
2019-12-20 12:29:57.600987,119.06202588607208,118.71869351756624,115.9030464944693,118.11535825474486,2498545
2019-12-21 12:29:57.600987,121.9024298009786,122.37397810518173,120.82908801090747,121.28305042559153,4812014
2019-12-22 12:29:57.600987,122.01398621355,123.71702370697594,117.2270153467618,122.6952921458087,4737624
2019-12-23 12:29:57.600987,124.56976832055788,125.50430219256367,124.42102971934249,125.29659150248088,3327014
2019-12-24 12:29:57.600987,129.0645628149858,130.20370766200585,128.73184026904934,128.75584219619188,7014444
2019-12-25 12:29:57.600987,126.54123488861927,129.1947025191477,125.02913637417994,126.808586658099,6598006
2019-12-26 12:29:57.600987,125.02841484383805,127.33998939070622,123.94898279416819,125.60067100314365,2428208
2019-12-27 12:29:57.600987,124.55821799379221,124.59106862693032,121.20589051023141,122.73479537255534,7330854
2019-12-28 12:29:57.600987,119.42495627271094,121.26594026094746,119.97889147915353,120.46755379535932,2620328
2019-12-29 12:29:57.600987,121.27952212430675,125.15559598322305,120.7421765872717,121.95995749499157,3921384
2019-12-30 12:29:57.600987,123.40278075130533,124.65843481212218,123.15663881666188,124.57302282240951,4772409
2019-12-31 12:29:57.600987,125.0110392730556,125.97557641254656,122.3090210066672,124.30900310953129,4180650
2020-01-01 12:29:57.600987,120.51324536433165,123.78354207556993,119.38537690762969,122.04878447477203,5249625
2020-01-02 12:29:57.600987,120.57895631615516,121.77758336481837,119.73517516672257,121.22991583357476,2535050
2020-01-03 12:29:57.600987,122.33919159701084,124.17737849656912,122.2657507804498,122.71455725857336,8029146
2020-01-04 12:29:57.600987,122.55828183502277,123.61746184454523,122.53943600073934,123.03872263468642,1621373
2020-01-05 12:29:57.600987,121.95461938577641,122.89840836613374,120.37263316247501,121.80363980005833,3166733
2020-01-06 12:29:57.600987,122.16403830658167,126.1936464221032,117.38251180589239,122.42063379683196,5863817
2020-01-07 12:29:57.600987,124.95369504035106,127.303930913355,125.80050684175073,125.83581129668956,3755994
2020-01-08 12:29:57.600987,132.23182629050754,131.73531706569116,129.29659433170852,130.70583974035992,5005370
2020-01-09 12:29:57.600987,131.72093691727045,133.20593056762726,131.29185232649635,132.74299852453998,3770850
2020-01-10 12:29:57.600987,132.37100234367202,134.4394882792006,128.98683564089546,132.97409545284575,2532051
2020-01-11 12:29:57.600987,130.9707352812176,137.4924185050922,131.58268694414403,132.53554736838456,5204632
2020-01-12 12:29:57.600987,132.13011255497267,131.72075555963454,130.593858387284,131.61891077254194,1197923
2020-01-13 12:29:57.600987,130.80806619708127,134.82135082702135,127.0594312139341,131.41180632767242,7717217
2020-01-14 12:29:57.600987,130.36438748383839,130.7746317830531,128.54531669471015,129.66083198103723,6513972
2020-01-15 12:29:57.600987,131.32583515680665,132.60308851465888,130.68659079188174,131.45830993282075,3997156
2020-01-16 12:29:57.600987,132.8347532908308,133.32338640525143,128.14282516210358,131.57059924275566,9259855
2020-01-17 12:29:57.600987,132.79122391260634,133.82145804244047,130.20740359547716,132.1286435039802,2138350
2020-01-18 12:29:57.600987,136.6039306700453,134.7721857982905,133.90770962947627,134.13527904286772,4574264
2020-01-19 12:29:57.600987,132.25486604377025,136.16280719818207,131.93272777971603,134.81266667006616,8373344
2020-01-20 12:29:57.600987,134.81804011075434,136.3860146742129,135.39038146938836,135.9840994195447,8360285
2020-01-21 12:29:57.600987,137.0324520669658,141.4645080448867,136.62925032395944,137.09516725586684,6056234
2020-01-22 12:29:57.600987,131.843866663801,133.13344628251707,131.00104843450072,132.8210529648118,2637910
2020-01-23 12:29:57.600987,132.6307612107829,134.03308868673793,129.382910121813,130.59269989658705,5257079
2020-01-24 12:29:57.600987,131.75930695120547,131.64515528638117,127.34754440049119,131.2722900157614,9407952
2020-01-25 12:29:57.600987,128.80181110179444,130.00187936318687,128.6695153473212,129.97128850520434,8019418
2020-01-26 12:29:57.600987,131.37495812699748,132.86626231788503,129.81343316542805,130.32373026654835,3439610
2020-01-27 12:29:57.600987,132.21409148579986,133.6653605421771,131.3687636172061,132.42342290988213,9224412
2020-01-28 12:29:57.600987,135.1585838568078,135.62958803097723,133.66476686508838,134.7957428593981,3971515
2020-01-29 12:29:57.600987,132.82988997508264,134.29660403721888,132.21419347921625,133.1870663002538,7773640
2020-01-30 12:29:57.600987,134.54927334863504,135.6599876470904,134.16119747598108,134.30467488407385,4802522
2020-01-31 12:29:57.600987,133.67606447969197,133.96800410202965,132.0219030675762,132.0562385525386,5725091
2020-02-01 12:29:57.600987,134.1014675914996,133.6718179234955,132.78854487157741,133.05140105091021,8277642
2020-02-02 12:29:57.600987,129.9447261981165,133.59039994279675,130.8786448844651,130.96670483935856,7953071
2020-02-03 12:29:57.600987,133.3879291569218,133.73244862362287,131.81366482644577,131.96192886492673,1608370
2020-02-04 12:29:57.600987,132.4824669940457,134.16486058942618,131.56370266478214,131.97471130992645,5294455
2020-02-05 12:29:57.600987,130.2084485120585,132.0341615039273,128.2610886634895,129.94690482656173,4596856
2020-02-06 12:29:57.600987,129.24948917139795,131.27938661606353,128.8794276781661,129.53165706104315,8919677
2020-02-07 12:29:57.600987,127.5538359203061,129.97297488128487,127.59821698183767,128.71086380590938,7245661
2020-02-08 12:29:57.600987,124.29963772956269,126.93399425796252,122.2125059748349,124.7435394793053,6995015
2020-02-09 12:29:57.600987,125.09557566059058,127.28024708188731,123.11503010615482,124.29890634415463,9646518
2020-02-10 12:29:57.600987,122.80385018075583,122.27993747724842,121.59526192596769,121.91552674556604,3676657
2020-02-11 12:29:57.600987,119.44813733945435,120.45052861320394,119.74322946416365,120.21105262703581,1469001
2020-02-12 12:29:57.600987,122.29352693604599,123.59056757044814,119.24143728824966,122.27458081471757,9157180
2020-02-13 12:29:57.600987,118.86058976828741,122.31469715477168,115.85355319979048,119.08945785148123,1048101
2020-02-14 12:29:57.600987,119.4856819790853,118.52681145188558,116.816210494781,117.43333924250352,7802808
2020-02-15 12:29:57.600987,118.13879702565958,118.77018539792267,115.33212141746307,117.331090660353,7681008
2020-02-16 12:29:57.600987,116.11344288907532,119.17520263998989,116.55145143198698,117.1468402355038,7448340
2020-02-17 12:29:57.600987,115.21050457772344,117.5730782050429,113.6932400100355,115.1662343638483,6552122
2020-02-18 12:29:57.600987,115.12568003700733,116.15014758158785,113.65722919535942,114.34752912319611,8388620
2020-02-19 12:29:57.600987,116.69001270587151,116.872256380476,116.83154496973529,116.86545486916502,8204839
2020-02-20 12:29:57.600987,114.25612740661728,113.91693630261817,112.24460588643704,113.67957749820577,5961043
2020-02-21 12:29:57.600987,110.0734992816384,112.66788993656847,111.22437955791636,112.11387583217805,2632920
2020-02-22 12:29:57.600987,108.62459898186383,110.6870134773626,107.27506682729538,109.55571894857043,2329097
2020-02-23 12:29:57.600987,110.75377364442149,109.98532068460759,106.06249553107014,109.01593639923964,4936442
2020-02-24 12:29:57.600987,107.00553287640275,107.41817268397763,105.81833256239076,106.72637271708565,7200205
2020-02-25 12:29:57.600987,103.9738333326236,106.47292407056773,102.1422343868112,105.06517085591976,6141988
2020-02-26 12:29:57.600987,103.31692554486347,104.07014040834218,102.30228873770182,103.84086680179927,3954337
2020-02-27 12:29:57.600987,102.11298939430895,103.5058632620899,102.829586581396,102.93551856534145,4402127
2020-02-28 12:29:57.600987,102.22008105753018,104.88812421695269,101.62344542347468,101.89411323601627,9363529
2020-02-29 12:29:57.600987,100.37633820063036,100.63251489644806,98.79752588036834,99.06556152568615,2208451
2020-03-01 12:29:57.600987,99.93357559061705,100.95318154552155,98.34231684135837,100.10197515945848,4315668
2020-03-02 12:29:57.600987,101.13269424610141,102.21045744374368,100.6458620524569,101.10447553429941,2713477
2020-03-03 12:29:57.600987,96.57531676090616,99.7471626958341,98.00691202882673,98.40320463684358,8784002
2020-03-04 12:29:57.600987,94.617148949476,98.55481099255093,92.11677994572563,95.641191046892,5558178
2020-03-05 12:29:57.600987,94.61417382620948,95.17430730514984,91.20371256713919,94.0765085409853,1913414
2020-03-06 12:29:57.600987,94.27088081162843,94.95697845885988,91.21982036606782,93.63936776161852,4652686
2020-03-07 12:29:57.600987,92.94025648721673,96.73125546533957,92.67530090234793,93.68950169649742,2376025
2020-03-08 12:29:57.600987,98.70351311424113,99.85816409790654,95.75507634263371,97.69588791780147,9283625
2020-03-09 12:29:57.600987,99.70906042638269,98.7097903137875,95.83430204632252,98.63554169882975,6517787
2020-03-10 12:29:57.600987,98.56512629713446,102.37366166230575,96.12150263682467,98.59856057908743,3344901
2020-03-11 12:29:57.600987,95.41312324698522,99.28359149772226,94.66883890997123,95.4061867527126,6991541
2020-03-12 12:29:57.600987,95.78780686094974,96.80524235686556,93.41072157274957,94.18969874312114,5682822
2020-03-13 12:29:57.600987,94.84171238211533,98.65841712272803,94.18903446793658,96.08306093153571,4496297
2020-03-14 12:29:57.600987,91.48913157745216,94.88600076419567,89.19648774082977,90.92703157839216,2543791
2020-03-15 12:29:57.600987,89.52945016560845,90.63368735786686,89.13183802955878,89.28524096167205,7521482
2020-03-16 12:29:57.600987,86.09459890342202,89.68026858990851,86.6708882954882,88.69768581741704,8828465
2020-03-17 12:29:57.600987,84.74079478805507,89.55278779131433,85.48226986069963,86.21032260920302,5852489
2020-03-18 12:29:57.600987,88.58125169139583,89.82002950600139,85.26864579323913,87.78452366710758,2847112
2020-03-19 12:29:57.600987,90.04921335657687,90.32757104764244,88.79802673021737,90.20197954032705,1939692
2020-03-20 12:29:57.600987,90.087121723595,93.4284598606204,91.28175186440629,91.59770949929526,6334245
2020-03-21 12:29:57.600987,89.65480250969492,93.2916969660769,90.44502704904912,91.06100243163921,6978835
2020-03-22 12:29:57.600987,90.18038924393171,93.69857821244213,86.3544859108906,91.24986712092752,9041117
2020-03-23 12:29:57.600987,88.404854969177,89.37267962603048,86.76599104446701,88.58154204644106,6449586
2020-03-24 12:29:57.600987,90.86714428178554,91.68758385607681,87.627755957345,90.27168641190465,1237598
2020-03-25 12:29:57.600987,92.91236166227546,96.79635169916168,92.5529617648965,94.39105082486795,9822240
2020-03-26 12:29:57.600987,92.78099152387237,93.30239353417628,89.62923787457969,93.30093050932116,3395639
2020-03-27 12:29:57.600987,91.58858033770494,94.32819059804827,91.55861236641007,93.75253052988863,4984978
2020-03-28 12:29:57.600987,93.25350319799125,95.23395035498419,91.49186161308594,93.46444498529118,3006177
2020-03-29 12:29:57.600987,91.8798047605819,94.50441022476943,91.08764837426098,91.71465078431206,3608803
2020-03-30 12:29:57.600987,94.80131571020479,97.68752543534316,93.24275318663929,94.30278808601754,4070942
2020-03-31 12:29:57.600987,90.6373588393687,93.38357561962837,90.03045087421614,91.31382483819978,8514504
2020-04-01 12:29:57.600987,90.67970671747207,91.88721760084034,88.79885217165041,90.67123075835246,5156735
2020-04-02 12:29:57.600987,88.47385174338635,87.92682561412644,85.25354371255949,87.63956555466447,4123756
2020-04-03 12:29:57.600987,91.55245236128879,91.59986740982247,88.37819015499157,90.2361194081718,8405327
2020-04-04 12:29:57.600987,91.40362673294567,93.55364602460364,91.47270350860136,91.54882095722684,3052112
2020-04-05 12:29:57.600987,89.88506976135729,89.38085999977422,86.57397060617033,88.07730659261802,7061519
2020-04-06 12:29:57.600987,89.02884887487826,90.10995017343141,87.34934951912393,90.09454193674807,9849102
2020-04-07 12:29:57.600987,89.17298387716963,91.93988408450414,89.7242489164788,89.87342663515507,4355001
2020-04-08 12:29:57.600987,88.31987069550951,91.94496066385061,86.4381920982158,87.76113481970094,9211528
2020-04-09 12:29:57.600987,87.63257729829122,88.78869300599537,87.68271974062912,88.71268331988975,8416717
2020-04-10 12:29:57.600987,93.08159179246643,96.01588904379685,91.73387909781945,92.85301167088542,6376692
2020-04-11 12:29:57.600987,90.9136620591267,92.25560718520786,89.18865098041313,90.05933817289325,6145679
2020-04-12 12:29:57.600987,90.7404701507253,91.86155906585586,88.7602230229289,90.80407908839793,8826268
2020-04-13 12:29:57.600987,88.74466513078423,90.50748541123886,86.21506373840771,89.68540101951633,1790985
2020-04-14 12:29:57.600987,90.17216617686924,93.31921649051057,89.90258601823093,90.80269907162231,2926613
2020-04-15 12:29:57.600987,91.79254757671133,90.93249992095346,89.01064667163189,90.35749901418751,8556816
2020-04-16 12:29:57.600987,91.37321606031803,93.47740003836593,91.22384514467407,91.44549413259246,4364767
2020-04-17 12:29:57.600987,92.24872975912805,91.63419211138567,90.2497877034607,90.56953849959396,4194120
2020-04-18 12:29:57.600987,87.75952614460586,91.5304443564245,86.83703391946946,88.11168355577996,2232381
2020-04-19 12:29:57.600987,94.1216839472022,94.18577368007497,89.82452510629469,92.89991660226963,1405244
2020-04-20 12:29:57.600987,95.38721658490827,95.66569521783157,92.95179191171219,94.65955428061473,8513221
2020-04-21 12:29:57.600987,94.6349146387186,96.85131234769257,92.09962502089935,94.51582686320849,7469184
2020-04-22 12:29:57.600987,94.42177550890979,97.8770865941657,91.2722237762688,93.0539381709727,3298835
2020-04-23 12:29:57.600987,89.94567528536574,91.53773946960654,85.09851690544048,90.21673449328578,4241055
2020-04-24 12:29:57.600987,90.42625040340322,95.72767596397985,91.9126774910705,93.33188301571506,4033164
2020-04-25 12:29:57.600987,90.71812596076443,90.04474412077397,88.08801785940017,88.64588289330688,6277038
2020-04-26 12:29:57.600987,93.09237525436114,92.9426498199608,86.99891580889825,91.9919873029566,7321463
2020-04-27 12:29:57.600987,93.2231973924435,94.81837158305177,91.021431284185,92.28777736024047,5396891
2020-04-28 12:29:57.600987,96.13473090627255,96.15557568460369,95.30757346825224,95.87106318022516,8589968
2020-04-29 12:29:57.600987,95.80229560157902,96.96994018606189,92.19290429485721,94.4657128661334,9950431
2020-04-30 12:29:57.600987,95.25995503534753,97.81234841932242,94.65520144104725,96.64645489898223,1540130
2020-05-01 12:29:57.600987,98.23518259325114,98.928240725366,94.158864353138,97.26079847418777,4658017
2020-05-02 12:29:57.600987,96.60020064891181,100.41715568243391,96.84453844442265,96.95431465539029,9043462
2020-05-03 12:29:57.600987,100.01016540442467,103.64601605147197,99.74004861429864,101.04518945449736,8651123
2020-05-04 12:29:57.600987,103.85388154340833,104.768003217515,99.01084790601983,101.8798341305616,3215769
2020-05-05 12:29:57.600987,101.45546054688783,107.82663211630408,101.56513415893883,102.23318310257648,7561259
2020-05-06 12:29:57.600987,101.06947422503882,103.22972958711591,98.14812079585785,101.97687531593778,6847492
2020-05-07 12:29:57.600987,100.59742796653637,101.95260901043943,99.5879896099713,100.50939766515079,9283204
2020-05-08 12:29:57.600987,101.01183320827715,103.40757624894925,98.41817353977564,100.23895486978446,5254424
2020-05-09 12:29:57.600987,98.55180845148807,101.44469259127821,97.61561932833648,97.81907234078983,8816142
2020-05-10 12:29:57.600987,96.64324729332935,97.8653522404007,97.60020738864101,97.81353463805682,6570662
2020-05-11 12:29:57.600987,99.04509414690679,100.70626027834255,98.23920215560996,99.40013364488797,1568618
2020-05-12 12:29:57.600987,103.1431012262139,102.57069991613793,100.80102963925498,101.76586433019898,2498470
2020-05-13 12:29:57.600987,104.44438919905978,105.60847339152646,103.56592289419493,105.04735518117236,9308408
2020-05-14 12:29:57.600987,105.03716382076455,110.25630463274953,105.32065744698913,106.4615378272529,2725355
2020-05-15 12:29:57.600987,103.14329907710673,104.10913652334558,99.89260619544862,102.21857037599256,5639075
2020-05-16 12:29:57.600987,103.28238637822484,103.70312038291858,102.34245367495825,103.2841144248679,5189494
2020-05-17 12:29:57.600987,103.28361857683409,107.53137662137522,99.25409082144888,102.9857715836931,7841350
2020-05-18 12:29:57.600987,104.34168198707589,105.18233605480107,102.93911718417192,104.45377259180518,8582905
2020-05-19 12:29:57.600987,104.91091094170076,107.77479303805947,104.51773588273691,104.54280135608613,8896060
2020-05-20 12:29:57.600987,104.04942384032533,104.27053142217021,102.80478673287561,103.30093457190111,5450620
2020-05-21 12:29:57.600987,102.63817086174784,103.16036197920695,101.74842709825997,101.9211980803535,1310114
2020-05-22 12:29:57.600987,101.2707898796481,105.8558749280797,102.64500581129658,103.02194800963265,4833396
2020-05-23 12:29:57.600987,105.62606928781251,109.79231384880185,104.6263673821148,104.66711578256097,9085697
2020-05-24 12:29:57.600987,105.79896397674463,106.54689165129209,102.48413697708816,104.64492043566487,2127583
2020-05-25 12:29:57.600987,106.34882303651433,107.20537554334103,104.95659628838627,105.80782091860891,8120336
2020-05-26 12:29:57.600987,104.75695207631145,106.5108789898013,105.04113776761466,106.50034092231533,7563836
2020-05-27 12:29:57.600987,105.67322823182532,107.38535424449125,103.59907216731791,105.28455014887251,2452940
2020-05-28 12:29:57.600987,104.65252693893409,106.44044171246311,101.78198096426608,105.5771107514,3266729
2020-05-29 12:29:57.600987,103.25607933998873,108.70379480825122,100.97711883448852,104.41674889587445,2204951
2020-05-30 12:29:57.600987,105.1538127038021,106.16855681789076,102.90679910217558,104.15264594744953,2808917
2020-05-31 12:29:57.600987,100.29565748621198,100.83137215884344,97.11092041721636,99.8156575630239,8945257
2020-06-01 12:29:57.600987,105.51380312644677,105.53045285847111,100.73061349254506,102.52103759378514,6359913
2020-06-02 12:29:57.600987,102.21464290311926,104.06901050921546,101.74477266807403,101.78805540869347,1516371
2020-06-03 12:29:57.600987,100.34085350787412,101.24237156433918,99.72057925089442,100.69088452134046,8452570
2020-06-04 12:29:57.600987,101.67631854672138,103.28392782738788,101.65856843486065,102.20636442479417,6768984
2020-06-05 12:29:57.600987,100.46453528884547,100.8384393317591,97.9691959432984,99.63731601608609,4153234
2020-06-06 12:29:57.600987,96.6675255943508,98.34675598436854,93.402844915425,97.23120068453724,8279041
2020-06-07 12:29:57.600987,98.16348435119879,100.59446013432705,96.94936025587876,98.57996014915966,9903035
2020-06-08 12:29:57.600987,100.41443126516936,99.48001430903055,95.67630073304,98.08338081304815,5038791
2020-06-09 12:29:57.600987,100.77352639074768,100.93813457775373,99.52046974918967,99.97766591037691,7489796
2020-06-10 12:29:57.600987,99.49156963374321,102.07992118443933,97.70310023414613,99.8826488656953,3308690
2020-06-11 12:29:57.600987,98.32737029109948,99.12991550994097,98.05794067025859,98.50193824985415,7606273
2020-06-12 12:29:57.600987,96.72080118184746,100.5458247618388,92.84419297979372,94.94466769598519,5963166
2020-06-13 12:29:57.600987,97.98334126932168,100.3938749409667,98.23701183884315,98.47526478023372,7045800
2020-06-14 12:29:57.600987,100.83320770793513,102.73226248224776,97.12276482444075,100.49765755045311,7540816
2020-06-15 12:29:57.600987,97.70031650552554,98.22297415377746,95.11362340611058,97.66539940451607,6956991
2020-06-16 12:29:57.600987,97.22344075012553,98.3509849948044,97.01456648647459,97.80497654960037,5967666
2020-06-17 12:29:57.600987,99.37580735524136,101.52843875027386,98.30210179896876,98.42663739732753,9855803
2020-06-18 12:29:57.600987,99.63923215141288,98.64282968492145,91.9121187676403,98.04436501541227,5138094
2020-06-19 12:29:57.600987,98.28466461856603,100.10530493506307,98.33855403340772,99.24053864659423,9229307
2020-06-20 12:29:57.600987,97.23814706370432,100.11429670802232,95.77557135903965,97.80553098985294,4426408
2020-06-21 12:29:57.600987,95.512335290998,97.30943319553907,94.59069920855765,96.0913015163749,6002550
2020-06-22 12:29:57.600987,95.7128959926467,96.55027104934268,96.25812114843615,96.37784058750331,6568627
2020-06-23 12:29:57.600987,94.73500284162175,95.6743873467141,93.34495225777813,94.6896114012998,1101533
2020-06-24 12:29:57.600987,91.9624650317998,93.0355694118673,90.10370220391086,91.62271108031298,9357922
2020-06-25 12:29:57.600987,91.89728908117019,94.28738421221247,91.96477516949264,92.93945625928781,7455272
2020-06-26 12:29:57.600987,92.08907516501257,93.39542952479749,88.6437425586751,92.1936977385414,8077420
2020-06-27 12:29:57.600987,88.28020420415908,91.74305959420522,89.66432151866739,90.17311444032794,9947903
2020-06-28 12:29:57.600987,86.88199809634106,90.27405668953986,82.97739751706372,86.95707455472768,2226051
2020-06-29 12:29:57.600987,86.65430249877487,86.62633298221732,85.7421489777167,86.46845342702079,2079506
2020-06-30 12:29:57.600987,88.98787866335212,88.42602122779726,86.34764639895906,88.1843722969943,8591295
2020-07-01 12:29:57.600987,88.87857297728686,92.15000436436826,85.77432889532557,88.35915237278863,9231302
2020-07-02 12:29:57.600987,86.39255904855126,89.80914524216487,87.41741895600617,87.43964918888105,4610119
2020-07-03 12:29:57.600987,89.6236086136976,91.22504101850899,88.62296771473592,89.07144376040846,2370101
2020-07-04 12:29:57.600987,88.16378745874002,88.15362513182745,84.75263086483517,87.17274939219243,3607075
2020-07-05 12:29:57.600987,85.14886602922026,86.54292952139534,85.71500223258842,86.13972731308245,7245713
2020-07-06 12:29:57.600987,86.19040346814572,88.16872053770285,83.64137304745837,86.03677745826079,3687075
2020-07-07 12:29:57.600987,84.41789909630523,85.95137190138084,84.01214423160728,84.55617378611429,8118679
2020-07-08 12:29:57.600987,86.41831365182595,87.29663874611768,85.41929504965002,86.91285695616651,2537179
2020-07-09 12:29:57.600987,86.21945871117161,87.94818197273874,84.36027851466778,85.89530979565973,4625457
2020-07-10 12:29:57.600987,86.16274152801361,87.40517281878033,86.78916807783146,87.05434990858096,3582952
2020-07-11 12:29:57.600987,85.78246003850246,88.6005237217149,83.09674994525436,86.5360608685799,9074435
2020-07-12 12:29:57.600987,90.28892648489064,90.59725251029792,86.876621527883,90.15431907520724,2526904
2020-07-13 12:29:57.600987,87.11248193376743,89.91002193255783,83.89748483712155,87.24069175479613,6863366
2020-07-14 12:29:57.600987,88.27073669979083,90.81153295066738,85.75359115474656,86.46519389629731,3864471
2020-07-15 12:29:57.600987,87.66878779352987,90.38280005762394,86.5406312162555,88.66231952942287,3954078
2020-07-16 12:29:57.600987,87.92205022294736,89.36742981312618,87.09006304949037,88.40349689288949,2204960
2020-07-17 12:29:57.600987,89.50183277617556,90.81395970182069,88.1345139000759,88.52460349067113,6355842
2020-07-18 12:29:57.600987,90.61471365424269,94.55528410747135,88.54697444720779,89.90466685611507,5371712
2020-07-19 12:29:57.600987,88.43516959260072,93.20440105744923,89.26391073593705,89.78958398921625,3203108
2020-07-20 12:29:57.600987,89.93085627384153,92.26498933754425,90.27292547622443,90.73720772124588,8312715
2020-07-21 12:29:57.600987,92.00965221958086,91.99155394852019,88.27857970351849,90.61983852496081,3089074
2020-07-22 12:29:57.600987,84.1189938281794,85.12327893600374,82.8640238988462,83.97738832370966,4519771
2020-07-23 12:29:57.600987,87.96585765053474,88.00056620446016,84.84741587076921,87.74847428124598,2728845
2020-07-24 12:29:57.600987,87.72649046455646,88.57047409112279,87.53812158967463,88.48400147737986,7663153
2020-07-25 12:29:57.600987,85.77993215800625,85.0167453833959,84.5115925525275,84.86984447406263,2587171
2020-07-26 12:29:57.600987,82.2616240197902,85.23563456734571,82.43378894657413,83.33152761548467,6649651
2020-07-27 12:29:57.600987,79.75177957630746,81.71978104717867,80.61078756018715,81.07458815771817,7059690
2020-07-28 12:29:57.600987,80.81064045845207,81.98551610692064,80.13041973324223,81.76467357936352,7072413
2020-07-29 12:29:57.600987,82.44288127569024,85.3220427788216,80.52979820916228,82.17455266667899,3996473
2020-07-30 12:29:57.600987,81.99637305421267,81.71226158587535,79.99285503793328,81.55108016225928,1657678
2020-07-31 12:29:57.600987,81.56984967389457,88.26763167349016,81.37413464633224,82.00284258071387,8940626
2020-08-01 12:29:57.600987,75.66247807802723,77.94924970245661,75.93572353245204,77.27876476750319,4020432
2020-08-02 12:29:57.600987,78.68735447926503,78.22283818832543,74.64193604178776,77.58787267619738,7632848
2020-08-03 12:29:57.600987,77.52831918096823,80.4152949843093,75.19188801218542,77.66027216330568,7915351
2020-08-04 12:29:57.600987,74.65255038476631,78.31125540856247,74.64496698868747,76.21298331000918,1399929
2020-08-05 12:29:57.600987,74.47283586298971,78.7403224993982,73.68959656221726,74.12130762885329,9793536
2020-08-06 12:29:57.600987,70.12478904363158,70.88034224286956,69.98820711890671,70.81178860372054,7890136
2020-08-07 12:29:57.600987,69.06857454594154,71.0903261342459,68.89824277481237,70.11902237696258,7884937
2020-08-08 12:29:57.600987,69.5146487238035,72.2927834103919,69.4951592491254,70.53372405449969,6421978
2020-08-09 12:29:57.600987,72.23226187982465,76.15557615051296,72.13458191153217,72.49562682271643,9981948
2020-08-10 12:29:57.600987,68.08407119065045,69.5069452620137,68.50255244135643,69.11842038167933,9898794
2020-08-11 12:29:57.600987,70.73252813643653,73.56396410420993,70.09990527464791,71.56873808402057,8225287
2020-08-12 12:29:57.600987,73.32712280904977,74.12485510533365,70.95566010074005,72.87474070768654,7990304
2020-08-13 12:29:57.600987,72.69854547236487,75.243668508771,72.58466127681612,73.17221348334395,1159512
2020-08-14 12:29:57.600987,76.69950567484833,77.24345472676819,76.08919971248696,76.25389169943469,5707747
2020-08-15 12:29:57.600987,76.4438447144594,78.6087467658185,74.81345745214028,75.79573564168282,9231994
2020-08-16 12:29:57.600987,73.63927703815764,77.5139961402095,73.52187128438767,74.09236493050733,1795698
2020-08-17 12:29:57.600987,74.44617198274051,75.00417896801746,71.17981470813443,74.01269311193823,9214203
2020-08-18 12:29:57.600987,73.32008587500447,76.83834141138139,74.16756878135757,74.64546730456685,6051306
2020-08-19 12:29:57.600987,76.61192117372346,79.89340824977792,75.8257032717147,76.84500835512216,6552892
2020-08-20 12:29:57.600987,79.35566624920641,81.4928991029526,75.55153643401006,79.1250806885484,1923847
2020-08-21 12:29:57.600987,79.19735241201275,80.56304009115816,80.12609914801749,80.19190660020766,5999722
2020-08-22 12:29:57.600987,80.42651155625202,82.95274768077786,80.86272402679914,81.45145735231412,6284844
2020-08-23 12:29:57.600987,85.08830428389977,85.36728070330079,83.16367004849182,84.73752187479846,5765919
2020-08-24 12:29:57.600987,89.79367573730144,91.50202255057191,85.20676045282869,90.19479714431398,1869933
2020-08-25 12:29:57.600987,90.38007280373607,92.30240467144888,85.96026750993357,90.68014441974049,8275079
2020-08-26 12:29:57.600987,91.60872802881599,91.97579982085776,89.33387586295662,91.42830009292416,6341672
2020-08-27 12:29:57.600987,93.87086879042396,93.89439390446151,92.71481186395835,92.95805094163498,7843293
2020-08-28 12:29:57.600987,91.2115664253162,92.44000978557754,90.94877906538224,92.30461860743986,9368281
2020-08-29 12:29:57.600987,91.7516294868416,92.80501737779343,88.3336039798322,92.00372661927584,5792700
2020-08-30 12:29:57.600987,91.86593749164857,93.23589008355613,91.18736358373728,91.6548853871395,7492295
2020-08-31 12:29:57.600987,93.01485362300966,96.52496634322173,91.85109641069263,93.37531811731783,2139775
2020-09-01 12:29:57.600987,94.36100461575369,98.82329833011612,94.72650360585223,96.50442072123076,1143869
2020-09-02 12:29:57.600987,94.17538777166007,96.49252475838551,90.26827523640243,95.46092084937041,2895086
2020-09-03 12:29:57.600987,94.6464093836241,93.96841653678136,92.73655214853319,93.42527751447923,8012075
2020-09-04 12:29:57.600987,96.76338889459943,100.2869318718371,93.78876201458945,98.37905437282356,8630478
2020-09-05 12:29:57.600987,102.66058211106714,101.82033428763883,100.5019522027881,101.09618933068734,3623552
2020-09-06 12:29:57.600987,105.90108290029636,107.60235210760911,103.74460301326451,105.61414499289917,7692872
2020-09-07 12:29:57.600987,108.67772604515127,106.96614133473992,104.2249003550906,106.53680767736586,6485282
2020-09-08 12:29:57.600987,109.24173769122086,111.2139163312035,108.66400721831054,109.58590017731456,3707374
2020-09-09 12:29:57.600987,107.5404272314717,109.71762927607875,108.47986934292399,109.15626985442935,4863625
2020-09-10 12:29:57.600987,112.25712861141808,112.84153516457894,111.49176635464596,111.94034639805874,6503298
2020-09-11 12:29:57.600987,110.03427523318841,111.72551406855604,110.89592258564684,111.3246882390038,9780017
2020-09-12 12:29:57.600987,106.81040018961319,110.62948914943628,105.90959681264803,107.43393488584864,2744525
2020-09-13 12:29:57.600987,103.62231659784366,108.57843997086664,104.70409146098186,106.09072727192256,8386045
2020-09-14 12:29:57.600987,102.3985429376359,106.51261961420896,103.44170206827604,103.56970076144282,4668357
2020-09-15 12:29:57.600987,102.33139656277852,106.2569587574499,100.79424319689147,103.39288714794827,5656617
2020-09-16 12:29:57.600987,108.26307361002797,107.09207179283305,104.62444036281128,105.18585197639945,6434533
2020-09-17 12:29:57.600987,103.44796430897479,103.5513909218466,101.75360454785722,102.13422806738693,4728542
2020-09-18 12:29:57.600987,105.18764134219006,109.58726505177215,101.65413168763821,104.33615964155184,6810554
2020-09-19 12:29:57.600987,109.1718682440054,109.98116089083493,106.0498240371337,107.73760954883694,6085547
2020-09-20 12:29:57.600987,106.05771025350954,107.86756049779714,106.10985584610259,106.4818890918103,5794375
2020-09-21 12:29:57.600987,107.22935587896103,107.74343703641021,105.63398344318257,106.98236326891711,3244185
2020-09-22 12:29:57.600987,109.43878105770656,111.41984225522116,109.72451776972915,109.91441567752234,5757213
2020-09-23 12:29:57.600987,108.10918504716524,109.68709955227347,108.26249439476992,108.75345522100031,1712056
2020-09-24 12:29:57.600987,110.88184108923245,110.9649640638189,110.4932037024235,110.51147697147462,8402466
2020-09-25 12:29:57.600987,109.77504403705254,111.26363072389252,107.91054954863804,110.06492749079567,6017671
2020-09-26 12:29:57.600987,108.77780050124699,110.05741442064334,108.95965067404249,110.00711595580532,9391300
2020-09-27 12:29:57.600987,110.24151396795038,111.39572930393442,109.93562724742664,110.2715975196197,2010626
2020-09-28 12:29:57.600987,114.2985857869343,112.74041960979068,110.95356215905241,112.69874461092236,6182380
2020-09-29 12:29:57.600987,112.14988163048815,114.6324367992101,112.11795922981764,113.75179086273559,5709578
2020-09-30 12:29:57.600987,115.86034623769855,115.37195397521863,113.46502974916216,115.19136216220815,8967116
2020-10-01 12:29:57.600987,115.7002654871789,116.10039031857944,114.22938550932713,114.2891585274187,2381585
2020-10-02 12:29:57.600987,117.09790330731661,119.90464765311285,115.78578607957368,116.32088077538134,9531883
2020-10-03 12:29:57.600987,115.48150864199631,115.78045843207948,111.78589388264312,115.51284128217213,9898435
2020-10-04 12:29:57.600987,116.50493396672874,117.93011363466657,115.02860925690402,115.1047678110181,6554267
2020-10-05 12:29:57.600987,115.89119842773488,116.89453392691769,113.1638993149534,116.59307327712251,9667434
2020-10-06 12:29:57.600987,117.21527503014109,117.89791228187613,115.45778089222051,117.02037192413263,2733347
2020-10-07 12:29:57.600987,120.602314211115,120.59905157390412,118.06774958783978,120.59841753101838,8483475
2020-10-08 12:29:57.600987,123.52368397049922,123.97374201046537,120.98279957149985,123.63456440551542,6487368
2020-10-09 12:29:57.600987,123.33752795308911,125.1094128401677,123.58346266726598,123.72534838040775,6301224
2020-10-10 12:29:57.600987,125.68307019824469,125.37357545713701,122.83550198393627,124.7120100555365,9123897
2020-10-11 12:29:57.600987,126.74651589890368,127.699139138878,124.65486363145756,126.67732636908768,3213735
2020-10-12 12:29:57.600987,127.38330555436188,126.45327364700346,123.85021381100212,126.32022164472723,4082983
2020-10-13 12:29:57.600987,120.96805826409869,124.28448514278618,121.78420202650021,123.08222710359166,4362304
2020-10-14 12:29:57.600987,120.46858141880382,122.35319153470294,119.52045698278489,121.14771991864464,6992099
2020-10-15 12:29:57.600987,120.119383872949,124.2074068330967,118.26753128488345,121.45298412543266,2743040
2020-10-16 12:29:57.600987,126.25995720683838,126.50321814605253,123.65802890743822,125.82147137735649,8180607
2020-10-17 12:29:57.600987,128.7091484111344,127.14052601437089,126.6155921421891,127.10694867625064,9421125
2020-10-18 12:29:57.600987,128.90242099658212,130.03249444463376,127.91908258459696,128.1187027300853,8842554
2020-10-19 12:29:57.600987,126.0102238781126,128.77756116669846,125.16850787590167,125.80606602029593,7096136
2020-10-20 12:29:57.600987,126.41024281683804,127.19319628065492,122.43490157644655,125.46550595117208,8098894
2020-10-21 12:29:57.600987,124.63083406969412,127.47790312529314,122.47257086371023,124.73305513602946,6006920
2020-10-22 12:29:57.600987,123.12821157054502,124.46128456685183,121.90349137539414,124.17139032107586,3649878
2020-10-23 12:29:57.600987,126.79793282992225,125.72008996817138,124.92233406894796,125.2669926332383,8799068
2020-10-24 12:29:57.600987,125.87258498340589,127.70618295412892,126.11802802905703,126.28677044998089,2312064
2020-10-25 12:29:57.600987,122.87388442087797,125.11290486776286,120.21163093192717,124.20288595201782,8060400
2020-10-26 12:29:57.600987,125.29649823203509,129.01043622063173,123.43019499274381,126.31914791577935,9480068
2020-10-27 12:29:57.600987,127.78929384185992,129.42566151065668,124.90554411753207,126.66692442895643,5758301
2020-10-28 12:29:57.600987,126.99270700258536,128.1302309476645,123.18232493590352,126.98819203302152,8899052
2020-10-29 12:29:57.600987,127.75205823856787,128.7039155272003,124.3232199079137,127.59997379425533,3527205
2020-10-30 12:29:57.600987,129.3697664689071,130.2058324196493,127.27694378919591,129.6560177516329,6637641
2020-10-31 12:29:57.600987,124.86477110076756,127.22112116876463,123.12399669609384,126.13370369302038,5957827
2020-11-01 12:29:57.600987,124.02562111598486,125.06517531668143,122.0487194826172,124.9809192774205,9083751
2020-11-02 12:29:57.600987,123.0729598889916,123.13156496752082,122.1100171020166,123.11233404682908,1310558
2020-11-03 12:29:57.600987,120.90921864522767,123.75937750712697,120.97423079343301,122.0489947214495,2562013
2020-11-04 12:29:57.600987,125.4937534891903,126.95757855373752,122.90214352448355,124.83417024536031,2158946
2020-11-05 12:29:57.600987,128.7168970545828,128.43412540641413,126.97104570103401,127.85850085427123,4674802
2020-11-06 12:29:57.600987,123.53597076372782,124.82927240663354,123.12655535987875,124.77542685573486,7839809
2020-11-07 12:29:57.600987,123.97327181547033,126.82902306341308,124.74272330462776,124.76234356809948,6610136
2020-11-08 12:29:57.600987,126.92674733357404,127.54945909309258,125.08808461872424,126.9185840527612,1888932
2020-11-09 12:29:57.600987,126.0433424019504,128.318737324299,124.21926275968033,126.91275608232641,8045466
2020-11-10 12:29:57.600987,129.39389291469016,130.99289194594093,126.57499980579209,128.52424739083787,6557692
2020-11-11 12:29:57.600987,133.18635138969074,134.2296881010545,129.71937433058767,132.5789017965824,6189075
2020-11-12 12:29:57.600987,131.6952307128326,134.9376913254155,131.09441981182707,132.34017378408572,7657345
2020-11-13 12:29:57.600987,126.25577022788087,129.56732399564603,124.83855636165592,127.49308613047472,8075347
2020-11-14 12:29:57.600987,128.4097167472967,133.45943027694497,126.90394968120034,129.1318901123633,6222071
2020-11-15 12:29:57.600987,132.84103863989063,136.65002617896272,130.6997170626154,132.1972531539904,6292750
2020-11-16 12:29:57.600987,130.54941201275187,132.92980545147296,128.6691161505772,130.8487387093673,9229416
2020-11-17 12:29:57.600987,130.72653659613908,132.6120709017879,128.4508575905384,132.29865728478006,3730346
2020-11-18 12:29:57.600987,133.82091882549952,137.31176634668668,132.70909330920605,135.64815169754874,4940192
2020-11-19 12:29:57.600987,132.65447677066322,139.40279593984968,131.5454622683337,135.44953485338894,5325915
2020-11-20 12:29:57.600987,137.13213970595433,138.0501236446711,136.10162106324543,136.6046857065387,3274782
2020-11-21 12:29:57.600987,134.08572396229627,136.4105719508984,131.6484131059038,135.591447892625,3929976
2020-11-22 12:29:57.600987,136.4606159380604,136.78410381646194,134.49824979027417,135.77375064734386,5856067
2020-11-23 12:29:57.600987,134.19732079290506,135.84628801799448,133.22437386142892,134.71195502721426,9119065
2020-11-24 12:29:57.600987,136.69280319647493,136.6029687815054,132.35657829172334,135.4975160834458,7316213
2020-11-25 12:29:57.600987,135.8160200890778,140.0155159139239,134.70107047499016,136.54188649143322,5983561
2020-11-26 12:29:57.600987,133.31360643248146,132.87463306924042,131.64890082069783,132.4168838880957,8798342
2020-11-27 12:29:57.600987,127.0422064303231,130.5716482790236,126.67928982984726,128.1770809597291,4729246
2020-11-28 12:29:57.600987,125.77353843437893,125.8698760968312,125.0793261179623,125.8310647152316,6046043
2020-11-29 12:29:57.600987,125.55856200963605,125.97592023903651,121.30884914737283,124.92201087840597,1720305
2020-11-30 12:29:57.600987,125.70337980434826,127.34891043679902,124.8633007503743,125.99708052230747,8113433
2020-12-01 12:29:57.600987,126.70580318854748,129.24593696003464,123.2666275743884,125.97415989685113,6503412
2020-12-02 12:29:57.600987,125.69491622029243,128.5443939654536,124.69314644914893,125.87800389668035,8683171
2020-12-03 12:29:57.600987,124.2760416554199,124.86450055788093,122.88585961305282,123.57712433335432,2049264
2020-12-04 12:29:57.600987,124.01843409441442,124.52633209126533,121.51151869328359,123.31280805300521,7700084
2020-12-05 12:29:57.600987,124.39428315837597,124.89513345471053,120.84093896272671,123.63984055401976,9054384
2020-12-06 12:29:57.600987,123.82849099947973,125.59142297132581,120.90790095494754,122.92565386596561,2164659
2020-12-07 12:29:57.600987,123.54932159778124,124.80501228902341,123.43223686780667,123.4493396705467,9271554
2020-12-08 12:29:57.600987,121.51011298751807,124.10270374735582,116.04610066933401,121.24188812097984,6527870
2020-12-09 12:29:57.600987,119.68232455381407,120.14074741857408,114.64242696271364,119.84134301683582,4208140
2020-12-10 12:29:57.600987,120.72305529833486,121.67070445273706,119.87917963856411,120.03877488392864,4029584
2020-12-11 12:29:57.600987,121.20646211568285,121.25926798996146,119.7841169942174,120.10421556827642,1834003
2020-12-12 12:29:57.600987,119.31701848582226,120.75773510630086,117.970887607694,120.57293062016815,1449640
2020-12-13 12:29:57.600987,122.80888588560074,125.65682459733867,115.16946650400152,121.73578455769164,5003352
2020-12-14 12:29:57.600987,119.85689538462056,121.45026700821205,120.10562413073478,120.36375832249605,5384122
2020-12-15 12:29:57.600987,120.86235193427052,122.14779567471363,120.10609159480352,120.58168657436752,8725570
2020-12-16 12:29:57.600987,124.25946421651228,123.82810245351702,123.51396170408582,123.79186763061264,7866649
2020-12-17 12:29:57.600987,123.62132805992505,124.31562712291375,122.74395731758146,123.73889784610051,3364523
2020-12-18 12:29:57.600987,126.18358455952853,125.83028286952265,122.92316042962435,125.2367838457009,7000324
2020-12-19 12:29:57.600987,119.73510569749169,119.3796423469974,117.57376251364526,119.28167855444809,3812049
2020-12-20 12:29:57.600987,118.82996647502061,123.10275046017243,115.44874256999783,119.10791731442382,8829135
2020-12-21 12:29:57.600987,117.27031807484735,116.54211100510983,114.47624984044792,116.51526437889231,2589955
2020-12-22 12:29:57.600987,115.90453792936603,117.92628048724723,115.68740100661711,117.92183757492963,3301111
2020-12-23 12:29:57.600987,118.67861293701466,119.58566386735711,118.13554128558623,119.45729696566599,6456279
2020-12-24 12:29:57.600987,119.07363987522035,122.58835511635888,115.76748772234225,119.21352431629222,6837855
2020-12-25 12:29:57.600987,115.83676143574361,117.24727265442787,114.9822687083208,115.99862086658304,3860470
2020-12-26 12:29:57.600987,114.42960608637,114.56649484663167,113.18725137736857,114.00139622685592,3766429
2020-12-27 12:29:57.600987,115.9398532481495,118.17536761154231,112.02200609119558,115.97570466183453,5579650
2020-12-28 12:29:57.600987,115.84486452332358,117.31706468492601,116.22896799757955,117.05570757586119,2752851
2020-12-29 12:29:57.600987,117.19849270414949,119.38210287729504,116.56786835078253,117.88221994003774,7684649
2020-12-30 12:29:57.600987,118.36808014143323,122.69988284356657,117.63262700267491,119.23181590239855,7692701
2020-12-31 12:29:57.600987,122.22708578779665,123.96995251779367,120.64220382925811,120.77747212171836,8774857
2021-01-01 12:29:57.600987,118.6269223329878,121.00278300604809,117.4562031610468,119.44897331190988,8458234
2021-01-02 12:29:57.600987,119.96156686096731,121.63091573234374,118.57147592263317,119.03122326378406,2894337
2021-01-03 12:29:57.600987,117.80782003228983,117.31064819724843,116.26587153951058,117.0937810892612,4322944
2021-01-04 12:29:57.600987,118.47945497062636,118.02021204506781,117.67416678984458,117.88437416995933,1708798
2021-01-05 12:29:57.600987,117.24411036936128,117.71368164435025,114.03306126207993,117.34913037798668,7163437
2021-01-06 12:29:57.600987,118.65232701796218,121.71052015579107,116.55216815625882,119.19232735585172,2484278
2021-01-07 12:29:57.600987,118.25159551190507,119.51651347098863,117.05528692207196,118.14546331613508,4692960
2021-01-08 12:29:57.600987,119.62975126687832,121.13127856139066,119.24660414355634,120.09564275811651,2718480
2021-01-09 12:29:57.600987,119.29653110741266,119.1818741419879,114.87509279162292,118.09952731176821,3173535
2021-01-10 12:29:57.600987,118.17203906650535,119.69057992874119,116.13686972915886,117.69194328874181,4898348
2021-01-11 12:29:57.600987,120.80117481155058,120.34650756362869,118.91343986468635,119.04224378676062,3442413
2021-01-12 12:29:57.600987,115.75727920910629,118.9632515383923,114.52034855951496,116.9011590527767,2164114
2021-01-13 12:29:57.600987,113.95156682140805,115.710994715694,112.92551974440455,113.82432602379266,2367393
2021-01-14 12:29:57.600987,112.32395834800707,113.76522823399208,109.87891144116482,113.28361244383692,9809160
2021-01-15 12:29:57.600987,113.3381162040404,113.48284203053245,107.90317204900687,113.00264792620041,9016499
2021-01-16 12:29:57.600987,116.41055058630629,116.74092447572642,115.37282646872109,115.57868056619479,8926652
2021-01-17 12:29:57.600987,116.9555451009392,121.13529523321375,116.01216644991044,117.08976094264443,5053845
2021-01-18 12:29:57.600987,120.21576637610845,122.28471521329794,118.82319490847456,121.12470412825027,1104008
2021-01-19 12:29:57.600987,120.49925863873078,122.16186093899228,119.89841387814147,119.93167962020385,3360704
2021-01-20 12:29:57.600987,121.72276303958812,123.68602499736484,119.26950716848339,122.68268080971266,5832486
2021-01-21 12:29:57.600987,121.48298838278009,122.98530674360471,120.62937455480377,121.83261114924706,3375411
2021-01-22 12:29:57.600987,123.35921530591088,126.13587090149068,121.9850764144708,123.93109785712203,3764435
2021-01-23 12:29:57.600987,126.21657074645549,127.7408250584673,127.23568309756098,127.36156513475505,4152163
2021-01-24 12:29:57.600987,128.14167987784504,127.34635811480909,126.42479673560973,127.15491824791754,5346470
2021-01-25 12:29:57.600987,123.29138142036477,125.34257240259988,121.79991955552612,124.20150006485578,6129380
2021-01-26 12:29:57.600987,122.3145142197216,124.0328340254705,121.12825466090244,122.04978585250423,3785585
2021-01-27 12:29:57.600987,125.63925003494683,126.59212157843211,124.50499882766552,125.44239473785483,2819237
2021-01-28 12:29:57.600987,128.3722490799702,130.25232107400353,127.39091705161646,127.57640434326107,5375145
2021-01-29 12:29:57.600987,124.84335238198015,125.7015216315498,120.76842572487782,125.44324526117984,3067545
2021-01-30 12:29:57.600987,129.2496205845464,129.24472045914652,125.3853502293892,127.23425107729908,9841810
2021-01-31 12:29:57.600987,127.47536114202998,126.1000561658848,124.36791899775855,125.57739868297763,4243694
2021-02-01 12:29:57.600987,121.94265895014105,124.75398566258878,123.1056050329922,124.05799093048952,8599160
2021-02-02 12:29:57.600987,124.86934395900225,127.3734301514104,120.83565297211027,125.67509715691529,4044846
2021-02-03 12:29:57.600987,125.28779195690309,128.82281651215172,125.0041257086013,126.85876167637507,6775532
2021-02-04 12:29:57.600987,127.56996006099249,127.56412996379723,124.31419628779916,126.73989278780154,3071539
2021-02-05 12:29:57.600987,127.06705498733908,130.58333285858865,127.31599558033842,127.91692237265134,9290273
2021-02-06 12:29:57.600987,127.86695336185956,126.77188833047872,123.23653864869394,126.68649731444154,4030509
2021-02-07 12:29:57.600987,132.2416091272184,132.56522360038963,128.98173464840806,130.4188510431093,2121880
2021-02-08 12:29:57.600987,130.13276251898455,132.6923610310046,127.88757136382344,130.61018412784694,5314477
2021-02-09 12:29:57.600987,131.93852337119804,133.5110067391673,126.95266829460422,130.72802407559905,9486176
2021-02-10 12:29:57.600987,131.08451507939176,132.70932710687595,127.92220819623013,129.97120715683505,6459403
2021-02-11 12:29:57.600987,133.02905338571594,134.79748516517807,132.34562839946707,132.44987340331193,6129063
2021-02-12 12:29:57.600987,136.93206354506393,140.07771133168572,134.3426974171243,135.68814848426885,6915747
2021-02-13 12:29:57.600987,134.89142924409379,134.57036487120897,132.56893687852744,134.06803860267362,8352664
2021-02-14 12:29:57.600987,134.59755807184914,137.3728873008101,133.23036148384682,134.58749460135448,8324659
2021-02-15 12:29:57.600987,134.35265083580006,136.92675885256543,134.59924823381874,135.00901072570664,2651597
2021-02-16 12:29:57.600987,137.0204139461796,140.7843753576671,136.04681111814912,137.00771207325275,6996150
2021-02-17 12:29:57.600987,137.5696825117412,138.66791342887464,137.14635543152298,137.3183251477703,9904316
2021-02-18 12:29:57.600987,141.44024927508724,141.33725315091993,140.19283652199695,141.2542576484768,5542441
2021-02-19 12:29:57.600987,141.29544250052805,141.48741256871256,140.7926578299057,141.44494082570762,1981208
2021-02-20 12:29:57.600987,137.6834959748621,143.46618816040316,138.9123187764243,139.42372780798138,5003428
2021-02-21 12:29:57.600987,141.95404202666018,143.75994191160027,139.68299665313563,141.2601177855931,1976878
2021-02-22 12:29:57.600987,144.01419740280974,145.32573681867842,138.81444401093233,143.37430473378666,4667239
2021-02-23 12:29:57.600987,144.4539839079748,145.4615112074236,144.2508049748291,144.43320855753385,8859414
2021-02-24 12:29:57.600987,146.83350683395142,150.59751694189268,143.3255252105743,145.5710192893836,7287022
2021-02-25 12:29:57.600987,147.14196349126823,148.4813061290256,147.39215780226684,148.21201238664963,2374283
2021-02-26 12:29:57.600987,147.04772797623508,148.8066425715171,146.9308576793193,147.14626734543404,2322686
2021-02-27 12:29:57.600987,146.0180747592771,147.6741952132458,146.53621953562703,146.98840679004567,8118269
2021-02-28 12:29:57.600987,147.09917938559855,148.46109851682988,145.13266730359027,146.92634812987595,5754148
2021-03-01 12:29:57.600987,146.49409878367396,148.09728401622914,145.70982162050115,147.74638417460727,7836726
2021-03-02 12:29:57.600987,149.23500138961586,149.56646847257997,147.191625391431,148.071283212457,3841417
2021-03-03 12:29:57.600987,149.88795169548538,150.17482756958805,148.90295049280493,149.75980789009068,8555636
2021-03-04 12:29:57.600987,149.4867592794202,150.67150027785897,147.6919715613789,149.77455002311285,6870643
2021-03-05 12:29:57.600987,149.14460569753862,151.9297829394814,148.1243177274629,150.53664285517488,9037672
2021-03-06 12:29:57.600987,151.61802866254658,152.09552707583825,149.74780267649848,151.80103651943944,5635742
2021-03-07 12:29:57.600987,150.88760874285921,150.12381440405008,146.8101754929307,149.9476726984596,6279915
2021-03-08 12:29:57.600987,154.26487846188334,155.96006461022213,151.21076277748432,153.9421604811899,6370908
2021-03-09 12:29:57.600987,150.8762135911766,152.59443501740793,150.51399291888848,151.83448870651944,3016030
2021-03-10 12:29:57.600987,153.23568323206524,153.4923044504145,150.430576793362,151.82817516463834,5856402
2021-03-11 12:29:57.600987,150.6187452090259,152.20870004496436,151.49414115916002,151.97226717729058,5470667
2021-03-12 12:29:57.600987,154.16656303483234,156.4614792584929,152.5929236379422,153.45976371468495,7047342
2021-03-13 12:29:57.600987,152.55841329156777,157.23838478067665,153.61436966569815,154.4533738807178,8642753
2021-03-14 12:29:57.600987,156.88652856711371,156.92833559080637,155.94760611084035,156.36439885375597,3437393
2021-03-15 12:29:57.600987,157.74611444105477,158.28850053989225,154.13654189695333,156.46220430889142,7419349
2021-03-16 12:29:57.600987,158.04660628885287,158.5985109429078,155.92009975429772,158.34933575447278,3022072
2021-03-17 12:29:57.600987,156.26925034821153,158.62903853630337,152.60046213008184,156.32571118350586,8938298
2021-03-18 12:29:57.600987,159.68341206941165,160.0408917526352,158.43177494270319,158.72893268330682,6563804
2021-03-19 12:29:57.600987,159.1269835197199,160.59549344221514,157.88004847855046,160.45583990531702,3343996
2021-03-20 12:29:57.600987,160.28745821731036,163.2691739221291,157.838059051264,160.68660163662162,2841935
2021-03-21 12:29:57.600987,163.35236735021735,167.21213366642368,162.33454936561378,164.3696115026434,8492013
2021-03-22 12:29:57.600987,162.47500157562413,164.58362277055323,160.5666094734341,162.62553943002916,1737386
2021-03-23 12:29:57.600987,162.26387989398356,163.90985965084764,162.7556323751053,163.52518910702224,8693730
2021-03-24 12:29:57.600987,161.44137712596876,166.5418199396214,162.49449563275266,164.5408839235973,7670782
2021-03-25 12:29:57.600987,165.9548308116182,165.5327458771251,162.79432286079782,165.52801089748235,7079341
2021-03-26 12:29:57.600987,169.09164624264113,169.17548114703786,166.3979483499691,168.65438706319912,2030205
2021-03-27 12:29:57.600987,169.02135474960374,170.32792562146543,169.8299009755083,170.10042148904273,7432787
2021-03-28 12:29:57.600987,170.40561780800743,171.84901106657009,169.25169750516412,170.0162010963881,9864674
2021-03-29 12:29:57.600987,168.9321184800129,170.4671186017449,167.18788248523126,167.4746688912,2721895
2021-03-30 12:29:57.600987,169.3056185942064,169.72313255690966,165.35904377347646,169.24141812867455,1191813
2021-03-31 12:29:57.600987,169.97504146857193,171.27636977507544,169.10479812176285,170.4620545671043,7913159
2021-04-01 12:29:57.600987,169.95026901794017,173.83239814537686,166.90625793281387,171.62258173545936,9134133
2021-04-02 12:29:57.600987,172.58307197777734,173.30128008668106,169.1975566830792,172.14326556421898,2614681
2021-04-03 12:29:57.600987,171.63511247987253,173.67948931344623,169.65205217749872,171.3797971382011,2545005
2021-04-04 12:29:57.600987,171.37526032790984,172.17802273614177,169.61877664208143,170.53361785230533,6129169
2021-04-05 12:29:57.600987,169.0058984174057,169.7729056302249,167.34513040685263,169.6068183629044,7148516
2021-04-06 12:29:57.600987,171.22584311741636,174.00534944734775,169.37726103375797,171.30314473121936,2920019
2021-04-07 12:29:57.600987,168.33976841972435,169.7232148556723,167.17974042479432,167.2273948273795,5092788
2021-04-08 12:29:57.600987,163.22881937928705,167.0851535906591,163.43632681780397,164.40899270254477,8679734
2021-04-09 12:29:57.600987,163.85007133254928,166.31570158569238,162.94634100605612,164.1543973901909,2237419
2021-04-10 12:29:57.600987,163.176619225039,165.51609554544314,160.3460007761541,161.8229400100527,7332822
2021-04-11 12:29:57.600987,161.90489252954097,161.3920022609896,158.98128463634114,161.04630953453042,6064399
2021-04-12 12:29:57.600987,158.45767709525066,160.71300754833766,157.36623969840468,157.93041274363657,9544721
2021-04-13 12:29:57.600987,160.24112168550315,160.91869821666273,157.55232862120457,159.74879045825645,8390901
2021-04-14 12:29:57.600987,159.775946983717,163.84003071560016,159.37998150517782,161.03058312135633,1663746
2021-04-15 12:29:57.600987,159.5619380911269,160.0190582513546,157.31267859510325,159.58986307684248,2574156
2021-04-16 12:29:57.600987,161.64619136472385,166.63953500938925,160.17843537733432,163.78906871090672,3120394
2021-04-17 12:29:57.600987,163.04075955134834,163.40914862772811,161.46998985451714,163.28327153759002,1536727
2021-04-18 12:29:57.600987,162.54891853059027,163.93911379115508,161.50037071355845,162.8520921287376,1957649
2021-04-19 12:29:57.600987,163.55832335723971,164.08375611746035,160.70965232638898,162.80999434547624,8172825
2021-04-20 12:29:57.600987,162.52899964590335,162.93496240374208,159.05910914822488,162.38135668039047,2788116
2021-04-21 12:29:57.600987,160.47044206102095,162.4738212353551,158.42171206158335,159.87025786073937,6541482
2021-04-22 12:29:57.600987,160.36670091853748,163.91618464712258,158.98899221672787,160.8048015100101,5618288
2021-04-23 12:29:57.600987,170.03513919280385,168.89930614989302,165.66577198398605,167.77967651119258,4750421
2021-04-24 12:29:57.600987,167.06095702231673,167.56477947965783,165.09713243740651,167.2362818618741,2021030
2021-04-25 12:29:57.600987,168.07158580153592,167.73129388631708,163.30630149208645,166.7703434568267,5795237
2021-04-26 12:29:57.600987,163.3292506326958,167.76240879974105,164.8523825671876,166.62167522750755,8340722
2021-04-27 12:29:57.600987,164.82487497216957,165.56759084296934,163.06445486986823,164.45760516125395,4274177
2021-04-28 12:29:57.600987,165.67667914078433,165.88271799852882,162.44984149560912,163.03294867927247,7809416
2021-04-29 12:29:57.600987,164.23940360089736,164.4223614220973,160.97909868707822,162.7318589410515,6372763
2021-04-30 12:29:57.600987,161.8912219072984,163.34190032281285,159.41056604836348,161.48594996245268,3633034
2021-05-01 12:29:57.600987,159.8983168232274,162.30733256603222,159.91569376280714,160.65607534530193,1587781
2021-05-02 12:29:57.600987,160.2374324179434,161.28544535826342,159.91853728851905,160.3348851408122,7292889
2021-05-03 12:29:57.600987,153.84659036732523,159.84906184653855,155.0138953649099,155.54425653751963,5481653
2021-05-04 12:29:57.600987,157.35025469537902,161.66561690114193,155.98740236947805,159.07365553608165,4531441
2021-05-05 12:29:57.600987,158.44653617399766,160.71371131931883,158.792600359265,159.46995757814344,1870673
2021-05-06 12:29:57.600987,160.38563509605984,161.10599717998295,157.1964848633553,159.5699016376086,1233975
2021-05-07 12:29:57.600987,160.14398324498993,163.3750063513294,158.33409607694986,159.0875195871383,1742017
2021-05-08 12:29:57.600987,166.9944002367776,166.86120296833386,164.2562353755015,164.81024283954892,2870657
2021-05-09 12:29:57.600987,163.81138990652607,164.152566032596,159.75889415379285,163.6490596104385,1815892
2021-05-10 12:29:57.600987,161.67970575796318,161.47853720698276,157.22599144271558,160.92106324501896,6401628
2021-05-11 12:29:57.600987,163.3646479331043,162.8536504196464,160.52616557982267,162.24216786812286,7078367
2021-05-12 12:29:57.600987,159.49026444096134,160.2809865089422,157.54697123549272,159.93354306494652,9606137
2021-05-13 12:29:57.600987,160.48667210605703,162.11315162100888,160.76806047227225,160.8391635458724,5031105
2021-05-14 12:29:57.600987,161.33916393528781,162.07426661397534,158.72098322475543,161.09116744898515,6941422
2021-05-15 12:29:57.600987,162.31815563091268,163.55741346984524,161.0968040732215,161.64361646187692,5607593
2021-05-16 12:29:57.600987,162.988604806566,161.7907089125634,160.101607476131,161.65585784990054,4598754
2021-05-17 12:29:57.600987,161.04280810379615,162.94790423745565,162.04118463384125,162.35311197437153,2834982
2021-05-18 12:29:57.600987,161.45972026850487,163.85307107721164,161.3163771562376,161.838303731558,6559445
2021-05-19 12:29:57.600987,166.773420934414,166.31005546356715,165.8209474506443,165.9840776663936,4171369
2021-05-20 12:29:57.600987,164.0858408043976,164.33875607334255,162.6893549189356,163.9159603749343,5522391
2021-05-21 12:29:57.600987,164.40187505403418,165.7988316344107,162.4700362981125,164.18208254969812,7988197
2021-05-22 12:29:57.600987,166.54577423438948,168.05971842451655,163.44343225261156,165.93043811281376,1774393
2021-05-23 12:29:57.600987,168.7156867620811,172.14207844143434,168.51300053780378,169.37455748105995,8672956
2021-05-24 12:29:57.600987,169.07063343535242,172.89581368669758,169.21921612640242,169.39697108980005,5356917
2021-05-25 12:29:57.600987,167.5873400671606,167.66635012607506,166.61226207817722,167.40124522747809,4421326
2021-05-26 12:29:57.600987,166.8440749029737,166.92857312397678,164.86281399438292,165.6893017105388,9524866
2021-05-27 12:29:57.600987,164.56815561658865,165.64743653451808,163.37023093390312,164.2426529711244,4746475
2021-05-28 12:29:57.600987,163.9114417000439,163.99012357349076,160.27249005028065,162.18520351778787,3068922
2021-05-29 12:29:57.600987,161.14190766782994,163.45378873424815,160.91711024138985,163.03921693934598,9160370
2021-05-30 12:29:57.600987,166.84134437649035,167.64623961808613,163.4740867896705,166.31501824656448,1542846
2021-05-31 12:29:57.600987,166.82166181757924,167.84734987887447,166.15039514187075,167.65192249314015,9115478
2021-06-01 12:29:57.600987,168.90282764037306,170.05831940561671,168.5149151805411,169.13534143779614,4248328
2021-06-02 12:29:57.600987,166.16869217013576,165.71564254172276,161.71435369737563,165.2832690307239,4377630
2021-06-03 12:29:57.600987,166.86392725143287,168.16884286766418,167.07348830831123,167.62735819783555,8243273
2021-06-04 12:29:57.600987,167.80042335404093,168.8286117408929,168.57945677855682,168.82666898123904,6860411
2021-06-05 12:29:57.600987,171.8131111888761,174.0641806264667,170.7779602999441,170.83485686140233,1326727
2021-06-06 12:29:57.600987,172.56473995994872,175.44016491469912,171.78841286698537,172.63492906673216,8106898
2021-06-07 12:29:57.600987,173.08627316079225,172.8133307270552,172.1137696891357,172.32927410145274,5406648
2021-06-08 12:29:57.600987,172.3884164576624,174.47895870258657,172.31831612665832,172.90042667399098,7305009
2021-06-09 12:29:57.600987,169.77851491509597,176.43806274629992,170.18034980147675,170.83718014618154,1782152
2021-06-10 12:29:57.600987,171.15489239557982,172.45489422341157,171.17431325926407,171.17471078749816,6882113
2021-06-11 12:29:57.600987,169.356972364778,172.2474875260731,170.06494822744125,170.57898583537022,9619948
2021-06-12 12:29:57.600987,169.30870428816954,170.37325602384675,164.97884151040202,169.60137203969225,2758609
2021-06-13 12:29:57.600987,169.01467307274496,168.60502790714344,165.4384927643111,168.44233562871813,4658016
2021-06-14 12:29:57.600987,167.66437657509962,167.38917759223233,165.20289073426855,166.0522953268696,2849025
2021-06-15 12:29:57.600987,167.90997880222068,168.67881496357506,166.47257722005867,167.42104336116773,1728106
2021-06-16 12:29:57.600987,164.07666658878557,165.09748496234982,162.30738247753712,164.65823131755462,6908127
2021-06-17 12:29:57.600987,164.22977065979032,167.17686595095108,164.36933544590178,166.0513523652258,6595158
2021-06-18 12:29:57.600987,168.6934093347856,168.58218541981526,166.93535332133632,168.34729838421163,7174715
2021-06-19 12:29:57.600987,169.83201007716897,170.34195767722866,170.2142111399406,170.27894677940037,1494179
2021-06-20 12:29:57.600987,166.86358206089764,170.06952688845277,166.3844109159433,167.787636142955,6992415
2021-06-21 12:29:57.600987,168.88383995092695,169.3694016806947,167.59717344341485,169.03800167427516,9295488
2021-06-22 12:29:57.600987,169.23534976512096,169.37996281915684,162.53871552607623,168.0488262737439,1845522
2021-06-23 12:29:57.600987,169.47643841592114,172.31278337162996,169.3459607926669,169.53036385665985,2341046
2021-06-24 12:29:57.600987,171.55805383717146,172.19619886179495,170.1565197560241,170.8147018394613,6413150
2021-06-25 12:29:57.600987,171.15525715872704,170.65234947605413,169.46989270455634,170.1272470519215,1665860
2021-06-26 12:29:57.600987,171.17882122557785,171.11419803157526,170.23513179795808,170.50261090250595,4929098
2021-06-27 12:29:57.600987,173.50981201340252,175.54721907208304,170.37341777564058,172.72603246513287,5052114
2021-06-28 12:29:57.600987,172.2387035588318,174.08266061720562,170.31172309216853,172.37409336783358,8911741
2021-06-29 12:29:57.600987,171.91968311171462,173.4064995848069,170.92359074704694,171.1747780343551,4088021
2021-06-30 12:29:57.600987,173.07727337175345,173.63841048479333,170.5688805421691,172.6826647975305,7646702
2021-07-01 12:29:57.600987,173.28464054743122,175.45350740660592,171.4840014752978,173.25518309594213,6208387
2021-07-02 12:29:57.600987,169.9668361021928,172.67991865160923,170.28212236262434,171.60895339948337,5599613
2021-07-03 12:29:57.600987,168.14849423372766,170.82815093590668,169.57626777178973,170.36874454161827,5741890
2021-07-04 12:29:57.600987,172.1346029958681,172.14956910658788,171.50756567106308,171.73716560105748,6057041
2021-07-05 12:29:57.600987,170.1280415756252,171.325606891478,168.29411972154398,169.97613909597277,6120722
2021-07-06 12:29:57.600987,170.2405225874046,172.44531260206398,169.4762695648384,170.21877587923257,3991118
2021-07-07 12:29:57.600987,172.05877422996505,172.3891732678642,171.25551178141458,172.08614988942665,6287181
2021-07-08 12:29:57.600987,174.1523808190449,173.90516805080176,171.0011531246129,173.36847033940955,9980910
2021-07-09 12:29:57.600987,176.2235723915459,177.4803813070691,176.37243106368686,176.57433807094904,6528498
2021-07-10 12:29:57.600987,174.9661822347266,176.51719505588503,173.70337458480378,174.6124427035366,1541373
2021-07-11 12:29:57.600987,173.333612726785,176.19786714548994,168.33536625094743,174.45550759748545,4702328
2021-07-12 12:29:57.600987,178.768599801425,181.37582060427127,174.9720417983203,178.53103075748572,5711567
2021-07-13 12:29:57.600987,178.35359272814466,179.81953459916198,177.36238138531314,178.44890711230624,1452240
2021-07-14 12:29:57.600987,178.78034622216242,179.59375465900908,178.15509987417883,178.42777967636786,4622413
2021-07-15 12:29:57.600987,179.95912701757644,180.90008408103824,177.7503101723255,179.08864517954086,1675596
2021-07-16 12:29:57.600987,179.25710946807422,181.56456582040235,177.78881184573353,179.09575742146302,4993376
2021-07-17 12:29:57.600987,179.97702813012023,182.94105769839473,178.6420697538972,179.6930060905807,3772659
2021-07-18 12:29:57.600987,181.35021035295762,182.9469399245542,180.45945756909148,181.12270707673946,5888484
2021-07-19 12:29:57.600987,182.05321072557425,183.0903645941616,179.20754861404768,182.24432681163066,7544342
2021-07-20 12:29:57.600987,176.58541463044358,176.92597052512025,173.65364155522653,176.6234516678129,2956111
2021-07-21 12:29:57.600987,175.19352772562507,177.044496062268,174.49229603903208,175.10023726479517,6322399
2021-07-22 12:29:57.600987,173.1249427577062,173.84810958709352,173.0020397694784,173.51284254259053,9511597
2021-07-23 12:29:57.600987,172.06293633555924,172.46860940124176,169.50065661051195,172.23041932832774,3619803
2021-07-24 12:29:57.600987,169.65377944351985,173.52210210491998,171.90057061977228,172.78542025687085,4534530
2021-07-25 12:29:57.600987,174.17123784439931,177.8809324921718,174.89853078298535,175.2658357187838,6955256
2021-07-26 12:29:57.600987,174.17469080749478,177.03876713882246,172.85950010158072,173.84345620963572,1948359
2021-07-27 12:29:57.600987,171.82025433159424,173.3445789086368,171.82857310922014,171.96997161049055,1084460
2021-07-28 12:29:57.600987,170.4038278871452,169.94794772447156,168.4184694221164,169.9322148642415,3277925
2021-07-29 12:29:57.600987,168.55806703531425,173.04858118259577,169.7778334006834,170.31146785296696,9681386
2021-07-30 12:29:57.600987,167.5964832795159,168.07885931473257,165.30208298200426,167.4792260572251,1877121
2021-07-31 12:29:57.600987,167.99411013074644,169.44331643695688,165.97922519859685,168.13353941650684,4011436
2021-08-01 12:29:57.600987,163.42695995114988,166.16198215141586,159.63029627329183,164.00106425448462,5248299
2021-08-02 12:29:57.600987,164.13779721295523,164.50292839530417,162.95410070661958,163.20917951893307,4007641
2021-08-03 12:29:57.600987,158.49170530572027,160.912639871505,157.11728183575678,160.02838834190408,3285839
2021-08-04 12:29:57.600987,163.09945462607,164.6180216723927,162.50971402271432,162.77349178658207,4357861
2021-08-05 12:29:57.600987,161.3847402368201,163.15066595370365,160.1869888187481,162.67289861293057,5394289
2021-08-06 12:29:57.600987,161.86694427353527,165.7555009998403,161.61433986560132,163.54738127671823,8193773
2021-08-07 12:29:57.600987,162.56182998294926,163.53582005086218,159.26733505798148,162.88532057690117,1867927
2021-08-08 12:29:57.600987,164.26491393228343,166.24633027526536,162.80640557590894,162.90189970779903,1229148
2021-08-09 12:29:57.600987,163.70289892263844,164.9087808891551,162.00414007620793,163.31402405624735,4805833
2021-08-10 12:29:57.600987,163.2088262043288,166.80593499368507,162.75917237070288,165.00848415629048,9882189
2021-08-11 12:29:57.600987,167.67197017929504,167.6171988039266,164.90872062270054,166.8438483964642,8881462
2021-08-12 12:29:57.600987,167.85193187579404,170.35347184554288,164.28593231921835,168.53915529187304,6311078
2021-08-13 12:29:57.600987,169.15240006468196,172.2025077452229,169.35291820795842,170.06745978148734,4283133
2021-08-14 12:29:57.600987,167.8343587983336,167.32937902485284,164.54930091321384,166.5255511564943,4922903
2021-08-15 12:29:57.600987,162.84373381877253,163.45276806436132,160.38157754601318,162.37422676854,2726177
2021-08-16 12:29:57.600987,161.92025712788478,164.8873616005072,160.47944150775095,162.00469594792264,1441578
2021-08-17 12:29:57.600987,170.19501541170882,171.61095830589812,170.00605232333874,170.23337430092388,8518772
2021-08-18 12:29:57.600987,171.53285056424463,173.30428797545918,172.18986858296128,173.16682392882538,6812332
2021-08-19 12:29:57.600987,173.68040933375946,175.1343905291651,173.80808096896072,174.65793791271852,3192483
2021-08-20 12:29:57.600987,176.0198764797644,177.18002355446703,174.78906205000507,175.34856445961555,8747189
2021-08-21 12:29:57.600987,174.82050827320037,175.4548531313569,172.46134294282297,175.17154684149355,2078917
2021-08-22 12:29:57.600987,176.05126358074926,177.23944804991552,175.81224932186151,175.91759691956804,6449451
2021-08-23 12:29:57.600987,174.58786795561852,175.33799922723568,175.152642860977,175.23004972430994,1421849
2021-08-24 12:29:57.600987,174.15335516518286,176.3208297735806,175.73592588365298,175.992312245879,8900236
2021-08-25 12:29:57.600987,179.6744863727431,182.37261780986532,177.87332546416852,179.77598897071877,8784708
2021-08-26 12:29:57.600987,182.11113394611925,184.34980924698763,179.9066942304266,180.7820718396407,1313732
2021-08-27 12:29:57.600987,178.01797786531375,180.2165269555564,175.85261318032937,177.57848560453454,8551632
2021-08-28 12:29:57.600987,176.5330943648638,178.92661335155685,174.991249801429,176.60776312501312,7005961
2021-08-29 12:29:57.600987,177.7043937627797,177.89457264599017,172.9885304954338,177.2987059784457,7633643
2021-08-30 12:29:57.600987,177.70525676977675,180.56904782947953,177.63852752378173,177.95311094686184,1471164
2021-08-31 12:29:57.600987,177.3388706515587,179.73416043651733,176.5211959247348,177.94089956929082,8795422
2021-09-01 12:29:57.600987,176.15088841864045,175.21105310529708,172.74663661790544,173.87722435660788,6584612
2021-09-02 12:29:57.600987,172.49641692860985,175.04806918397517,173.3714276102949,174.27317138549122,7739912
2021-09-03 12:29:57.600987,177.96317095582017,179.948624374522,176.90986761270574,177.97284291745473,5679623
2021-09-04 12:29:57.600987,180.79318404649578,181.20018254298947,175.93878293672762,179.5250027701838,1687771
2021-09-05 12:29:57.600987,179.1216891620946,178.725074294693,178.28758356793054,178.69918115942824,9628713
2021-09-06 12:29:57.600987,174.58255324373633,175.5084006359486,172.7365035223143,175.26228525679818,7698454
2021-09-07 12:29:57.600987,175.33339620642022,176.16628308134784,175.57207245995826,175.60437614590262,1332891
2021-09-08 12:29:57.600987,172.9970881509418,177.85526424293462,174.1098307984878,175.1743169198213,4353660
2021-09-09 12:29:57.600987,173.64400053121622,174.49555738418312,173.3503733181881,173.8614443866841,2328653
2021-09-10 12:29:57.600987,172.84221737549322,174.40531834447032,171.90134644107764,172.82322086120453,3918884
2021-09-11 12:29:57.600987,170.09363568951795,170.95829516017275,168.48648142060136,169.09470827110832,9938401
2021-09-12 12:29:57.600987,167.36447132074488,169.8318423367285,166.29799952533904,167.3644317274937,9418767
2021-09-13 12:29:57.600987,165.38463166291032,168.17020590824552,164.0076354482805,164.89771879659546,8708114
2021-09-14 12:29:57.600987,166.33178781230947,167.94941331766756,166.76880435539417,167.18580354096886,3045379
2021-09-15 12:29:57.600987,167.86836415743625,170.31708596254876,164.07355267677062,167.0535605977737,9869431
2021-09-16 12:29:57.600987,168.18844793101377,169.21758742441705,167.87699365668894,168.06380628570784,7283744
2021-09-17 12:29:57.600987,168.68742802364582,171.1626855549075,168.39727337532034,169.02240447660262,9177645
2021-09-18 12:29:57.600987,167.46576313702113,168.9241497135708,161.98485427485454,167.31795457929164,1223403
2021-09-19 12:29:57.600987,168.29156688738865,169.9719143399584,167.44791606772023,168.1071679100537,5024423
2021-09-20 12:29:57.600987,168.8281901767742,170.63202477621797,166.3458566071953,166.87532740580883,4157035
2021-09-21 12:29:57.600987,170.98317964997585,171.39884564267015,164.9588808044525,169.28999771408837,7855744
2021-09-22 12:29:57.600987,169.24684724957262,168.81346345248537,168.45945486634943,168.76831912243392,2809373
2021-09-23 12:29:57.600987,170.64472591783652,172.39279029251233,168.69926493812048,170.22850333638343,2918322
2021-09-24 12:29:57.600987,166.58511469993533,170.38391652587606,166.89830619667745,167.8831436333359,7173829
2021-09-25 12:29:57.600987,166.65567551559053,170.57951640143526,164.42922995294924,167.50140845275126,5991199
2021-09-26 12:29:57.600987,164.76114533092013,169.60935821962437,163.63760445277163,166.17973243858285,9445906
2021-09-27 12:29:57.600987,166.98515759633486,171.26509300629934,167.58195632146916,167.95156142988347,3043419
2021-09-28 12:29:57.600987,170.72173362691288,168.55300753903978,167.95255116816065,168.19380721697314,2223125
2021-09-29 12:29:57.600987,170.10826767615032,171.78086153327635,167.25755109241712,169.39536873124476,7248255
2021-09-30 12:29:57.600987,171.22928565962587,176.62748427948438,170.07993590758636,170.6945209505982,5283876
2021-10-01 12:29:57.600987,171.00547979965836,173.70419032098317,168.02251739366983,171.66540644662803,4679787
2021-10-02 12:29:57.600987,172.1790999245851,171.08483329996017,169.84989944120423,170.24133116945953,8284397
2021-10-03 12:29:57.600987,168.07078218610363,172.20220112276317,167.10866357421037,168.7553364163111,8374054
2021-10-04 12:29:57.600987,168.92063133569002,169.29282523622913,167.29764331840727,168.59966820875493,6547009
2021-10-05 12:29:57.600987,167.60000431676562,167.33718714385572,163.312545664877,165.97255088953435,8706001
2021-10-06 12:29:57.600987,166.13829491608266,167.4984119360522,163.81210459049376,165.53810987919002,1557363
2021-10-07 12:29:57.600987,163.48387990969027,166.0734474269673,161.82682245436268,163.58043439150214,3664762
2021-10-08 12:29:57.600987,160.7921021541418,162.20332220782953,157.53764673506157,160.51263255116228,3636006
2021-10-09 12:29:57.600987,159.42705619554582,161.2168952765123,159.74145492742554,160.12324914029702,3488206
2021-10-10 12:29:57.600987,162.09422553551732,163.24687967974117,160.40742364414723,161.46148486086696,2309849
2021-10-11 12:29:57.600987,161.67014905686378,160.68875135000974,160.3056429601215,160.59536727807796,3725778
2021-10-12 12:29:57.600987,157.9925620112002,159.13259430345454,156.51477331662068,156.81199031914034,1235019
2021-10-13 12:29:57.600987,155.0289524148012,158.5559997373668,154.55195776245228,155.34286264981512,9905999
2021-10-14 12:29:57.600987,153.00677700340825,156.15575563916957,149.60848998659148,152.48358753224687,5724386
2021-10-15 12:29:57.600987,154.31301072289727,156.06453433249501,153.22373358908678,154.29205128983813,9518381
2021-10-16 12:29:57.600987,149.16752146011237,151.65486861353887,146.54346764587865,150.34130116016118,3600662
2021-10-17 12:29:57.600987,153.29044056692047,157.62111603404645,154.11812722414544,155.0260183692328,1295770
2021-10-18 12:29:57.600987,155.15068406030196,158.20401951252248,154.09118638958873,155.6640831205791,5117600
2021-10-19 12:29:57.600987,153.68215843382052,154.54737637034444,153.5191777168991,154.48990237206755,3087287
2021-10-20 12:29:57.600987,157.60040795347282,159.24840705075565,156.33517352820274,156.61350394926885,1713348
2021-10-21 12:29:57.600987,153.67217570747556,157.31563613305894,153.85653318866218,154.15922814968144,9274676
2021-10-22 12:29:57.600987,157.0588408758775,160.19999276668332,153.66140853351033,158.2007204100677,3149331
2021-10-23 12:29:57.600987,159.69442545630648,160.07049461396835,157.60932535041889,158.786377891483,8801269
2021-10-24 12:29:57.600987,159.36739259862873,158.25318633411746,156.35228839924054,158.08851416084357,3002533
2021-10-25 12:29:57.600987,154.11491855206853,158.0909035589312,154.9903927403399,156.51161453529062,8938696
2021-10-26 12:29:57.600987,159.26039338997668,162.0501624319551,159.36579516712064,159.98767006894482,1250703
2021-10-27 12:29:57.600987,160.46944876629928,160.45926802700276,159.1879091427647,160.3305778784177,6885834
2021-10-28 12:29:57.600987,160.13887027824185,160.63483909917747,158.6785796343014,160.0570380738771,6186712
2021-10-29 12:29:57.600987,161.30507389197396,162.1495142577871,159.64781521528192,161.13360309106466,6565548
2021-10-30 12:29:57.600987,158.32164197987757,159.16044991136008,156.8514072522513,158.99913168123993,7997578
2021-10-31 12:29:57.600987,162.73128432038496,165.0289021621703,158.94302518507618,163.0389175844926,6545185
2021-11-01 12:29:57.600987,164.87674564393876,164.86057949245483,161.89758323744982,162.98697126930176,1208989
2021-11-02 12:29:57.600987,162.33146999397906,163.61877625562164,160.73306224478415,161.01745152205808,3460842
2021-11-03 12:29:57.600987,164.1784841314153,164.31408697245354,160.28355642796836,162.44720217350638,4469017
2021-11-04 12:29:57.600987,162.5031571775366,164.22152677856985,162.59660181079366,163.25433471467767,1388517
2021-11-05 12:29:57.600987,168.22083408377313,170.21064807343436,164.88313508504405,167.76987585972162,1636602
2021-11-06 12:29:57.600987,165.43252666140984,167.6821124572756,163.4711240794616,166.10481751079118,3145196
2021-11-07 12:29:57.600987,166.74026108081372,171.56987428671079,166.9517999406196,167.66008994544953,1801975
2021-11-08 12:29:57.600987,170.75842801765017,169.6259532972072,167.29144762679735,169.5590984131394,7815173
2021-11-09 12:29:57.600987,168.8801463984692,172.67655473259057,166.83551449283271,170.18343979860057,3253740
2021-11-10 12:29:57.600987,168.33881282651367,175.20657909859978,168.5170217031952,168.66212365523836,5520445
2021-11-11 12:29:57.600987,169.44868298803863,169.6847979703797,167.76992607499398,167.9517720370595,1702655
2021-11-12 12:29:57.600987,169.49830337168268,172.25520128169973,169.74511022860477,170.34964060799743,8525747
2021-11-13 12:29:57.600987,169.4492029879629,171.56921766379557,167.15321750545328,170.91988176645503,9600871
2021-11-14 12:29:57.600987,171.3517227835702,171.6464795275472,167.88876671573445,171.02073119393552,5149232
2021-11-15 12:29:57.600987,172.3261881949159,174.27052656023255,172.86901935724543,172.96468193769994,2724257
2021-11-16 12:29:57.600987,172.85035180439857,172.85311515055443,171.4256046367395,171.8766116608696,5124546
2021-11-17 12:29:57.600987,175.92600046876146,174.33668477433108,169.4390500226849,173.50092344685945,8996132
2021-11-18 12:29:57.600987,171.91522180969508,172.0877054680278,170.79470923244102,171.81454144276245,8006834
2021-11-19 12:29:57.600987,171.9043898299274,174.28425460045426,166.9895232904505,171.69679748498152,5576146
2021-11-20 12:29:57.600987,171.20290860879376,174.70807273727883,170.5622175065052,170.61275392292507,3260510
2021-11-21 12:29:57.600987,170.4640952508116,170.58313655112246,167.04122159855453,170.08306630359368,5141818
2021-11-22 12:29:57.600987,171.10530722224482,172.68462356127617,169.61813209308542,170.57977896192966,5240394
2021-11-23 12:29:57.600987,170.6700301280444,175.83576850837693,171.44884793971602,172.22100236199404,5959127
2021-11-24 12:29:57.600987,170.45787221391691,171.60976289531342,168.82349137079055,169.70407418854518,4386262
2021-11-25 12:29:57.600987,168.95374423781138,170.74534032186278,167.38212035947504,168.31230911168933,6537931
2021-11-26 12:29:57.600987,169.6481511393087,174.230550506805,169.1578877137903,170.2798988227385,6039809
2021-11-27 12:29:57.600987,170.76188585809334,170.73308067810007,168.1109268824998,168.5305033996116,3252767
2021-11-28 12:29:57.600987,167.99088587356286,169.3662156651849,166.23421522865954,169.0514441202226,1210069
2021-11-29 12:29:57.600987,169.91565116769266,172.92837116801186,167.49809640037347,171.0731406837121,8253950
2021-11-30 12:29:57.600987,169.88950001127967,172.10439866398917,168.13165641360484,168.79581488810146,5391375
2021-12-01 12:29:57.600987,167.49000177133837,167.16675509816534,165.61730667504975,166.59730314109848,2155149
2021-12-02 12:29:57.600987,163.80683155532205,165.00326591487436,163.11933468396796,163.4702440575616,8658674
2021-12-03 12:29:57.600987,159.55168347519793,163.26322896254092,157.93173171895322,162.48641307686887,1176490
2021-12-04 12:29:57.600987,163.88728900272264,163.826973635265,161.5595162563116,163.32969941739267,1488382
2021-12-05 12:29:57.600987,164.49723716325798,164.5218745918176,162.60081473723474,163.37077010555427,8832846
2021-12-06 12:29:57.600987,166.0163226965718,168.8460135270962,165.4857172673465,165.96425887333984,7568978
2021-12-07 12:29:57.600987,165.00234091705593,170.23079946830532,163.70189119093016,165.9154761230061,9671808
2021-12-08 12:29:57.600987,167.39227112058026,168.1617849657593,166.3860986211252,166.7701131168167,4290101
2021-12-09 12:29:57.600987,167.95353325152308,169.13717342881662,168.08828345595788,168.70204109966267,9557593
2021-12-10 12:29:57.600987,168.28529661839306,172.79111422653736,166.65975649096572,169.40591164591808,2563895
2021-12-11 12:29:57.600987,169.98832221637994,173.31055048189165,168.46353151049325,170.20000840359538,3760120
2021-12-12 12:29:57.600987,169.03407634669207,169.2619676458485,168.89972814594734,168.94320817410565,4735942
2021-12-13 12:29:57.600987,168.17588384457,169.8891413188392,166.94894968903785,167.30132808128155,8091947
2021-12-14 12:29:57.600987,164.25055651843203,168.61796611483916,166.15095111127746,166.18147095859524,2546901
2021-12-15 12:29:57.600987,170.55202520076557,169.56076117416197,168.95810426053504,169.5233254578194,2968962
2021-12-16 12:29:57.600987,169.88766286848127,171.9197076815749,169.28743131689743,169.44256900620158,1584444
2021-12-17 12:29:57.600987,170.62249444800918,171.71202068705608,171.05856172401909,171.49073920995409,1335754
2021-12-18 12:29:57.600987,171.12431343963976,170.9792399298047,170.78488978869674,170.92113649655644,4404800
2021-12-19 12:29:57.600987,170.9328395088525,170.18927226082923,168.5102041402023,170.16096321286705,5195370
2021-12-20 12:29:57.600987,171.25340089651576,171.84258010129574,169.60455441844275,171.74728087910307,5476889
2021-12-21 12:29:57.600987,171.35034030184448,172.44698286985016,169.18317275498515,171.85930030184358,6803658
2021-12-22 12:29:57.600987,171.9355647209306,174.8959314215512,171.73348356776472,173.02437059887333,7052580
2021-12-23 12:29:57.600987,170.26205869916177,170.22470393895583,168.0591220864084,169.1194851044566,1277126
2021-12-24 12:29:57.600987,167.8779520522088,168.16693995487424,166.5347489334541,167.47154963807918,9968937
2021-12-25 12:29:57.600987,174.29018361773268,175.14483936073992,168.33598511844957,173.3946304956345,1258686
2021-12-26 12:29:57.600987,173.68334609671274,174.2737982380179,171.13295793573187,173.2355551359765,9668799
2021-12-27 12:29:57.600987,171.1823090703916,173.4845916157259,168.8222647829745,172.56671066162988,6682041
2021-12-28 12:29:57.600987,170.23152770170077,171.3407995154063,168.2738545334888,169.94446406888972,1339417
2021-12-29 12:29:57.600987,167.2912307083624,169.30981830181386,168.3614911494801,169.2517098188691,2803979
2021-12-30 12:29:57.600987,172.19181408213663,170.79946685488383,164.45361908225675,170.63000190388118,1122013
2021-12-31 12:29:57.600987,169.54820130010512,170.4088223110349,167.3260935952399,169.06457546556783,9019914
2022-01-01 12:29:57.600987,171.9159411412106,172.12156946312192,169.32288324291585,171.0897076683632,5824165
2022-01-02 12:29:57.600987,168.96422339834422,172.0899172092992,167.16332442928265,168.86060639388975,8067737
2022-01-03 12:29:57.600987,168.6961209470807,172.09291609414782,164.99717276301965,169.65085479632125,9724299
2022-01-04 12:29:57.600987,169.5497982080862,172.2040900938561,169.4971559361982,169.62028003847672,8709606
2022-01-05 12:29:57.600987,169.7304059438851,169.2011276058524,167.5954025816619,168.6087229823097,2444710
2022-01-06 12:29:57.600987,169.98598882972536,170.88471010771227,166.91561014437616,168.9812103900507,4315195
2022-01-07 12:29:57.600987,172.72032692323415,175.31045885652057,169.1784402832521,170.92315170601233,9507151
2022-01-08 12:29:57.600987,165.3188359531216,168.43631054195166,166.9004551670212,166.97908712192188,9386749
2022-01-09 12:29:57.600987,165.77657258762892,169.26655160163637,162.58150559542122,165.9015024107303,4231466
2022-01-10 12:29:57.600987,166.4352447967867,166.44218907199226,162.0338854912409,166.02478686717433,1141823
2022-01-11 12:29:57.600987,165.67197566263042,167.0707040452409,163.56182632300158,165.63822679895975,1136061
2022-01-12 12:29:57.600987,162.39460544295707,164.5172083538314,162.4453246593,162.94494636711556,8125684
2022-01-13 12:29:57.600987,165.32844974777956,167.43685607108935,164.13965713067273,166.34811764977655,7513358
2022-01-14 12:29:57.600987,166.1170931688194,169.88643921740112,166.91670221307584,167.54786963195815,8604329
2022-01-15 12:29:57.600987,168.60646120300785,170.79450648278802,165.98640860036213,168.25616685715977,8541768
2022-01-16 12:29:57.600987,167.50346798008843,169.60605626835167,168.78411640938654,169.2759550102254,4740278
2022-01-17 12:29:57.600987,170.81656505283473,170.16482107649156,166.25663074234524,169.7581578637883,6936530
2022-01-18 12:29:57.600987,171.52116647285058,174.21086520878046,169.68625029292616,170.2651881619847,1080964
2022-01-19 12:29:57.600987,167.0877394287848,169.18937314258554,165.04303429983267,167.84590040835963,5408203
2022-01-20 12:29:57.600987,164.92907955074082,166.29067605008444,164.8999697005013,165.8336110360039,1120527
2022-01-21 12:29:57.600987,164.02339277631935,167.7990740715268,161.79292487755285,163.4333360535779,5103814
2022-01-22 12:29:57.600987,164.97173481859033,165.3957424669492,163.5371534769078,165.05661271949822,2129788
2022-01-23 12:29:57.600987,164.91689783024836,165.40981093922537,163.50565023998328,164.13751573536473,7685504
2022-01-24 12:29:57.600987,166.5306208348012,168.3876229615148,164.49758354821978,167.56930453902402,3079405
2022-01-25 12:29:57.600987,166.49599561456097,167.91873498588436,164.38321503980885,167.09033758154635,1101488
2022-01-26 12:29:57.600987,166.30913300414258,168.22274472254298,165.0263422211781,165.9537417602556,7231627
2022-01-27 12:29:57.600987,165.20957530433546,169.55729134946793,162.90583102953508,165.06270542511356,2668662
2022-01-28 12:29:57.600987,166.55119497637142,167.01302808640594,164.53662602729315,166.04772361286135,7546028
2022-01-29 12:29:57.600987,168.2385386700498,168.53721904816837,166.39070921789073,167.90086128552764,2169735
2022-01-30 12:29:57.600987,165.25065235827205,165.11662527539914,163.77524736238826,164.53420050194063,5147454
2022-01-31 12:29:57.600987,164.71542133244301,168.47835855918208,164.11707302318982,165.42421625131243,8162224
2022-02-01 12:29:57.600987,163.44755353363232,162.8717131676083,159.08513928066543,162.6107539725744,6447456
2022-02-02 12:29:57.600987,160.531372892768,161.24419745962288,157.82199937853673,159.37740818021962,9936953
2022-02-03 12:29:57.600987,160.3805334495795,163.9943139654581,156.37663453949082,159.23357793777964,6336403
2022-02-04 12:29:57.600987,160.03501315800042,161.17495009517432,159.34553101591305,160.53946539847885,1273464
2022-02-05 12:29:57.600987,162.35597757947215,163.90829131007203,157.7262311199828,161.87261700373068,7436208
2022-02-06 12:29:57.600987,162.67943473063866,166.1554748517837,161.33552700705903,163.2573607958394,1393217
2022-02-07 12:29:57.600987,158.89089720090487,161.59729880938488,156.66789120705718,158.55035577397842,1629584
2022-02-08 12:29:57.600987,160.48050828183278,162.9417988006548,160.60944262091627,161.74864395872783,4318813
2022-02-09 12:29:57.600987,163.36005129291775,162.137405726699,160.84774062362132,161.09238262212415,8868295
2022-02-10 12:29:57.600987,162.55107141788167,162.16865933983402,160.60150332318594,161.97102781751352,2069981
2022-02-11 12:29:57.600987,164.14648051856244,164.97874173710247,158.99953540985305,163.62610664562143,8978969
2022-02-12 12:29:57.600987,160.9025847517305,162.63617683807038,162.26485739213524,162.53938562846588,8937443
2022-02-13 12:29:57.600987,159.65713098268066,166.18966193376818,161.9835495784716,162.00399307619955,5489619
2022-02-14 12:29:57.600987,161.7448610416635,163.5562903179118,160.74778497996496,160.80946286798962,5465680
2022-02-15 12:29:57.600987,163.35344811093313,167.77150937716004,160.8817386765461,163.62679272159397,4068467
2022-02-16 12:29:57.600987,163.38480906809176,163.7315436524711,162.12335998484863,162.2842770615482,5560461
2022-02-17 12:29:57.600987,163.86114719599078,163.4109317897014,160.19874095600562,162.8109155908797,1269078
2022-02-18 12:29:57.600987,161.36486476952714,163.3040446305983,162.23394441431813,162.7769693670818,2499328
2022-02-19 12:29:57.600987,165.03482013544104,166.13604509719616,163.3614928759834,165.42738452689755,9865292
2022-02-20 12:29:57.600987,163.20158303048353,163.99152853118065,161.10694414597071,163.65713918909506,7544318
2022-02-21 12:29:57.600987,162.23762269481372,163.3834761154829,160.33888842188497,162.61097300888582,3951695
2022-02-22 12:29:57.600987,163.85692165335473,164.10072560820527,162.5925324374577,162.9649523894074,5386840
2022-02-23 12:29:57.600987,161.95632593416545,166.38537535419613,160.49014334898644,161.51645616420896,2170075
2022-02-24 12:29:57.600987,161.94739402392375,163.29843376520165,161.18874580412628,162.05589010789214,4338577
2022-02-25 12:29:57.600987,160.87724449170395,165.71113287193918,158.50199703158026,161.38172280149575,8367710
2022-02-26 12:29:57.600987,160.31115315348174,164.24256842169535,159.01925172443953,160.79320864962443,1620273
2022-02-27 12:29:57.600987,161.28784861312315,164.1136610621149,160.69509054683243,161.8139593428555,5711212
2022-02-28 12:29:57.600987,165.98985896559915,167.61861995574864,164.54342994612244,165.69556460791077,3428020
2022-03-01 12:29:57.600987,164.05903256878452,166.75272363787116,163.47093131879194,164.63165017062602,3504383
2022-03-02 12:29:57.600987,164.77040208189698,165.99650375606296,163.04646446671745,163.91466557471063,2961329
2022-03-03 12:29:57.600987,165.85322415961966,166.558608098239,165.49512700349626,166.52112394867638,7029760
2022-03-04 12:29:57.600987,161.3055164806849,163.49934074865797,160.65037710400082,161.8371121524702,8997095
2022-03-05 12:29:57.600987,164.6184061297296,163.6384600285332,159.3157801288397,163.50884119825685,6247013
2022-03-06 12:29:57.600987,163.97095879999904,163.59292093806877,162.06151271428985,163.1695969953766,4354018
2022-03-07 12:29:57.600987,164.79165602308788,165.64545500011027,164.4229967197675,164.88720482674873,5386592
2022-03-08 12:29:57.600987,166.7590439925336,166.27290493799623,164.28550848447043,165.90424120764305,2826962
2022-03-09 12:29:57.600987,166.15852903010733,166.84480076354336,164.55589723658298,166.4349599034836,5847687
2022-03-10 12:29:57.600987,166.9551135472418,170.42457740224998,165.87892810160307,167.84456109970822,2128538
2022-03-11 12:29:57.600987,164.03278904224354,165.2462900881964,164.24342936129705,164.31000176988692,9906212
2022-03-12 12:29:57.600987,164.20696433860724,166.61661355656278,163.37319477141747,164.4803463117686,5681805
2022-03-13 12:29:57.600987,161.88646371874393,165.99461232446967,161.79843290332798,162.78748623528548,2309746
2022-03-14 12:29:57.600987,167.483304154033,167.50134565683737,164.85051995634592,167.232919810804,6099356
2022-03-15 12:29:57.600987,164.91574143700154,167.1443918250835,164.20673922809235,165.28856285632082,4188283
2022-03-16 12:29:57.600987,163.55483055420817,164.31762456086432,164.29122468774827,164.29668041196868,5605944
2022-03-17 12:29:57.600987,170.17732053068366,169.34956439622485,168.15847150513105,169.03649318537973,1500214
2022-03-18 12:29:57.600987,168.8720078241874,172.54832583854954,167.69790266793623,169.47850362838972,2706455
2022-03-19 12:29:57.600987,167.8584821521321,168.79870781034816,163.58230045245975,167.64810037272235,7560194
2022-03-20 12:29:57.600987,167.6993415005678,169.5117774660421,166.64335536094129,167.52351817752515,4567027
2022-03-21 12:29:57.600987,168.4639363978327,169.96959337326288,167.5962884238353,168.78129365215648,5269209
2022-03-22 12:29:57.600987,166.78695523224974,167.91197184738695,162.47664263106626,166.46956178733922,4539285
2022-03-23 12:29:57.600987,163.03985683575624,165.0161029529634,161.7253960333151,164.37098038474534,4739869
2022-03-24 12:29:57.600987,162.61939064923166,164.63119018578416,160.07028664376696,162.5794819870904,7121024
2022-03-25 12:29:57.600987,166.0697675765565,168.44214274519206,164.737151456265,165.60669550933937,3827237
2022-03-26 12:29:57.600987,167.75518179160383,170.66386171083784,164.2141580572005,167.0613767503213,6025628
2022-03-27 12:29:57.600987,169.0134569141737,171.09872233354307,165.67545221156857,167.911817988439,3760679
2022-03-28 12:29:57.600987,164.16420143769415,165.33573564861854,162.85692057046387,164.48881973399327,7237392
2022-03-29 12:29:57.600987,166.09803510428196,167.34943091071668,164.3238756909683,165.67586362881968,5913123
2022-03-30 12:29:57.600987,166.98521717009857,171.31993035783816,163.90318613980585,166.9834326963036,8003464
2022-03-31 12:29:57.600987,170.22747031228423,171.0068132882326,163.48108327793008,167.78519529118967,8569180
2022-04-01 12:29:57.600987,166.44600784583514,168.05691756778302,165.3391002826688,167.03239028149108,2693399
2022-04-02 12:29:57.600987,171.18539479757794,174.2034904999632,168.0919468006984,170.17357551723052,5371634
2022-04-03 12:29:57.600987,165.20964261218305,166.32812292547862,163.14966609078024,165.51606918745415,8254587
2022-04-04 12:29:57.600987,166.78177276914272,170.44431227185913,166.65222867948185,167.4839838462986,4873280
2022-04-05 12:29:57.600987,167.77798141386984,170.69258041740687,168.229292830645,168.47434134200196,8555369
2022-04-06 12:29:57.600987,168.05711401942543,167.20365533209036,165.13106142085962,166.6997984532442,2226486
2022-04-07 12:29:57.600987,166.183720359853,166.3575426972328,162.21929014467676,166.23952500320559,2119325
2022-04-08 12:29:57.600987,166.50854945594912,166.5522527712281,161.05940366174488,164.84053079561448,8307134
2022-04-09 12:29:57.600987,163.88216752511454,168.46094953675566,164.27538053017707,164.59651999676453,7945398
2022-04-10 12:29:57.600987,161.90823756012793,165.6450313715328,159.76927761129156,162.92908432410664,8115956
2022-04-11 12:29:57.600987,163.59305127738628,166.03643443773908,159.84510056726066,162.25964903654872,3009585
2022-04-12 12:29:57.600987,160.97416311189136,162.3439170521061,158.45515886990063,162.01412879490715,1940540
2022-04-13 12:29:57.600987,158.0167443021712,158.29031176173007,156.89503735305664,157.60345983034267,1099393
2022-04-14 12:29:57.600987,159.92934128319166,159.64491708280886,157.3242437800413,158.0923145067098,9990740
2022-04-15 12:29:57.600987,157.51443562819983,159.9423958589824,157.15719813717635,157.59531730747034,4637224
2022-04-16 12:29:57.600987,158.64013946300807,158.69146361449182,157.49053363591108,158.57463708755634,7973737
2022-04-17 12:29:57.600987,161.8582969353266,162.15493244642633,158.60381759584425,161.2030324996142,7838777
2022-04-18 12:29:57.600987,161.27672454377281,162.8198599962409,159.95908917520475,162.43998815684472,9006074
2022-04-19 12:29:57.600987,162.89902715680995,165.02157852400117,161.41806401719546,161.89182620211545,5995709
2022-04-20 12:29:57.600987,162.26765245199428,166.4063975720694,160.54469342462173,163.2406641082888,8826421
2022-04-21 12:29:57.600987,163.16859545446806,165.6018288084316,163.12115672206866,163.54650685274868,1047079
2022-04-22 12:29:57.600987,162.52848187695446,164.17737091280586,161.52277474086333,162.54460518964066,5514010
2022-04-23 12:29:57.600987,166.67281442965856,167.7395920973885,163.72504839428487,166.53030941017286,2089603
2022-04-24 12:29:57.600987,166.6308164190952,167.2924179841348,164.75017297451592,165.96945192947516,2117503
2022-04-25 12:29:57.600987,164.84209036008622,167.0820181054948,160.25948281962337,165.15113553625906,5443668
2022-04-26 12:29:57.600987,164.05523361112571,165.31495342899362,163.95248826866248,164.14124065995657,5650373
2022-04-27 12:29:57.600987,164.24908442144306,166.30105505977116,163.29520383535268,164.97430285944031,2036525
2022-04-28 12:29:57.600987,163.17905127583754,165.31710620150034,158.13675775804072,161.975555041232,1129053
2022-04-29 12:29:57.600987,163.90063934714283,164.8459599103807,163.2790364354539,164.62676556543744,1514023
2022-04-30 12:29:57.600987,166.3945520442288,168.40394216839726,163.8635268000156,166.36970155578533,3774442
2022-05-01 12:29:57.600987,166.93663067032372,167.97792553450614,162.55237570493756,165.74993152063456,9276762
2022-05-02 12:29:57.600987,167.6459502425984,167.33466240179828,165.73246243442733,166.26663725465238,9122013
2022-05-03 12:29:57.600987,164.75512892255102,168.37932220763904,164.31038824716276,164.62646891651283,9536811
2022-05-04 12:29:57.600987,164.08134989018185,167.22716947266215,163.74735257095648,164.32255436524952,2036096
2022-05-05 12:29:57.600987,165.51037455357977,166.49080210611828,161.70960541745816,164.53994062531885,6305267
2022-05-06 12:29:57.600987,165.82405697658132,167.82719906269008,163.64480023234046,165.65800820519368,6182449
2022-05-07 12:29:57.600987,166.69741820644282,167.57361690082814,163.81662301046467,166.52379990018454,4396422
2022-05-08 12:29:57.600987,168.3821098834344,170.129381719433,167.66136595971483,168.45093609158982,5737047
2022-05-09 12:29:57.600987,175.34362426160695,174.94186382536822,173.840441987322,174.8866805050298,8584373
2022-05-10 12:29:57.600987,174.01911638681372,174.43547647071617,173.36732684109498,174.24370184002544,4447580
2022-05-11 12:29:57.600987,170.42934865193087,173.55609695105915,169.4810084668885,171.51290086224319,7450434
2022-05-12 12:29:57.600987,170.05920433643945,172.4977686721156,167.72940639556037,170.35322020480504,7012151
2022-05-13 12:29:57.600987,168.85209171138433,174.19778745409215,167.5850882099307,168.86087548097112,5766514
2022-05-14 12:29:57.600987,171.61578158553587,170.6194238305334,167.99886451574267,169.95155959155022,6274420
2022-05-15 12:29:57.600987,170.29039153354768,171.3976024059438,167.25928414783465,169.04275013995093,2603829
2022-05-16 12:29:57.600987,172.2835959117949,173.82442584587133,170.21695494743844,172.53921583303713,2171925
2022-05-17 12:29:57.600987,173.17884927113857,175.95387357808283,169.0593825889515,172.39175781980452,7241973
2022-05-18 12:29:57.600987,175.85801311253104,174.6288097830657,173.74768432635105,173.8317569539597,6291139
2022-05-19 12:29:57.600987,174.47740068958856,178.97146227367608,169.58500502082242,175.17736541299584,6909832
2022-05-20 12:29:57.600987,177.78457604437233,177.25309714496737,176.5972300358854,177.1568726715826,6829713
2022-05-21 12:29:57.600987,173.94267127334587,175.6524798541568,172.40334395413188,173.97609409931638,9302570
2022-05-22 12:29:57.600987,172.7763356635858,175.86481238183157,172.6576446890509,173.63650626298386,8426654
2022-05-23 12:29:57.600987,175.36840391157108,175.82406714042918,171.23883622921747,173.8694993716965,7993628
2022-05-24 12:29:57.600987,176.01814518719996,179.19707140465442,176.64701048789985,177.2658893436175,7410049
2022-05-25 12:29:57.600987,178.83660148851695,178.3272878314569,175.50237588883348,176.8222753537247,9821172
2022-05-26 12:29:57.600987,175.34524065269423,178.1757787757004,175.21209047758975,177.075848033809,5622817
2022-05-27 12:29:57.600987,175.00888020152638,178.49485834468564,175.58976518126192,175.90683076570394,8184853
2022-05-28 12:29:57.600987,173.68145815981106,175.57243946878717,171.6827363958914,173.6264673703754,2896565
2022-05-29 12:29:57.600987,170.45116916242827,173.63984379973994,167.57967230988487,171.44394489128894,5397281
2022-05-30 12:29:57.600987,168.3176908886487,172.07038275158365,167.9317776728677,168.6866174552542,4119589
2022-05-31 12:29:57.600987,165.26270825887823,167.91573492783783,166.6520711870463,167.09859331953373,8843780
2022-06-01 12:29:57.600987,167.02627861790953,170.38782941885256,166.14055956874157,166.8392804519265,6991333
2022-06-02 12:29:57.600987,169.08230281556686,171.27889154059724,167.1522551871755,169.3525905574841,3880072
2022-06-03 12:29:57.600987,168.29405331549836,168.74566072799544,163.28043136409332,168.16426635237733,6142380
2022-06-04 12:29:57.600987,167.33938678141885,171.78543009811813,167.51107113185833,168.73224470198392,8543113
2022-06-05 12:29:57.600987,165.65147414987246,170.29536136968213,166.0230151212241,166.64255017596213,6368085
2022-06-06 12:29:57.600987,169.15789986691334,169.45333385827374,166.80876064010585,169.25613025109737,5045328
2022-06-07 12:29:57.600987,163.85584836613083,164.6765270932095,164.38176517600436,164.52050494349237,7073012
2022-06-08 12:29:57.600987,163.05564167786073,164.2911850640679,162.90014930372217,162.91117386023126,1809236
2022-06-09 12:29:57.600987,163.70210727606752,164.90789819807384,162.62530627697225,162.72343078923933,9931680
2022-06-10 12:29:57.600987,165.43608885854601,169.5226073547706,164.47070251148182,166.04482240762061,5403441
2022-06-11 12:29:57.600987,163.6257583389534,165.25020365168018,164.3517986745912,164.88639688435342,4520888
2022-06-12 12:29:57.600987,159.41731688781502,161.36781177156195,160.139140949397,160.66144310686818,7026077
2022-06-13 12:29:57.600987,163.72154917180424,169.26331725551987,163.02486383536976,163.3774618891409,2715740
2022-06-14 12:29:57.600987,165.2136561563085,171.18797242290015,164.5912860658125,166.13977793626367,6144991
2022-06-15 12:29:57.600987,166.21729631088834,167.70452148331808,161.50202171173575,164.71868463864283,6064406
2022-06-16 12:29:57.600987,160.67643927214817,161.78062015099425,158.77596178234833,160.7555205214399,1180893
2022-06-17 12:29:57.600987,158.8173267008576,161.49632732517694,159.71779322900804,160.11401152460996,6106016
2022-06-18 12:29:57.600987,160.32913279679428,161.98355616975243,159.489328186022,159.52235974573892,3411896
2022-06-19 12:29:57.600987,159.83927917514336,160.66447941449528,156.09763404583762,158.08714701043434,2159381
2022-06-20 12:29:57.600987,159.79399157455683,157.9459725180454,157.11551752249292,157.8511612363656,2494469
2022-06-21 12:29:57.600987,158.9169353549342,159.10710508245592,157.09635180490454,158.02514130616785,2032200
2022-06-22 12:29:57.600987,157.35312066294708,159.6801941262698,155.39589875414964,156.8191003766504,2719879
2022-06-23 12:29:57.600987,154.74896794501018,157.62392810898956,155.05541715135666,156.7206388752227,1007283
2022-06-24 12:29:57.600987,154.52878540433474,155.62847451422235,153.32396889738726,154.47145107316095,6295581
2022-06-25 12:29:57.600987,156.3865762195822,154.4606181362463,152.56338149880062,154.22270301928336,3116141
2022-06-26 12:29:57.600987,157.29945322268705,160.44421325193485,154.4577152267849,157.41363880950607,9943153
2022-06-27 12:29:57.600987,157.1255403766152,158.45014552308842,155.2254904953567,156.85350625155644,5971311
2022-06-28 12:29:57.600987,153.0119065858908,152.57292832459183,151.85857871967318,152.35973003307362,8439298
2022-06-29 12:29:57.600987,151.78470057063248,151.29691860461878,150.6532450112896,150.92625246613372,9069167
2022-06-30 12:29:57.600987,148.4138979189834,150.79489434344916,145.96258301701909,149.63834207895923,4389648
2022-07-01 12:29:57.600987,146.50546112238052,151.82280234966905,143.14593973805796,147.68299448057783,2262019
2022-07-02 12:29:57.600987,146.83669111360464,149.16883499535115,146.79307642482888,147.87811664355985,4076519
2022-07-03 12:29:57.600987,146.87326149856685,147.2105325497571,142.42790682062363,146.93950153343195,2668295
2022-07-04 12:29:57.600987,146.40658377826966,149.56584772911083,146.7027284271891,147.24532495009254,1924515
2022-07-05 12:29:57.600987,147.59562366797786,149.62623503096077,148.0750329293773,148.66078131051697,7302457
2022-07-06 12:29:57.600987,147.20656727447974,148.6017871508852,146.03346362440482,147.0219364890277,7796073
2022-07-07 12:29:57.600987,148.76873612867632,152.56074355834042,145.66469724673377,149.1155712664203,2122014
2022-07-08 12:29:57.600987,144.1614681810083,148.51046588640693,146.69795273254903,146.81695884651097,5164040
2022-07-09 12:29:57.600987,149.56721902972822,152.11415223581204,144.98641595712206,149.45794653722177,9297621
2022-07-10 12:29:57.600987,146.86639325119367,149.25865981003807,147.90841604842745,148.40259299490967,5659821
2022-07-11 12:29:57.600987,146.9440678836799,148.20984173298152,140.56806837753254,146.76552806381187,3053168
2022-07-12 12:29:57.600987,146.16449834969566,147.47513171347555,143.50112383508244,145.7190824679811,9381942
2022-07-13 12:29:57.600987,144.28400430609645,143.84512165053172,140.6592177914489,143.67189520394552,5965181
2022-07-14 12:29:57.600987,143.40274047829735,144.54882284138236,141.30413950355202,143.01475142193055,2459225
2022-07-15 12:29:57.600987,145.20033995539487,146.4326607302724,143.40213484705697,144.0001382108664,8303755
2022-07-16 12:29:57.600987,143.05892329110054,144.67106295455457,142.1450729030342,144.00526081837145,6076524
2022-07-17 12:29:57.600987,143.90316510865162,144.28862753984325,143.09934388443295,143.8456084070726,1860197
2022-07-18 12:29:57.600987,143.09104573999298,144.97968803301177,143.30024511653028,143.84301233024752,2792198
2022-07-19 12:29:57.600987,141.69870577767313,146.92047213251644,143.18899764831886,143.97894995020778,7759357
2022-07-20 12:29:57.600987,147.5409943557495,147.80936260035844,145.65811911566414,145.9100845031684,3214584
2022-07-21 12:29:57.600987,144.95401705966376,147.29226502717202,142.47143138196188,145.75699934422616,5316989
2022-07-22 12:29:57.600987,146.81632846765874,148.8943019133879,145.11542083703822,145.48921863714662,9059559
2022-07-23 12:29:57.600987,146.2860408392956,149.61183417787743,145.43645364539967,147.49547336221914,9004807
2022-07-24 12:29:57.600987,147.56225327681423,147.19518715953902,146.34948241872672,146.71193757239467,7961970
2022-07-25 12:29:57.600987,147.2086043073606,149.39922193898954,147.2920498122227,147.65434360752002,6318477
2022-07-26 12:29:57.600987,147.8303043231839,148.5833661318378,143.62966723423776,147.65235425758033,6775790
2022-07-27 12:29:57.600987,145.9704777172943,150.16021812334708,146.5356387048859,146.97559827882046,1353298
2022-07-28 12:29:57.600987,145.95159040045704,146.0682262102532,143.89389435779447,145.5237840236362,9088733
2022-07-29 12:29:57.600987,142.3879665284084,145.92639568321965,141.40453116196883,142.92371015959932,6877335
2022-07-30 12:29:57.600987,142.6493076567925,142.27509742175954,140.17040817490076,141.4263755519067,3174105
2022-07-31 12:29:57.600987,140.70362857305074,143.47520344358352,135.82187391801688,140.53184611524782,9301818
2022-08-01 12:29:57.600987,137.77370812013717,142.22219740219813,137.79769601057984,139.11768370721563,8502180
2022-08-02 12:29:57.600987,139.86011243249968,140.630102772023,139.88887079151243,140.07764448045413,1232075
2022-08-03 12:29:57.600987,137.99438712849442,138.03260553175926,133.03948947744968,137.2731908118584,1032434
2022-08-04 12:29:57.600987,137.35702269527206,140.74556743553518,136.69862893461868,137.06543040988484,2076663
2022-08-05 12:29:57.600987,134.5490308571611,137.6888800940963,134.05260392356334,135.31848835163348,9073645
2022-08-06 12:29:57.600987,134.06229508546602,136.2231539332862,133.2011615274434,133.2751699200308,7065728
2022-08-07 12:29:57.600987,134.6969976060291,134.64218389511183,130.49870788766617,134.34441697212384,7947321
2022-08-08 12:29:57.600987,136.80566599154199,138.19930118697485,133.1966901891786,136.55307399157306,5103058
2022-08-09 12:29:57.600987,135.97036772028198,140.73108664675505,137.43769618881558,137.5031754436301,1000958
2022-08-10 12:29:57.600987,137.4355503836383,142.95434657463292,138.0195065136939,139.51619122150052,7921437
2022-08-11 12:29:57.600987,138.43077979989758,137.26622589381284,134.89186915014122,137.06155646561214,1535599
2022-08-12 12:29:57.600987,143.7868641215857,144.19459531716237,143.58097857299637,143.79876357709756,8032244
2022-08-13 12:29:57.600987,144.2042790396167,146.42603001891163,142.8826499455136,144.16363848353083,7379820
2022-08-14 12:29:57.600987,143.0735941929632,148.49922694505946,143.00478464861388,144.49295079151275,4089730
2022-08-15 12:29:57.600987,144.94271155198686,146.08961526766117,141.9558005962791,145.8605120360841,2697900
2022-08-16 12:29:57.600987,144.2740233892481,144.31978667079682,143.5224036215227,144.04050795064882,6109073
2022-08-17 12:29:57.600987,144.38056203960113,144.19097838665687,142.87292630502466,143.51985420761346,7414911
2022-08-18 12:29:57.600987,142.8892655786034,145.64876428785695,143.40265080792713,144.24360007092915,2169455
2022-08-19 12:29:57.600987,142.3144398084675,143.94495239236406,137.46803212043372,143.00214054512364,8303531
2022-08-20 12:29:57.600987,144.00294305456893,146.69515155236314,143.37522155539773,144.47517194756443,9504639
2022-08-21 12:29:57.600987,140.9227145698009,142.34965461357538,141.27138058684505,141.88995434003942,2535042
2022-08-22 12:29:57.600987,139.61110738199255,140.15806297071686,135.0629033435575,139.11684771912527,6867706
2022-08-23 12:29:57.600987,138.05459916747694,141.20579601070625,137.29166340249606,137.34597420200865,6902071
2022-08-24 12:29:57.600987,138.0767832655611,140.30459840535713,137.69467249205726,139.68782099267668,2472642
2022-08-25 12:29:57.600987,138.3639243907145,138.49647918794938,136.30391069540553,138.0775849054101,5684595
2022-08-26 12:29:57.600987,136.20565560274764,139.4883546203767,136.62535524812125,137.33793616588363,9961886
2022-08-27 12:29:57.600987,137.0904120581739,137.7716642848533,133.7940290266463,137.46857560600588,7802485
2022-08-28 12:29:57.600987,131.64914808001606,135.52577105061056,127.6144193630036,131.8410366731859,4293465
2022-08-29 12:29:57.600987,128.1086388655048,131.6846528764327,129.94212097628673,130.7961381280788,9084387
2022-08-30 12:29:57.600987,128.255262387262,129.0980083814715,125.30105363517933,127.89913381179136,3783423
2022-08-31 12:29:57.600987,123.72357766543159,125.81894963551309,124.00285370009489,124.59755821925785,4215524
2022-09-01 12:29:57.600987,123.90919362395697,125.45466336122801,122.59273646546376,123.12049540078829,6671878
2022-09-02 12:29:57.600987,125.28219342695857,125.32476887379559,121.75644178098214,124.32304832163496,1058537
2022-09-03 12:29:57.600987,122.9169767486405,124.3166441411448,121.9238403709821,122.6759235111011,4953803
2022-09-04 12:29:57.600987,122.05799946650554,121.29362930032508,118.87944299466685,121.04178772288361,3109451
2022-09-05 12:29:57.600987,121.64033385442444,122.56161306875188,121.33350284356669,121.41955126118557,8002199
2022-09-06 12:29:57.600987,117.43380890115273,119.52961261948123,118.02862227220525,118.38352410241312,7167780
2022-09-07 12:29:57.600987,115.1397649153777,118.05602619343604,115.51232399151155,116.8400864142269,4488926
2022-09-08 12:29:57.600987,112.3251417734409,115.62241687576943,114.02237367724193,114.74528794924117,1339949
2022-09-09 12:29:57.600987,113.32360381954122,115.81356636980557,112.39966916337005,112.81890627044245,1280708
2022-09-10 12:29:57.600987,111.77603549783116,110.57359482569414,108.79698723609579,110.43769107739338,7424819
2022-09-11 12:29:57.600987,110.81015491376125,113.62076854044072,111.38484170278765,111.73573536176848,1087030
2022-09-12 12:29:57.600987,110.3406775478897,114.10405241963625,110.38591323630565,110.64003907027646,3761899
2022-09-13 12:29:57.600987,113.81809870698824,115.81569661223122,112.45609727516442,113.89873220339629,2874193
2022-09-14 12:29:57.600987,110.93461264850404,112.04464169832664,111.12928440723724,111.60173825493155,5953260
2022-09-15 12:29:57.600987,113.05062317670894,111.30850329561758,109.27409455951633,111.14271897804511,5051953
2022-09-16 12:29:57.600987,108.32037127078809,111.76970151258207,108.14323056535123,109.47533013408045,2707198
2022-09-17 12:29:57.600987,109.88673399757008,112.10658679241183,109.31357903807523,110.59305019484299,8691907
2022-09-18 12:29:57.600987,110.94660397191467,116.97149970103207,109.77810729267166,111.63079640465122,6862242
2022-09-19 12:29:57.600987,109.48504033525248,112.33149274644053,109.5185059012465,110.8607841585835,8663477
2022-09-20 12:29:57.600987,113.83682446149002,115.25242464601338,112.46146074150914,113.51997800933482,8212122
2022-09-21 12:29:57.600987,111.52358130455843,115.85767624386122,109.91668447584246,110.81410889591508,7907154
2022-09-22 12:29:57.600987,112.88151341737489,112.27102209032469,110.42977078676937,111.29975784146494,6275675
2022-09-23 12:29:57.600987,109.20477288915313,110.33629690301025,108.64197788822149,109.4951982881674,2664004
2022-09-24 12:29:57.600987,109.77081956325566,110.72267362936502,107.92968581442477,109.56976202947116,7545021
2022-09-25 12:29:57.600987,106.28735785380097,107.59489608469083,105.82997423111705,107.35718881717378,1018473
2022-09-26 12:29:57.600987,108.47859470548853,109.24134915825178,103.84322290801404,108.05880701631321,4212257
2022-09-27 12:29:57.600987,107.10084513408114,110.94287759916516,104.5592294425764,105.82917338342449,8405296
2022-09-28 12:29:57.600987,110.05655968369793,111.90864826934822,109.46449402373558,110.04413536953327,6588733
2022-09-29 12:29:57.600987,110.3135590170618,115.32041196980755,111.44470575162691,111.56640882919385,1688229
2022-09-30 12:29:57.600987,110.18570234331168,110.53470765911081,107.77216888285528,110.24165120138477,8301511
2022-10-01 12:29:57.600987,113.62556577143081,111.8594878788298,108.95111383811874,111.56894412556011,3577215
2022-10-02 12:29:57.600987,112.14682857667142,111.57716173729932,110.8187294852457,111.41462862148506,2298848
2022-10-03 12:29:57.600987,114.12965918501543,113.64472210660716,111.92181655047085,113.19021841738514,3993819
2022-10-04 12:29:57.600987,113.5235387004146,114.80708771881123,113.51984621675618,113.9462297615349,4259192
2022-10-05 12:29:57.600987,116.70755388716164,119.46819407671732,115.5940397725726,116.25796477551168,6147201
2022-10-06 12:29:57.600987,117.05444930151987,117.28244639487868,113.60800618394045,116.38910874663857,9114088
2022-10-07 12:29:57.600987,113.4778141680602,117.68380734285287,115.15505206666805,115.89914566993049,3329928
2022-10-08 12:29:57.600987,117.33753642266865,119.26213469112555,118.15597976562282,118.3204166011152,3887293
2022-10-09 12:29:57.600987,116.48245453345085,118.3279791041025,112.04746695443454,116.96076810481155,2825125
2022-10-10 12:29:57.600987,116.50102843582633,119.28451565812561,114.26743794038887,116.36973829235167,5888731
2022-10-11 12:29:57.600987,118.07096023363431,116.91816877670345,114.11223536958079,116.8120330654239,8454209
2022-10-12 12:29:57.600987,121.22394020409277,122.93057899727111,119.65467581590156,119.97722203942135,4761785
2022-10-13 12:29:57.600987,124.20569119179176,124.71631769236822,123.29404936575673,124.09399287960039,5043357
2022-10-14 12:29:57.600987,122.07011362989017,122.20982084925085,121.9525910765023,122.12418733907398,6039775
2022-10-15 12:29:57.600987,121.02415705595831,122.68138247186918,121.37233540669325,121.93809828307822,2152246
2022-10-16 12:29:57.600987,123.08222703135152,125.52845456205745,121.2096090359457,123.86180444990613,4526900
2022-10-17 12:29:57.600987,125.06013985626085,125.27101998327176,120.16847658050864,123.2789683432021,6393888
2022-10-18 12:29:57.600987,122.78897163055827,123.92422168987036,117.06440635806713,121.71574327760925,2577454
2022-10-19 12:29:57.600987,119.9816841707408,121.14589911926916,118.75777861408613,119.13066182065748,8992052
2022-10-20 12:29:57.600987,117.90038531507084,121.5961161347913,118.76691141414364,119.71069712148783,6054401
2022-10-21 12:29:57.600987,118.01373063486344,121.64580037071121,113.09878691154293,117.80584101674721,6489146
2022-10-22 12:29:57.600987,117.03652799040839,117.69393594977463,112.97311365346272,116.85417525534604,9398356
2022-10-23 12:29:57.600987,117.41531785057043,121.48270950933514,118.28523334602173,118.69528802939779,8712674
2022-10-24 12:29:57.600987,119.6423554688215,119.8525179728625,117.3631537156361,118.40834242932652,3598805
2022-10-25 12:29:57.600987,119.36610189281458,120.94512311677934,118.83693032352993,118.91808666920271,7068152
2022-10-26 12:29:57.600987,118.45727108625579,120.27205453233336,115.59950716402055,119.21558688859085,1432534
2022-10-27 12:29:57.600987,119.83374298147224,120.53284852484462,117.25249075825175,118.82750749339806,1225956
2022-10-28 12:29:57.600987,120.35608674470116,121.03978523895928,118.95215024559982,120.77347871543306,7981715
2022-10-29 12:29:57.600987,117.78422444873883,119.51548970322898,117.38272511240687,119.22018047606919,8847741
2022-10-30 12:29:57.600987,113.68128667739357,118.89751037317345,112.97244075663139,115.36163496842195,7023584
2022-10-31 12:29:57.600987,116.34917979606446,117.50811282206982,115.52379025287544,116.46803032002418,2894000
2022-11-01 12:29:57.600987,116.42596077087182,119.73181467623678,115.03794133775908,116.9148254675317,5003507
2022-11-02 12:29:57.600987,121.74760731675059,122.56496963802104,120.91401182831572,121.59350454722679,3423779
2022-11-03 12:29:57.600987,123.4354412258711,127.13966099719909,123.02812334500786,124.57971268623477,5688947
2022-11-04 12:29:57.600987,129.12137565668763,129.70645238678256,125.82964842721411,127.36264257241747,4107068
2022-11-05 12:29:57.600987,130.29251491494645,131.38477233948234,127.35015040641922,129.64048747439003,3745312
2022-11-06 12:29:57.600987,128.3032397865376,128.55489617570564,126.0887847374657,127.82856746868045,9800583
2022-11-07 12:29:57.600987,126.88839834437675,126.06631760903676,123.46848539531805,125.80148261651476,9363392
2022-11-08 12:29:57.600987,124.6580482721275,129.38300365540502,122.47359573124953,124.82524676189712,7246249
2022-11-09 12:29:57.600987,122.83970792627977,125.46893182734608,120.38486773447589,122.6071867488825,9287995
2022-11-10 12:29:57.600987,121.66164545043647,122.41269070959139,117.32980177465183,121.28664958337673,7383448
2022-11-11 12:29:57.600987,124.62939639111504,125.70540220760768,123.22031183671737,123.88000928859026,1827560
2022-11-12 12:29:57.600987,124.34317357697547,126.41193687590084,123.94562488340142,125.75090394857389,3216672
2022-11-13 12:29:57.600987,123.86466118561027,128.9200936955275,125.039195959623,125.12743378219896,1599970
2022-11-14 12:29:57.600987,125.56642488019398,128.0043478414587,123.32119695902784,126.08735511210563,9086700
2022-11-15 12:29:57.600987,126.43108286073002,126.06600253283328,125.13224089243164,125.99468354251971,6465698
2022-11-16 12:29:57.600987,130.36162033350513,130.45890194001936,126.75034697233488,128.5745209631792,3139218
2022-11-17 12:29:57.600987,127.2748054014208,128.64435412082253,123.20343079473513,126.94251922276926,9748192
2022-11-18 12:29:57.600987,127.05097541592106,128.0294753408703,125.27459140915123,126.97600534986188,1795630
2022-11-19 12:29:57.600987,125.99512690365071,128.09820511895555,122.37813199014651,124.89001071075447,8316746
2022-11-20 12:29:57.600987,123.81627761897339,125.16419118798262,123.12210087795124,123.33202565906754,4534739
2022-11-21 12:29:57.600987,125.90293155971469,127.67836176834105,124.41223882456518,124.82880379152081,5533326
2022-11-22 12:29:57.600987,128.58120064634485,130.06993432295423,125.23864297877363,127.77504282785827,8911407
2022-11-23 12:29:57.600987,129.89106636688737,133.12870359998354,131.40894350716712,131.66241828503635,9663680
2022-11-24 12:29:57.600987,133.88543552721873,135.22208518055226,132.67532671906034,133.77099565629084,4693082
2022-11-25 12:29:57.600987,134.18249734474958,134.96168555235153,132.28767386076524,134.24129583093787,5976486
2022-11-26 12:29:57.600987,134.2950037092808,135.30554928543583,132.72037664737695,134.527935131501,1905913
2022-11-27 12:29:57.600987,133.13806571696773,135.40847685609856,130.34778329418535,132.84735508801182,5850741
2022-11-28 12:29:57.600987,128.84952593812793,129.42515496578906,127.86601125157955,128.72994131525155,2826194
2022-11-29 12:29:57.600987,126.76468399654279,128.48766424159587,123.63153993582839,125.83418316735742,6706170
2022-11-30 12:29:57.600987,125.55820489991908,126.7911646701238,121.31590414210443,124.27072454293356,2696362
2022-12-01 12:29:57.600987,127.92862586616893,130.00050074770374,128.60476828026972,128.65032783222196,4771809
2022-12-02 12:29:57.600987,127.368265124024,130.37769544718722,126.94363502056186,128.06126509681906,7946779
2022-12-03 12:29:57.600987,132.87801929232836,134.70441401030504,132.92310684476996,132.98730050354231,4394618
2022-12-04 12:29:57.600987,129.8431183289229,130.23655039263824,129.44645914340168,130.21451456646176,6325241
2022-12-05 12:29:57.600987,130.4504133282218,130.5790605688462,128.31565443468423,129.92928454738754,7709607
2022-12-06 12:29:57.600987,130.38379758644535,131.34612863515352,129.19840462317586,130.78115221311754,6041663
2022-12-07 12:29:57.600987,131.39425398285445,132.00435147309543,131.2852931455939,131.76029613686745,6049197
2022-12-08 12:29:57.600987,132.54896225206863,130.44879411093706,127.82937232902222,130.26540342393474,6479609
2022-12-09 12:29:57.600987,132.75011306872346,133.92420492844462,127.37181427169534,132.59292908269742,1253746
2022-12-10 12:29:57.600987,127.05721975512213,128.52084749944356,127.12321963308675,127.82859271968485,1973442
2022-12-11 12:29:57.600987,132.03978160138573,129.86245778915543,128.44637469205574,129.8488027606223,9104544
2022-12-12 12:29:57.600987,131.27224910166768,132.43856255542252,127.47391405356716,130.79630107288068,4232368
2022-12-13 12:29:57.600987,130.131383166464,131.60655810477488,127.43715537982271,130.51831498491308,4586146
2022-12-14 12:29:57.600987,135.33890307670376,136.38155267272444,133.14130012092065,133.5172516923853,2943927
2022-12-15 12:29:57.600987,135.77585852877237,138.43180399271245,133.6676474505212,135.61049659970107,4379162
2022-12-16 12:29:57.600987,137.5946646972608,138.65700417089528,137.2018867105835,138.13966177632574,8345185
2022-12-17 12:29:57.600987,139.38748225925391,140.56452516521736,136.9107935228676,138.46267230629292,5101909
2022-12-18 12:29:57.600987,141.79487910777218,141.88360845952207,139.3924463231956,141.11551359817324,3166165
2022-12-19 12:29:57.600987,143.11805555592903,142.40145397652827,141.66949566087055,141.947013057476,9110997
2022-12-20 12:29:57.600987,141.01299141995148,143.5953497701385,141.93048338754573,141.9904433303664,2134834
2022-12-21 12:29:57.600987,139.59368742476988,140.61441393636258,137.34814393473295,139.68080403080452,1291480
2022-12-22 12:29:57.600987,139.28460444494945,141.6299170777522,137.96001453987108,139.45454097766054,3815540
2022-12-23 12:29:57.600987,136.54534514434522,139.6207354992328,138.43859039919957,138.55702004688558,4436107
2022-12-24 12:29:57.600987,138.99114906578453,138.973501895307,133.7876174967133,138.3610403537181,8792035
2022-12-25 12:29:57.600987,138.5458036110336,141.36658444812272,138.9029694457327,139.3496718209115,9555340
2022-12-26 12:29:57.600987,140.35047194108404,142.09971313748224,140.06827731321366,140.64497060235055,1758830
2022-12-27 12:29:57.600987,140.55396548074378,142.38070499948535,139.5755489763045,141.76126372910886,9910546
2022-12-28 12:29:57.600987,138.5609754792184,139.91033003088015,138.8702157024583,139.62202895697044,3507960
2022-12-29 12:29:57.600987,137.26045429816088,137.94496975239858,137.05730992175873,137.17248628851397,4902191
2022-12-30 12:29:57.600987,132.93577361702796,137.22177556763734,133.50865018594553,134.3020044128127,5492589
2022-12-31 12:29:57.600987,130.11955022559633,133.22000046918018,130.45655514151716,130.4725548891414,3227791
2023-01-01 12:29:57.600987,135.81288479154213,137.44781838378063,133.85600642573294,134.9603733206935,9340366
2023-01-02 12:29:57.600987,134.79489762492437,136.08935820869263,134.1427886720119,134.96704843036,6249549
2023-01-03 12:29:57.600987,135.68179236379785,138.12854356287414,134.52600865972033,135.07341703632093,7080567
2023-01-04 12:29:57.600987,137.1890540134282,138.18592968754496,132.48565970469042,136.27604295246138,8436603
2023-01-05 12:29:57.600987,136.81152895995956,139.33075473642117,136.38644996801457,137.737971587999,7308424
2023-01-06 12:29:57.600987,138.6920094110408,142.5913000554536,139.07295328471838,139.4062247634008,6160703
2023-01-07 12:29:57.600987,138.3760682289056,141.43653181834858,135.78447409278468,138.9414378100014,3773495
2023-01-08 12:29:57.600987,140.76070520991945,140.69103853967457,139.01043646452462,140.48930593840183,3409734
2023-01-09 12:29:57.600987,139.90410983345507,141.58525158771386,138.3420016802021,140.5466474425317,7667863
2023-01-10 12:29:57.600987,139.62902159907776,141.81594538158606,140.36797796815117,140.63439241303678,5382063
2023-01-11 12:29:57.600987,139.79015180949972,142.55359246068744,140.5240422609582,141.26298754963176,9590585
2023-01-12 12:29:57.600987,146.68420745924132,150.8560336071861,142.19566988516982,145.10182884603842,5302210
2023-01-13 12:29:57.600987,141.4788869230392,142.6902628061389,141.18930664758244,141.40525548335282,2948390
2023-01-14 12:29:57.600987,142.19656114322692,143.21678216061082,135.77510325591842,142.3149130549948,9822240
2023-01-15 12:29:57.600987,146.58712705618262,146.38960316727008,142.28802446784874,145.26531037419105,1525033
2023-01-16 12:29:57.600987,145.43802759928207,147.04632273588436,143.40025720495703,143.63445714400822,6591566
2023-01-17 12:29:57.600987,148.17298972118428,148.04762072106465,146.87275541643473,147.4044139577805,2277652
2023-01-18 12:29:57.600987,149.91144970883371,152.6272185125615,145.72090353357046,148.33212658171175,5471507
2023-01-19 12:29:57.600987,148.34891129207864,148.84937497580785,145.59369552343358,148.05527489860197,1645719
2023-01-20 12:29:57.600987,148.47796163551484,150.37228366274152,147.802641086032,148.853891755379,5247280
2023-01-21 12:29:57.600987,150.77967367177024,151.15789000398348,149.25766902296868,150.9241101914731,3610849
2023-01-22 12:29:57.600987,150.13685957444486,149.8635824983508,148.2658923183738,149.3076285552781,2901527
2023-01-23 12:29:57.600987,151.5351831183853,154.45643120792587,150.08456816497662,151.84329326895977,7224986
2023-01-24 12:29:57.600987,154.07378288408884,157.75571935222732,150.18379667059057,154.5488564251627,3381626
2023-01-25 12:29:57.600987,153.92244553757766,155.92155660614463,152.80582914723428,153.4930427366391,8073674
2023-01-26 12:29:57.600987,150.00201097369023,152.3667573340686,148.5510549760018,151.70379956202837,4366424
2023-01-27 12:29:57.600987,152.97530836713452,156.77041691266498,151.45786629755165,153.3477962916936,4542005
2023-01-28 12:29:57.600987,151.671155458512,150.95932993291981,148.48497332478743,150.85604214815052,7844047
2023-01-29 12:29:57.600987,151.4715675968285,156.14994181996272,151.322441556023,151.68617995455733,8660897
2023-01-30 12:29:57.600987,153.06613239031338,154.3958390848052,151.19462830069665,151.85254417210356,7434160
2023-01-31 12:29:57.600987,151.92038493100603,153.65690779881209,148.2545225019651,151.88823978756838,4227879
2023-02-01 12:29:57.600987,149.36805019978968,151.10148940197615,147.99024265268747,149.47900663630526,6862130
2023-02-02 12:29:57.600987,151.35422514301865,155.41006052796746,149.65141468208282,151.1960196617836,3289856
2023-02-03 12:29:57.600987,152.75367192814912,152.38236758478604,151.70067901212468,152.23718919488894,1544999
2023-02-04 12:29:57.600987,153.8244531736845,154.6321755360328,150.4421337651115,153.73016077266922,4713124
2023-02-05 12:29:57.600987,154.41088922589492,154.50585818444355,153.56576731933782,153.81820320255102,6286782
2023-02-06 12:29:57.600987,152.6467118905668,154.60849603678486,150.823809741306,154.08279812413326,2119462
2023-02-07 12:29:57.600987,154.41772249953942,154.44288830720853,152.01179104255706,153.80605396938387,2038434
2023-02-08 12:29:57.600987,154.44376417791688,155.66306997195048,153.0459969823584,153.37193118636358,4429376
2023-02-09 12:29:57.600987,155.93175227764362,158.5147419615593,154.2416922049712,156.7892090752102,1590039
2023-02-10 12:29:57.600987,160.35696045174032,163.2614616748118,156.7012184808178,158.5922492099609,2996970
2023-02-11 12:29:57.600987,158.50591369758382,160.5722512962732,158.0499489494097,158.50692689375578,1778773
2023-02-12 12:29:57.600987,159.53921601862427,162.95867190387372,158.98523681751539,159.69320342795135,9920698
2023-02-13 12:29:57.600987,158.0920398668175,159.24700858071944,156.73823484042742,157.46572261708954,1985949
2023-02-14 12:29:57.600987,157.99577803489703,160.20778415549756,157.4127975583364,159.74317353609365,8450657
2023-02-15 12:29:57.600987,162.80071964755692,163.9555835458176,161.04815904367103,162.21502593062206,5481784
2023-02-16 12:29:57.600987,162.39833199198506,164.15908311979493,162.94704610993807,163.49287874130047,9748636
2023-02-17 12:29:57.600987,163.07025540702827,164.43412382999549,161.82900015214446,164.1765231679405,2664070
2023-02-18 12:29:57.600987,165.7232415953509,166.84932498350355,161.81938966571244,165.56243809479426,8997747
2023-02-19 12:29:57.600987,165.58525263946473,164.5872140406607,162.63581910276997,164.23033567143557,6122989
2023-02-20 12:29:57.600987,163.8558561447426,164.83573803110292,162.6943737334558,164.82068343156976,6036864
2023-02-21 12:29:57.600987,165.70539461038106,166.03964284900394,164.67544066582235,165.72953201136772,4039046
2023-02-22 12:29:57.600987,164.38724812882344,164.902936030094,163.44944785556345,164.2014592802154,6552226
2023-02-23 12:29:57.600987,165.586919480503,167.52858410507028,164.31688284864615,166.57788076655314,9211961
2023-02-24 12:29:57.600987,165.80226386110036,169.58434048792964,163.95886512777102,165.29352221514696,8252556
2023-02-25 12:29:57.600987,164.70916476287456,168.71892436509302,161.2940582441241,164.4694279197111,5858300
2023-02-26 12:29:57.600987,163.07079971020076,164.9441670038957,162.018257456744,163.0070748945533,1894144
2023-02-27 12:29:57.600987,161.49345968892476,164.7817862932007,158.68187904070018,161.94370434834403,4550742
2023-02-28 12:29:57.600987,161.26757614265352,160.48780753810993,157.0751475286523,160.36267191109891,3685783
2023-03-01 12:29:57.600987,162.6143609695825,164.93454529875623,160.1262799413133,161.72529570566613,9139211
2023-03-02 12:29:57.600987,164.05204588628322,165.4020531778319,161.20947511210426,163.2457920870582,1654335
2023-03-03 12:29:57.600987,165.9678183255123,166.3350196988637,161.1991563769207,163.95177482558347,9869229
2023-03-04 12:29:57.600987,162.27015577139952,164.2400370158398,159.27625389538113,161.61646837911172,3087923
2023-03-05 12:29:57.600987,163.09369449109417,165.981831611263,162.407525510745,163.55778151548222,9129392
2023-03-06 12:29:57.600987,164.58808915856818,164.37028045122833,161.53016409031088,164.0861489414923,1310867
2023-03-07 12:29:57.600987,165.01932631096636,166.74405586737427,163.45656029323263,166.11078605470254,2664195
2023-03-08 12:29:57.600987,165.92129120167183,167.0068634774455,162.5750356183736,164.71533020602385,3168950
2023-03-09 12:29:57.600987,166.047857368143,167.4855105159295,162.92017313973085,167.30031166523355,6001510
2023-03-10 12:29:57.600987,168.71203326390162,168.43377112274243,166.39654922794304,167.08698699739273,1762641
2023-03-11 12:29:57.600987,167.8777128632078,169.58513893637854,165.2631916870011,168.06235937169464,6594021
2023-03-12 12:29:57.600987,168.77921205907802,170.38449458361802,169.03887616293173,169.62694583309397,4309086
2023-03-13 12:29:57.600987,165.63489168471588,166.5875113600841,163.5639221212802,165.40006191884126,1782604
2023-03-14 12:29:57.600987,167.50496866910564,170.09385790245867,166.93828899181605,167.97252286872495,8301683
2023-03-15 12:29:57.600987,163.960799606463,167.9950647681457,165.61951818290015,165.73774469998745,5249460
2023-03-16 12:29:57.600987,165.72990476286068,168.327135478052,164.15666069184866,165.07388757988747,6174116
2023-03-17 12:29:57.600987,165.22330543158978,164.89205721565352,161.75162032136913,164.63368091376805,9740730
2023-03-18 12:29:57.600987,165.09662805838045,166.09894309159316,163.9216948376362,165.31908631861083,3163858
2023-03-19 12:29:57.600987,170.01052120474128,169.78058961290876,167.19806967691184,169.45578163854998,1990566
2023-03-20 12:29:57.600987,167.94308967787504,169.0352155233201,164.26757641798983,167.53243459967373,8398730
2023-03-21 12:29:57.600987,166.96935304945646,167.41748455599208,165.36616280234887,167.03734508792346,5417363
2023-03-22 12:29:57.600987,165.11655123578268,168.37850142784697,162.6424582264054,165.7600803782249,2365398
2023-03-23 12:29:57.600987,165.0105217053531,166.0690688597491,164.18392788585714,165.34258965320976,1128430
2023-03-24 12:29:57.600987,166.01939054449102,166.1980840369697,164.19842440252157,165.52863402158255,9796097
2023-03-25 12:29:57.600987,164.39262284744802,168.66921611358487,164.76551550091506,164.94518539049005,5648838
2023-03-26 12:29:57.600987,161.34176538853663,162.8794300653609,160.3831011042565,161.68491620312204,6313965
2023-03-27 12:29:57.600987,159.3698515626108,159.0555797084779,156.3424867413648,158.04557338674184,1092454
2023-03-28 12:29:57.600987,157.026979400335,159.25235584497386,155.49326838988512,157.1930739154899,3194352
2023-03-29 12:29:57.600987,151.04977169048678,154.86793416880067,151.72892361696267,151.85906030637108,6834921
2023-03-30 12:29:57.600987,150.43486207242785,152.40256774914218,149.5564287136673,150.96301023452963,3980887
2023-03-31 12:29:57.600987,150.60933556140247,152.89949007847045,151.36184364656233,151.78044487005695,2764336
2023-04-01 12:29:57.600987,156.7141547073055,157.0636136497651,155.5214183691822,155.59988998192588,7712827
2023-04-02 12:29:57.600987,157.40389971231448,157.65231924528499,153.9748889247884,156.8797367713231,9938304
2023-04-03 12:29:57.600987,154.96133593768835,157.6824370991847,156.30885339496214,156.86519445626612,4803765
2023-04-04 12:29:57.600987,152.03791059410364,153.71025838087073,150.3336498734382,152.24821243318522,9733525
2023-04-05 12:29:57.600987,151.93991778236446,155.75180817014174,151.12370788577746,152.7809013628952,9597785
2023-04-06 12:29:57.600987,150.8661535899949,153.954235546038,147.9831313213219,151.2004789235092,6369694
2023-04-07 12:29:57.600987,150.30715767996554,153.9196844017208,151.03104606175054,151.22787479272048,7039046
2023-04-08 12:29:57.600987,152.08231067179568,155.14057828773667,151.77823946030136,151.858990419841,8332401
2023-04-09 12:29:57.600987,152.6904482228088,155.40944148326054,150.2636346525052,152.0909692548922,4945307
2023-04-10 12:29:57.600987,153.08159896324665,155.29164107214515,153.26689147208575,153.60339048806952,4929327
2023-04-11 12:29:57.600987,156.2673647871723,157.840397206808,152.07861266282097,154.98982140762743,4490561
2023-04-12 12:29:57.600987,153.06997585946797,155.40301696226533,150.59909694875708,153.50207691667774,2627883
2023-04-13 12:29:57.600987,152.38341953041632,153.4746303923407,150.86172190989208,152.0393697145545,5673201
2023-04-14 12:29:57.600987,151.2465324545156,154.82410668432962,151.53494779503876,151.693247458449,4546916
2023-04-15 12:29:57.600987,149.29102046562437,149.86624616243745,145.54047769289218,148.67200466429688,6721593
2023-04-16 12:29:57.600987,146.550044337803,151.36131600232855,147.22457131942298,147.4534141170114,5880846
2023-04-17 12:29:57.600987,148.56244102375635,150.7409376263941,146.8421862558462,147.20738553557962,8399315
2023-04-18 12:29:57.600987,146.77510321642373,152.33056479403507,147.34385353705827,149.05122531445159,2141667
2023-04-19 12:29:57.600987,143.5244534907092,146.08190150405804,144.9138135869454,145.168306232363,4280302
2023-04-20 12:29:57.600987,144.27292585065877,143.6159248275653,143.01240237974764,143.4464012980429,3953294
2023-04-21 12:29:57.600987,142.24854160490952,146.66026641227623,142.26402248140803,143.39184901576178,9911015
2023-04-22 12:29:57.600987,145.73861356266605,149.80550996530351,146.43017897605043,147.05076341371173,3722426
2023-04-23 12:29:57.600987,149.59608550210373,150.36693676787775,149.38107025950742,149.39536941583458,9137721
2023-04-24 12:29:57.600987,152.2475967088463,153.83139800041707,150.07760069582838,152.70174162546917,8385472
2023-04-25 12:29:57.600987,153.72560865463905,154.81851290466287,152.40276748720964,154.16704625804067,8624457
2023-04-26 12:29:57.600987,157.56131554789093,157.5165508165167,153.24751694718017,155.46078054244745,5863749
2023-04-27 12:29:57.600987,158.7572273101116,159.26734234010686,154.56577172535262,157.75771493277423,9376979
2023-04-28 12:29:57.600987,155.20805290101742,155.80470536051357,153.26841197955633,154.6237756636682,1459431
2023-04-29 12:29:57.600987,159.2291136187974,158.33800584734746,156.50144048782755,156.84431806306281,2436660
2023-04-30 12:29:57.600987,159.28882984605988,162.38869805346454,158.47283390718226,159.40797003306528,8740566
2023-05-01 12:29:57.600987,159.87091516298273,159.7833393682666,157.3417768603532,158.8525212528512,9201513
2023-05-02 12:29:57.600987,159.69436778947525,164.09805624826527,159.41899780147492,161.58000653669592,7122137
2023-05-03 12:29:57.600987,158.7998703513771,162.27757507037825,157.05972792915654,159.46077750766185,2388011
2023-05-04 12:29:57.600987,157.83662560566353,157.83457959845657,156.54651919369996,157.22070292037174,1103691
2023-05-05 12:29:57.600987,160.8457802237942,162.40101331477308,159.3305735019189,161.30509847624896,4373489
2023-05-06 12:29:57.600987,164.70038023284516,166.91515399194495,163.51472043942047,164.71987303133955,9621197
2023-05-07 12:29:57.600987,164.75064378325564,168.43280551979547,164.95186405698973,165.13928860981954,5224787
2023-05-08 12:29:57.600987,164.8115921321776,167.9356416789991,163.03986587356928,166.153546049586,5880780
2023-05-09 12:29:57.600987,168.86149308135796,169.13210713107208,167.01910898874235,168.27330196092535,7632223
2023-05-10 12:29:57.600987,166.88824432268422,169.28088656376113,165.35772758500806,167.80960570575596,1629975
2023-05-11 12:29:57.600987,168.86923909719548,170.30545102854086,168.56524811850454,168.8715274015692,5708288
2023-05-12 12:29:57.600987,169.7355539782171,169.23647231308033,165.8649180160395,169.16605244428948,3353890
2023-05-13 12:29:57.600987,170.86784462762913,171.60760060926464,163.303801254378,170.58927746141447,3645777
2023-05-14 12:29:57.600987,171.63910749519496,176.6594578901453,171.91475489078752,172.59996977672915,9479773
2023-05-15 12:29:57.600987,172.13394860589466,174.95891782339226,170.81183982747132,172.8114571606027,7064823
2023-05-16 12:29:57.600987,172.04433315583202,174.73216431041988,173.2354618460515,173.281834354594,5411234
2023-05-17 12:29:57.600987,174.03822564379806,176.4335547367487,170.9507575612906,173.20443416068133,5456074
2023-05-18 12:29:57.600987,174.32173320708497,175.52452724995555,172.62988156840188,174.08617646203476,2713911
2023-05-19 12:29:57.600987,177.04671568722276,178.39742635480115,173.33908697129903,175.43451222435803,9468042
2023-05-20 12:29:57.600987,173.85087817068793,174.56214927833352,172.48290114852668,173.98170896422198,3533156
2023-05-21 12:29:57.600987,175.6954493726652,177.16052983907554,174.05360562734276,174.38482899691485,1240647
2023-05-22 12:29:57.600987,177.957452573267,177.23742480060906,174.21075237758083,176.27222458108787,9632189
2023-05-23 12:29:57.600987,173.5129521351286,175.87953466589133,173.9159675063409,174.7134127725203,7605443
2023-05-24 12:29:57.600987,169.8022010445524,172.79664585575,169.99956126964707,170.87027222533453,8468768
2023-05-25 12:29:57.600987,165.2133646075024,169.54096593244768,164.8038807929129,166.44087007370507,6288576
2023-05-26 12:29:57.600987,168.9425064309978,171.04991255175574,168.95494786656982,170.08864113450988,7547483
2023-05-27 12:29:57.600987,170.84266004987614,173.00120824917857,171.09434562253776,171.86904957147382,6255096
2023-05-28 12:29:57.600987,167.33690327021847,169.52913638532087,168.51171684686895,168.78659882587195,9845965
2023-05-29 12:29:57.600987,168.3051829848253,171.51854281938193,168.69948613226623,168.77630008734732,4777658
2023-05-30 12:29:57.600987,169.89600303509462,171.17042302146862,167.712148150792,169.32014190359462,2924162
2023-05-31 12:29:57.600987,168.16389659158696,167.76199868059024,164.80149426204343,167.44773232260823,8197466
2023-06-01 12:29:57.600987,169.66857151228447,171.18933408982295,167.08348651321947,169.51384897225404,8733916
2023-06-02 12:29:57.600987,168.52478163963377,169.42518878281456,166.5773173431101,168.42637774716664,5232208
2023-06-03 12:29:57.600987,171.19032412252128,169.42237240611018,167.86856432198698,169.3696837455426,3391435
2023-06-04 12:29:57.600987,168.14435084790176,169.1465517202702,165.22996391964614,167.14715553438526,5836984
2023-06-05 12:29:57.600987,166.61946235370687,167.96494972379108,166.79362628240634,167.41410015704528,5632008
2023-06-06 12:29:57.600987,169.07774342467258,169.22086892332973,168.54377771893502,168.83845003293177,6968711
2023-06-07 12:29:57.600987,170.10278594709652,174.27479707628356,169.30485537263806,170.00505090157313,1652015
2023-06-08 12:29:57.600987,169.4569374048774,169.7643093427454,166.77333060870518,168.46676393900185,5853878
2023-06-09 12:29:57.600987,168.83821046523698,169.669001452362,167.61199986258825,169.1557609318221,9075964
2023-06-10 12:29:57.600987,171.31881114554227,170.1008696585928,169.81807815195302,170.057127607067,9195711
2023-06-11 12:29:57.600987,171.4843472532964,174.50448722319734,166.76399661092645,170.47204001108375,8687853
2023-06-12 12:29:57.600987,167.10678968116866,168.0702162142547,163.35606791168055,166.47151357030884,4728367
2023-06-13 12:29:57.600987,165.43705816863425,168.51213592044263,163.88943191064294,166.9917988901509,4545559
2023-06-14 12:29:57.600987,169.10843846153853,169.27403724277204,166.9115931720837,167.77252431650544,6448731
2023-06-15 12:29:57.600987,166.8002602228475,167.5916724542291,165.78177874004197,166.64337559375923,9691665
2023-06-16 12:29:57.600987,166.2505823054167,167.1299837701919,164.9296041219372,166.0339207721201,7985441
2023-06-17 12:29:57.600987,166.60118148780987,167.73039569517996,162.1941881522929,166.16009548841294,5760629
2023-06-18 12:29:57.600987,165.97942752428776,168.22941571016435,163.249743986503,165.11001786845762,7776995
2023-06-19 12:29:57.600987,167.0723843679192,166.87450757767948,163.07065999700166,165.73780788860373,8580678
2023-06-20 12:29:57.600987,164.37742165132715,165.05118022274138,160.97033172820625,163.83699318255066,8338333
2023-06-21 12:29:57.600987,162.8544429132362,165.3948154789299,160.16540786843478,163.60212300262125,6406848
2023-06-22 12:29:57.600987,166.75048176646317,170.18698988430336,168.285632527669,168.90867062394432,9167315
2023-06-23 12:29:57.600987,170.27451725177775,169.93364054521044,164.71154277174273,168.63100358268179,5435107
2023-06-24 12:29:57.600987,168.98960797730516,174.1245244254657,169.05098427851877,169.11284629598583,4574774
2023-06-25 12:29:57.600987,165.92066977243405,167.8141037005939,164.8623848312323,165.98318557438148,3976277
2023-06-26 12:29:57.600987,163.4087049482515,164.4333120650671,160.67842784566167,163.5476917246986,6830016
2023-06-27 12:29:57.600987,164.1194751792998,163.3990346591083,161.32517908239365,162.33735688684436,6694336
2023-06-28 12:29:57.600987,158.50549179427634,159.63815818539894,158.1742894880013,158.95311355048906,5925688
2023-06-29 12:29:57.600987,160.99537062227742,163.2851746484281,158.0043140883926,160.96228766818115,1352567
2023-06-30 12:29:57.600987,161.2668811290679,164.01037233360967,159.44623897212327,161.24962415930682,4734764
2023-07-01 12:29:57.600987,159.85397701603586,162.2911565679508,160.68080658930114,161.8849974095693,7488012
2023-07-02 12:29:57.600987,164.13982255301622,164.31795075215885,162.67156327688795,163.5166424148921,9296026
2023-07-03 12:29:57.600987,162.86310522977806,163.66701238636946,161.06928689214428,162.8134383778444,2190641
2023-07-04 12:29:57.600987,159.85605097618745,163.9604048257288,161.27715764640323,162.56238602634392,2898107
2023-07-05 12:29:57.600987,160.74016766791073,164.3714269990461,158.0926915215698,161.91830771526693,3077964
2023-07-06 12:29:57.600987,162.4941909542865,164.2408240023038,160.77514401913268,162.7666588095467,8482552
2023-07-07 12:29:57.600987,159.7066774209736,159.9724946236975,158.980960029128,159.18936065890597,6579325
2023-07-08 12:29:57.600987,157.9811654834873,158.69401495714945,157.327716298586,158.47576018201437,9552094
2023-07-09 12:29:57.600987,157.30208486412656,158.59364765327715,152.95820233728637,158.0499984776058,6014670
2023-07-10 12:29:57.600987,159.09981374432883,159.7876242383266,158.23706515863975,158.34271151219122,2174125
2023-07-11 12:29:57.600987,158.2847512988906,159.46472352767307,158.87555025184597,158.953227014241,4091075
2023-07-12 12:29:57.600987,159.3975140041665,160.66126656202673,156.76982392896528,158.43158503034752,2646268
2023-07-13 12:29:57.600987,158.64364800798722,159.4444811093705,158.3257756301066,158.95948703932515,7243758
2023-07-14 12:29:57.600987,161.45785128283435,163.16552252795975,160.46811812777642,161.08368711852427,9605636
2023-07-15 12:29:57.600987,157.098233568048,156.7455566856751,154.95334427796598,156.72172353645124,4014365
2023-07-16 12:29:57.600987,157.46470777552818,157.39370074851792,155.4370723857594,156.91549201216316,5442732
2023-07-17 12:29:57.600987,158.00302541117065,162.31524221590232,157.76863318005167,158.59822029516354,7364103
2023-07-18 12:29:57.600987,159.7627654242869,160.0224990776194,159.10783961277988,159.71414724542086,7327191
2023-07-19 12:29:57.600987,159.14355119275658,163.16812303684506,159.6580170265037,160.66170148349366,9707681
2023-07-20 12:29:57.600987,157.98654570400208,160.05463786936113,158.0247846321912,158.4486668949881,1042158
2023-07-21 12:29:57.600987,155.31951827196167,157.78370045092936,154.82404595473446,156.36942115085648,8093899
2023-07-22 12:29:57.600987,157.9916267965705,159.33029530158512,156.5451157709415,159.28459722875036,5645823
2023-07-23 12:29:57.600987,157.16318703434317,159.27692050104082,156.7622065888926,157.81828041660782,4321646
2023-07-24 12:29:57.600987,161.4561787807333,162.55343890428193,158.27569086967523,160.22056741702917,7490344
2023-07-25 12:29:57.600987,158.41268505630705,158.42148939673922,155.19951426841394,158.23873658238628,4878293
2023-07-26 12:29:57.600987,161.75844626877748,162.74955097238484,158.54249757913132,161.67545664405918,3813498
2023-07-27 12:29:57.600987,168.25469566359504,168.1694663260425,165.98655622526388,167.20897291578066,5660943
2023-07-28 12:29:57.600987,165.69213903196075,172.2972832951808,165.09711464731183,166.4462124229343,9191483
2023-07-29 12:29:57.600987,167.1127909904886,168.8430312419935,165.30687241899406,167.52155274543685,2921843
2023-07-30 12:29:57.600987,170.7911331611777,170.5810807678067,169.24854871167167,170.32416835726434,4599471
2023-07-31 12:29:57.600987,169.55400921003482,169.165685076572,165.15832104689844,167.76972993104124,3520121
2023-08-01 12:29:57.600987,170.16828681529464,170.5089261269456,169.01188661625906,170.14793365252166,2306114
2023-08-02 12:29:57.600987,168.9274435871249,172.8039619284611,168.6942069507415,168.73043085043574,3738398
2023-08-03 12:29:57.600987,165.80276299701717,168.90366046892203,167.0551604193604,167.8839121838003,3496150
2023-08-04 12:29:57.600987,165.75909328481163,167.73857865331513,165.93798785920825,166.34776372322727,8048283
2023-08-05 12:29:57.600987,168.50390976953426,172.20450080645864,167.40088311571432,169.30375038890915,3227391
2023-08-06 12:29:57.600987,166.74778176920844,167.47234156653488,166.35488505587261,167.17061511992466,6241234
2023-08-07 12:29:57.600987,169.34967797889416,170.3151638152139,167.83048299654288,169.13558301831,9535141
2023-08-08 12:29:57.600987,169.31713497066525,171.45297137594733,163.66538726196652,167.8223639554986,8013054
2023-08-09 12:29:57.600987,165.83791351877198,169.17396508016904,167.31409493775925,167.62756427615125,2971306
2023-08-10 12:29:57.600987,166.4365107249013,166.94481591544834,163.31063644094192,165.67382664062492,8779288
2023-08-11 12:29:57.600987,165.9390976923676,168.49934999680383,163.69949048215983,165.04275102702104,4198831
2023-08-12 12:29:57.600987,165.5351167978842,167.58764469129167,163.6361074255815,165.92220715527506,2951840
2023-08-13 12:29:57.600987,167.70462741167606,169.9995427529654,165.78624808023127,167.42463467248132,2752836
2023-08-14 12:29:57.600987,162.90878075917087,165.8119455129083,160.37285328252767,163.0761254197389,9593050
2023-08-15 12:29:57.600987,159.51633603643822,167.42447018654,160.1643479517183,160.88976798269107,1129299
2023-08-16 12:29:57.600987,164.7177317871346,165.09573130302235,161.95329682114397,163.61383451642163,7113630
2023-08-17 12:29:57.600987,161.575473743966,161.12981132911622,156.55016976125538,160.57452019727782,8707039
2023-08-18 12:29:57.600987,158.94195247559313,161.1075910533743,159.3668018214167,161.0608042990156,2523889
2023-08-19 12:29:57.600987,162.70872172569125,163.29896551743155,160.40551406132136,162.66272870906954,3886812
2023-08-20 12:29:57.600987,162.49761807962057,163.7461039173443,161.3145842666447,162.12086034502107,6608069
2023-08-21 12:29:57.600987,164.56244924495664,168.2060651685269,160.97296828469817,163.60816133976917,1332857
2023-08-22 12:29:57.600987,161.74006055547812,163.00388999540687,161.1090760300356,161.24338266244595,8337524
2023-08-23 12:29:57.600987,158.71653251046843,161.6529779784486,159.68785464794883,159.9690739012278,3702585
2023-08-24 12:29:57.600987,158.59308239535082,159.48915903764149,155.58549678392149,158.89079595306646,3970693
2023-08-25 12:29:57.600987,156.4805583990187,158.30929143366086,155.4884325411109,155.88771323442603,9548913
2023-08-26 12:29:57.600987,159.4460561531076,161.00019608274232,156.62945863589462,159.2869432466715,6689306
2023-08-27 12:29:57.600987,154.09574509418852,157.37066140916508,155.8403135178281,156.84691348185007,8105614
2023-08-28 12:29:57.600987,157.12683304424465,158.84292817400183,152.48493386608135,156.4743406553817,5920209
2023-08-29 12:29:57.600987,157.76821889611108,159.92555991642934,154.97210387106932,157.22971322131946,8496754
2023-08-30 12:29:57.600987,158.33807823803522,161.2858060929966,158.1451652916779,159.72176152602077,2553935
2023-08-31 12:29:57.600987,158.82724363150868,162.66762187029994,156.75187009188497,158.85170254752381,2993368
2023-09-01 12:29:57.600987,159.6796946692936,163.40788972668628,156.67383490149243,159.46617591904166,8889677
2023-09-02 12:29:57.600987,160.4324857498852,162.32479028774142,159.30300270341286,160.42708128560275,5734013
2023-09-03 12:29:57.600987,158.75503064485414,160.4931123031239,155.2060578429318,158.34230642370824,5746049
2023-09-04 12:29:57.600987,157.0210605999077,157.83710653994842,156.84313587428042,157.29222436287483,9837325
2023-09-05 12:29:57.600987,159.1072512951381,160.9083489362168,156.45954443887206,157.45967301219338,8796805
2023-09-06 12:29:57.600987,158.4517753497002,161.3447649756042,156.84684116831392,157.1902708507625,6351567
2023-09-07 12:29:57.600987,161.8848454008096,162.2935604377401,160.56394420847252,161.9128796260304,5114018
2023-09-08 12:29:57.600987,163.2304337663998,164.88554899232355,159.93709739998056,162.23043039093037,1883270
2023-09-09 12:29:57.600987,162.97473069988297,165.32345044459402,160.5427045852606,161.8577731976649,3905552
2023-09-10 12:29:57.600987,160.5335493788581,160.35071237834038,157.9774388294509,159.13579517845943,8365237
2023-09-11 12:29:57.600987,159.08572415565772,160.72263732890116,157.01050456930795,159.33540947411,8948937
2023-09-12 12:29:57.600987,162.67985016421858,164.7011543925066,160.83028761498127,162.78651919844805,3077176
2023-09-13 12:29:57.600987,161.3135483784588,162.79108415719136,161.0124896626434,161.23689304830506,4555744
2023-09-14 12:29:57.600987,160.19920458565056,159.18371003061537,158.08663228353097,158.61968428295546,2846213
2023-09-15 12:29:57.600987,160.3087504362052,161.90056454335664,159.31166518893053,160.44880538640672,3262618
2023-09-16 12:29:57.600987,160.83292015556228,161.8718415324922,160.66325031164186,161.13923563033373,7984224
2023-09-17 12:29:57.600987,160.6063639314779,163.61645538463017,158.44559424920405,159.65058985039707,6294546
2023-09-18 12:29:57.600987,161.45175721777156,162.21124699654948,158.21366551929563,161.41735281656946,7252541
2023-09-19 12:29:57.600987,161.79715489214738,162.24233060307654,160.1921929566404,162.1999232387771,2238721
2023-09-20 12:29:57.600987,161.28822844197205,163.21750001115515,157.99291239715316,160.71777279367328,7742031
2023-09-21 12:29:57.600987,161.6008224614465,164.47455627443955,160.65949197838566,161.18704823683083,9632392
2023-09-22 12:29:57.600987,162.1110578829043,161.3605215163864,160.09099649537632,161.31369716601876,2765437
2023-09-23 12:29:57.600987,161.44017593619884,165.38201116012502,162.97910066360527,163.3235364113443,8260385
2023-09-24 12:29:57.600987,165.50954814901792,168.59722393907782,165.98955456616716,166.5762787923497,6633252
2023-09-25 12:29:57.600987,165.3622090926091,167.53371695793874,161.91414996587025,166.9440531573368,5043229
2023-09-26 12:29:57.600987,167.35189181847002,167.97861008861707,166.01800957446613,167.19623951946727,5447257
2023-09-27 12:29:57.600987,165.52029717901223,166.79297304728902,164.85701099370107,166.58953916046528,4829169
2023-09-28 12:29:57.600987,166.27083458746708,167.79380223953044,164.32608541073546,166.9231627352546,2883896
2023-09-29 12:29:57.600987,167.81021777476118,166.55428772948156,164.1400899396069,166.35041187211598,4447970
2023-09-30 12:29:57.600987,165.27750009649384,168.46403387726693,166.4202040046612,166.85989883463,7019918
2023-10-01 12:29:57.600987,165.90704448695038,164.70269899346815,162.61089351035406,164.18060184478293,9195126
2023-10-02 12:29:57.600987,162.1322643927082,165.1143496102563,164.91631014582586,165.08367933621395,3670645
2023-10-03 12:29:57.600987,165.38598515339956,167.64917296163605,164.96570020494647,165.73901097693374,5757528
2023-10-04 12:29:57.600987,164.00441217615563,165.63300815794543,164.24335565974738,164.44970812050556,4405364
2023-10-05 12:29:57.600987,159.65139672090174,161.6655571065352,160.90570434442103,161.16086741552903,3707620
2023-10-06 12:29:57.600987,161.4036373450488,165.1509639214061,160.84733894766256,162.0785878777721,2861711
2023-10-07 12:29:57.600987,165.1247898553165,166.82367029667554,163.95716871407305,166.67052238231946,2237062
2023-10-08 12:29:57.600987,167.27325610359932,167.7228511270444,166.07356512245266,167.69792764554828,9546777
2023-10-09 12:29:57.600987,166.23894797033418,166.80687072848215,165.0945364429246,165.20701736969917,1958769
2023-10-10 12:29:57.600987,167.21011565138446,167.81447889336914,164.49395837867678,166.57473341825036,7789335
2023-10-11 12:29:57.600987,168.81689155737553,169.415476198026,167.86311432619536,168.33905773317275,1025878
2023-10-12 12:29:57.600987,167.87307992735845,171.1851030794171,167.14902201474231,168.0588044070098,9253226
2023-10-13 12:29:57.600987,167.19532799845115,168.43157821896727,167.7688027422942,167.79879021877724,4683041
2023-10-14 12:29:57.600987,168.68097486694825,167.5255974026666,166.42633447147549,167.22566601055706,3532794
2023-10-15 12:29:57.600987,166.2141108250753,171.29874977991108,165.50155413104315,166.28381933635274,3028109
2023-10-16 12:29:57.600987,165.026361071666,165.37068358248203,163.83506377682954,165.27933388459527,8469783
2023-10-17 12:29:57.600987,167.32025113250938,167.2192667817937,164.55648480683575,165.66570427627065,6559486
2023-10-18 12:29:57.600987,169.0180345278897,169.1443840844012,165.42836368318999,168.45990934124683,1768255
2023-10-19 12:29:57.600987,171.36680350045648,172.3325446053123,169.54766361411816,171.955929692963,9107887
2023-10-20 12:29:57.600987,174.82551333388298,174.48456662205555,173.60643642557415,174.04887002731155,4271943
2023-10-21 12:29:57.600987,176.2847358158531,177.775764283011,175.7721462227585,176.86816237858025,9256097
2023-10-22 12:29:57.600987,176.63813829091652,178.3149422387062,175.64716655348474,177.16115841766003,9578114
2023-10-23 12:29:57.600987,177.93408555088106,179.0097573886211,177.238957724045,178.47001699189346,1474690
2023-10-24 12:29:57.600987,176.65996425766016,181.3439452697512,177.25614174778718,177.82016183416965,5566641
2023-10-25 12:29:57.600987,179.21054498570527,180.7983211828252,178.69715936092388,179.66845607009108,4906928
2023-10-26 12:29:57.600987,177.19793754318616,178.20142154878707,173.73745524966975,177.5016328993175,6159965
2023-10-27 12:29:57.600987,175.9906677240636,177.8574637687546,172.06880833788816,176.24537898333202,3020971
2023-10-28 12:29:57.600987,176.5199322284631,176.26242029873418,175.1010710275704,175.78359378947857,2092586
2023-10-29 12:29:57.600987,175.67543388555234,177.74815148401555,176.10627538925502,176.51808788756668,4712511
2023-10-30 12:29:57.600987,177.57359530718935,178.06987914616246,174.52471510540738,174.9710688234897,2780416
2023-10-31 12:29:57.600987,171.680836859436,174.14084992554075,168.55192504654738,172.4076664490872,9572145
2023-11-01 12:29:57.600987,172.31203441253805,172.63273117458994,170.03556469581304,172.26654573415027,1566507
2023-11-02 12:29:57.600987,170.266135816745,172.0674040704942,168.83659606672447,170.33988114874177,2833929
2023-11-03 12:29:57.600987,169.8440252237059,173.57715139897556,170.4524725602316,171.55754706250707,9749982
2023-11-04 12:29:57.600987,169.59115231275112,170.39249112647576,169.34030544471054,169.6962436786153,6025645
2023-11-05 12:29:57.600987,169.6097693294715,170.53501547402078,167.60678678852815,170.16818262802812,6386048
2023-11-06 12:29:57.600987,169.28938537469122,170.3831524439663,168.0364657755457,169.21464656358904,9152625
2023-11-07 12:29:57.600987,166.4390171524331,168.50639881513456,166.34664236944238,166.73558260283147,4319763
2023-11-08 12:29:57.600987,165.3569750430802,165.70555986470146,165.2803168919734,165.36494891845052,9275844
2023-11-09 12:29:57.600987,168.62236300103092,167.51895567232935,165.9523185041308,167.36520810921172,3728597
2023-11-10 12:29:57.600987,163.56367095273066,165.87143916242115,163.7225099947169,164.38094871371737,2020105
2023-11-11 12:29:57.600987,168.5057021536308,169.72506138058858,163.48023808927806,167.23229097350335,2020351
2023-11-12 12:29:57.600987,169.48129466852936,170.8690104756169,166.96839211802035,170.13042605825765,2254098
2023-11-13 12:29:57.600987,169.52088968294706,169.3703549965515,168.12318252424808,169.2864774585259,4349252
2023-11-14 12:29:57.600987,169.40320940991109,172.02256381842116,169.03687743817633,169.51251629254142,4828270
2023-11-15 12:29:57.600987,169.13410413769367,173.12297254472858,166.48212775622082,170.16425607652877,2573884
2023-11-16 12:29:57.600987,172.78838133225318,171.62364567087693,167.28306136708767,171.2103449141387,7556547
2023-11-17 12:29:57.600987,172.55910940036904,174.37637763950684,170.17118929824548,172.47669022662046,7468805
2023-11-18 12:29:57.600987,172.0036828859493,173.3662291481403,172.2337337603523,172.49298505862998,5586284
2023-11-19 12:29:57.600987,171.5547172884409,173.84075332863807,168.11764675677335,171.82458220602507,7364910
2023-11-20 12:29:57.600987,173.0355463666041,173.10924425568106,171.89234014687796,172.42399028388633,9376094
2023-11-21 12:29:57.600987,173.89649949663314,177.4976147880545,172.66405350231122,173.80837777273612,5836440
2023-11-22 12:29:57.600987,173.0681713514287,175.33596553736325,172.58019043999886,174.93324436129356,5295665
2023-11-23 12:29:57.600987,177.11069866086945,177.7124852622682,175.44942044900435,176.4427478833245,5151030
2023-11-24 12:29:57.600987,174.25786321409112,176.2103908383161,173.15594895550936,175.75207806019543,9492560
2023-11-25 12:29:57.600987,174.32986413254446,176.73454567773717,173.13219262438773,175.6587029286606,3565371
2023-11-26 12:29:57.600987,175.89246103672454,177.6321905201992,177.00548901133655,177.1035218225294,5417566
2023-11-27 12:29:57.600987,175.75439686888527,179.05529534399412,174.16220563783912,177.57855982165222,7507462
2023-11-28 12:29:57.600987,170.5126362877285,171.66567557876724,169.61123117220012,171.63250038109442,1649070
2023-11-29 12:29:57.600987,169.03217890424955,169.36437848136478,164.48380743242257,169.17856965301957,4169779
2023-11-30 12:29:57.600987,166.3068761059594,169.61913401313893,166.52994802801555,167.1421154582408,7089574
2023-12-01 12:29:57.600987,166.65893889334959,170.44069891137548,164.40207975722123,167.57502209001947,5512306
2023-12-02 12:29:57.600987,167.88081197874078,168.814554707691,165.97774872922884,168.092883511589,5724809
2023-12-03 12:29:57.600987,169.39319336634355,170.9383632048241,166.47241849462134,170.1415517055255,6236368
2023-12-04 12:29:57.600987,170.98380154044165,173.9064775054141,169.50500029627838,171.76426239511204,6065209
2023-12-05 12:29:57.600987,169.75067944941247,170.56882064279574,169.63961007440355,170.17875867010414,8839385
2023-12-06 12:29:57.600987,173.1688289006414,171.6801991704496,167.16206367700912,170.2928016858477,2301011
2023-12-07 12:29:57.600987,169.00153064586635,171.52698736296244,168.74426487027597,169.4206050869388,3815740
2023-12-08 12:29:57.600987,171.19120544884206,172.43534835439584,169.43168218520887,170.90250264272504,5971503
2023-12-09 12:29:57.600987,169.72670963735214,169.72118864308436,168.10579141869795,168.25974204775284,5300299
2023-12-10 12:29:57.600987,171.63880589309207,171.93638707695686,169.62817067455066,171.32677230142286,3214124
2023-12-11 12:29:57.600987,170.7721347403566,175.57056492088495,170.58983242355828,171.66105149462913,9100045
2023-12-12 12:29:57.600987,169.44210709629672,172.4705777540004,169.6552337760917,170.3592069073274,8463967
2023-12-13 12:29:57.600987,169.34668515000735,169.0232750838248,168.43894803293782,168.51002767933844,5343111
2023-12-14 12:29:57.600987,169.97725893469476,171.7250068112685,168.6239789857854,169.27425252671426,6865192
2023-12-15 12:29:57.600987,172.18045663992632,170.82045176558518,169.14346205258747,170.4479090796519,3037530
2023-12-16 12:29:57.600987,171.47526503044926,174.90677282907927,171.59999904881352,171.87341788447446,6668371
2023-12-17 12:29:57.600987,168.37623119646506,172.30172267158716,168.18786726256073,169.0644627584261,5869167
2023-12-18 12:29:57.600987,168.91045005668437,170.6726070463651,168.19183363191743,170.40474737204858,2608787
2023-12-19 12:29:57.600987,171.92181740326242,172.00460773193058,168.73082791452904,170.84886242412765,2844909
2023-12-20 12:29:57.600987,172.768742362815,174.2079133376715,171.41994491321006,173.78054492187363,3739589
2023-12-21 12:29:57.600987,175.7927933606268,176.71571299869868,175.01490102128733,176.036551857401,9128482
2023-12-22 12:29:57.600987,177.79628951973402,179.3836931275272,176.29782523223534,178.80798355168855,6441948
2023-12-23 12:29:57.600987,178.0008684723397,178.63118358996783,176.50663640553114,178.10692103165258,2515623
2023-12-24 12:29:57.600987,179.19022228558433,179.03636761137668,178.182446338552,178.883717592804,1727066
2023-12-25 12:29:57.600987,179.92465807318,181.6196321190981,177.61008855412976,179.26560658639744,4341427
2023-12-26 12:29:57.600987,173.56309459700316,177.0981915595632,175.14185296720552,176.59935901164093,6965966
2023-12-27 12:29:57.600987,177.948467928824,178.01170555915206,176.7399703051903,177.0149975528162,2171554
2023-12-28 12:29:57.600987,177.65364530784066,177.41942325317837,175.03531096309823,176.67268053434947,4202995
2023-12-29 12:29:57.600987,177.03307989516165,180.0825155440132,175.3282071414473,175.73350849302201,4737217
2023-12-30 12:29:57.600987,177.08709543664966,178.63236505907113,175.55586981115732,177.3165393868977,4413473
2023-12-31 12:29:57.600987,176.5196710093027,176.60941177766395,176.01983064291773,176.44873049320714,1169787
2024-01-01 12:29:57.600987,170.919786089303,172.8793789469849,169.3978904427835,171.1477381159151,1951146
2024-01-02 12:29:57.600987,172.1690605061818,174.480720375011,172.68073415482348,173.4036181684532,2192607
2024-01-03 12:29:57.600987,169.9421266219173,173.52492809470556,169.4972022459785,169.60279077940237,9932962
2024-01-04 12:29:57.600987,172.26111272538913,175.01103341419275,169.13143133210755,171.42622309080127,6131054
2024-01-05 12:29:57.600987,171.56394952150393,173.45898651302096,170.17128479187036,171.66373565733332,8355933
2024-01-06 12:29:57.600987,177.56426083980224,183.08472863584583,174.92961975092075,176.38027113565167,2461619
2024-01-07 12:29:57.600987,175.20684613266852,179.1774246804569,177.68975481980962,178.47299048227242,5992200
2024-01-08 12:29:57.600987,179.91562244525764,179.53845399164197,178.232755992313,179.11751430203145,4030535
2024-01-09 12:29:57.600987,177.01192340383494,177.22940217904178,174.76292631210555,176.81391430963265,7161752
2024-01-10 12:29:57.600987,179.61647831039184,178.20017187213983,175.13849932875777,177.41921212445035,5262634
2024-01-11 12:29:57.600987,177.04671924732767,182.76813084856965,174.6885699110867,177.49380245253553,6730023
2024-01-12 12:29:57.600987,177.65834432356866,179.6673273767738,177.0830680037532,177.9380451736691,3138815
2024-01-13 12:29:57.600987,181.60304595734075,184.60213083483754,181.9198824191162,182.30066146936016,2313185
2024-01-14 12:29:57.600987,180.8640403567333,184.20218994364492,179.54651878025678,180.6765998845826,6118656
2024-01-15 12:29:57.600987,179.38389875820235,182.7680559591963,176.76393628345218,179.93625950682107,9231169
2024-01-16 12:29:57.600987,181.3988196743446,184.67017256169964,181.34900017197776,181.6703256819076,3668160
2024-01-17 12:29:57.600987,179.16497018073264,179.87536312126468,176.36207822185642,179.71407552636703,6354128
2024-01-18 12:29:57.600987,176.60629581160654,177.45638387773914,177.05595232697536,177.30292233470206,1590972
2024-01-19 12:29:57.600987,175.88266835889667,177.67403457223713,175.0832799709562,176.37183158841196,9566779
2024-01-20 12:29:57.600987,178.60892705445252,180.16365583705556,176.9116076074878,178.95078441237115,7584485
2024-01-21 12:29:57.600987,179.19606619073372,180.36507766331604,176.40026462274966,179.58115672029302,8108044
2024-01-22 12:29:57.600987,179.82251383955818,181.78973257670086,179.78740691509452,180.20415237497983,9209207
2024-01-23 12:29:57.600987,178.35663031742823,181.22831113527738,179.6825515817762,179.99290715994437,4450961
2024-01-24 12:29:57.600987,175.52022654153677,177.81650837921947,175.99344091675806,176.94588067757235,7452038
2024-01-25 12:29:57.600987,178.79741237191578,182.66416191176313,179.42422771514484,179.58499556927393,7340737
2024-01-26 12:29:57.600987,182.08128942614294,181.81281508067585,179.83634307119394,181.08081810975676,5390952
2024-01-27 12:29:57.600987,179.20043121418448,182.47711708079964,177.64237169338014,178.99623978781415,1994588
2024-01-28 12:29:57.600987,179.08436700360417,179.24640615532266,175.68830205427145,178.1101862509637,4409289
2024-01-29 12:29:57.600987,177.002844863976,180.00115725153148,176.9098650464139,177.17414327445246,2771106
2024-01-30 12:29:57.600987,176.96237844763735,177.56984521922664,175.46244325916595,176.97594665240456,3642285
2024-01-31 12:29:57.600987,177.1140706491448,179.05755794034204,176.1457646930734,177.91655522393705,4932876
2024-02-01 12:29:57.600987,177.04745601024888,181.10671188639836,178.27846183354578,178.42475315604847,9623670
2024-02-02 12:29:57.600987,174.46156101163555,176.5487569711655,174.88557192621877,174.9133698556671,6929291
2024-02-03 12:29:57.600987,178.47179847759458,180.19334342386676,178.01170890285982,178.85237239215584,8167465
2024-02-04 12:29:57.600987,176.80672375600696,177.7370380815688,174.54862501175387,176.51687633005213,9949047
2024-02-05 12:29:57.600987,179.6137364740389,178.86591158611063,175.37706845549658,178.32740868513145,7080498
2024-02-06 12:29:57.600987,177.30616741088988,180.1364200612483,174.47458445610073,176.96493615003902,6287931
2024-02-07 12:29:57.600987,176.30178076803224,177.7826041494672,175.74440891845705,176.37833263285705,7779563
2024-02-08 12:29:57.600987,174.58184898621317,176.55534976440632,173.98341012247678,174.70962872381705,7384940
2024-02-09 12:29:57.600987,175.00160624240874,175.50966359214215,173.7798743572954,175.0587274844419,1492074
2024-02-10 12:29:57.600987,174.6850916088646,177.4549854267568,172.93782501508073,175.36287807889371,5399053
2024-02-11 12:29:57.600987,173.0428154143625,173.67598163982882,171.50529112037825,172.29603418462415,2590180
2024-02-12 12:29:57.600987,175.74559132694216,175.61069867646046,173.48347470258219,174.69277763782452,1627800
2024-02-13 12:29:57.600987,171.3471361082274,176.28796418360972,170.95446436344275,173.5235673646945,6779466
2024-02-14 12:29:57.600987,173.23211540685085,174.9139270231654,170.46171698644773,174.19324717254486,6220275
2024-02-15 12:29:57.600987,174.0974257249774,175.64442514107432,173.64007521985732,174.4943996345398,3734540
2024-02-16 12:29:57.600987,171.44231205751694,172.12142796165756,168.4364195572732,170.46552600596178,4145350
2024-02-17 12:29:57.600987,170.6352956822474,171.29986144056917,168.10695619697887,170.551256735427,4281514
2024-02-18 12:29:57.600987,169.33666259250703,170.8854475198384,168.88070075342412,169.56214922876725,6239835
2024-02-19 12:29:57.600987,167.92779111119958,169.16313525361986,166.0866187811125,168.1694788226999,6086663
2024-02-20 12:29:57.600987,168.8862798533696,169.18174211746194,166.81003220873382,168.14056406974257,9661927
2024-02-21 12:29:57.600987,166.40927668017767,167.68848715227927,162.12853464483047,165.48013803608276,4155225
2024-02-22 12:29:57.600987,158.84163015629142,161.90083452925265,160.36213981955817,161.2187937746712,3711620
2024-02-23 12:29:57.600987,162.65709591034667,164.185744036325,161.45373921318233,162.5745163794752,4609026
2024-02-24 12:29:57.600987,162.8049001929218,164.75264626581435,161.26436041768443,162.79797946617714,1277043
2024-02-25 12:29:57.600987,167.72714865108762,169.29184597893857,163.78364067478637,165.68585639706208,1863866
2024-02-26 12:29:57.600987,163.68055324977132,165.63572872384063,164.67394627150063,165.1070086114176,1455224
2024-02-27 12:29:57.600987,166.65128733132477,164.68200819200516,161.773615268819,163.23364113647492,4962977
2024-02-28 12:29:57.600987,165.21028444544788,165.83726870004338,162.8004864975566,163.66833375559003,9799022
2024-02-29 12:29:57.600987,165.36718008037266,164.87110790955967,162.96046171382795,164.06051545575735,3359406
2024-03-01 12:29:57.600987,164.4478480292393,165.79967051465712,163.02489506327402,163.97049321809902,9501035
2024-03-02 12:29:57.600987,165.73133413089926,168.82993508492737,164.73089418632304,166.1224865597578,1653325
2024-03-03 12:29:57.600987,163.25476595238192,167.1365979522817,165.86364794054353,166.34991562906822,9467198
2024-03-04 12:29:57.600987,166.08036022404278,169.8185834292341,163.98852850739524,166.5118364558569,5379784
2024-03-05 12:29:57.600987,164.31860397052606,166.28902162143623,165.0547361913989,165.46999982104367,9671488
2024-03-06 12:29:57.600987,163.68641662240447,163.91003314542243,162.71160201385464,163.17396883377796,4688449
2024-03-07 12:29:57.600987,164.3119543280719,166.97658544742904,161.41583945787514,162.33686896322908,3066928
2024-03-08 12:29:57.600987,162.26430464866795,164.51492460379768,162.21518348246855,163.53470382584828,9704621
2024-03-09 12:29:57.600987,161.85697115992858,164.20715232296374,161.20972354349317,162.9537412539536,9674950
2024-03-10 12:29:57.600987,161.8338650478971,163.19121617601104,157.33288355331283,161.88463367375795,2196484
2024-03-11 12:29:57.600987,162.78455287388084,167.1888776894713,161.30565842623076,164.0972049919966,3409947
2024-03-12 12:29:57.600987,163.81633460997568,166.8753345212104,162.59587683665757,163.89096071950658,4061527
2024-03-13 12:29:57.600987,166.4363906477248,166.62003048739115,165.46477542787892,166.19562918296816,2371244
2024-03-14 12:29:57.600987,166.31968271793113,167.72900059273752,165.31407351934405,166.86992813367175,6463874
2024-03-15 12:29:57.600987,168.63509567485906,168.07465498836908,166.5701043447927,168.02350353430387,7061845
2024-03-16 12:29:57.600987,167.73594922830765,172.22776322353624,167.57036298499054,168.43948692523344,3316461
2024-03-17 12:29:57.600987,174.1586973624383,174.44348203664646,172.00752506906832,173.27988608637128,2954858
2024-03-18 12:29:57.600987,173.06497302916645,178.25198837564142,171.43248708527096,173.8259954885823,3147309
2024-03-19 12:29:57.600987,175.93829726832297,176.96291992085455,174.78900937835508,174.9376965205089,9163567
2024-03-20 12:29:57.600987,174.91931957216414,177.70955390541533,173.78987740369124,174.26888234629044,6631398
2024-03-21 12:29:57.600987,177.28594794451493,178.17340769694,175.6605875267595,176.5325921884727,1752980
2024-03-22 12:29:57.600987,173.51254984548265,174.63839272610238,171.52066205268446,173.6215130980282,8623210
2024-03-23 12:29:57.600987,177.1061591725628,180.51365354382168,177.28611920634376,177.41137806882122,9147574
2024-03-24 12:29:57.600987,177.08612012536742,178.2338207629875,176.41650476812976,176.66477816016848,5114023
2024-03-25 12:29:57.600987,175.6369004871604,176.30639141612474,173.64961353450266,175.20041670712567,4583884
2024-03-26 12:29:57.600987,181.14885701666992,180.0891882982651,178.88153990754574,179.70764608122366,3142144
2024-03-27 12:29:57.600987,179.05143942922453,181.2321039940703,178.15237268289033,179.9922815987752,5837583
2024-03-28 12:29:57.600987,180.91353716840445,181.71944158082817,176.7427515064052,180.42069256099535,8139447
2024-03-29 12:29:57.600987,178.19662069975223,179.75911497746563,179.02373457967684,179.05544175706444,5173766
2024-03-30 12:29:57.600987,181.86718784929187,181.19822900507145,179.39878531956361,181.00064355608984,3538538
2024-03-31 12:29:57.600987,178.8156277247106,184.13302175782863,179.40746728956697,180.6772927583365,8187694
2024-04-01 12:29:57.600987,179.67664150603272,180.81386509773114,178.63725328742498,180.44934713081017,5968550
2024-04-02 12:29:57.600987,177.18811382681392,179.74970416438973,175.44565906456575,177.57606593391407,3565384
2024-04-03 12:29:57.600987,180.32719462949777,180.2405075942194,177.54773155952972,179.82158453904873,9039081
2024-04-04 12:29:57.600987,179.82446585968964,181.94878596745912,180.14735438618862,180.27561872277013,3754193
2024-04-05 12:29:57.600987,180.89718915495712,180.5580977850282,175.9525576121797,179.99622379517206,7158212
2024-04-06 12:29:57.600987,178.41507998481703,178.5338271293056,176.74122689775245,177.86440533229842,5871675
2024-04-07 12:29:57.600987,178.50026663594082,178.52514190503047,176.41965767189535,178.30480921377617,2198494
2024-04-08 12:29:57.600987,176.77265842740792,180.51637324125707,176.36794135116034,176.8328349108096,9878470
2024-04-09 12:29:57.600987,177.68330544307287,179.8485949985033,176.14078852684628,176.74955067794696,5699759
2024-04-10 12:29:57.600987,175.64009329079457,179.32055047473,173.83427592951801,177.30569330470135,3207836
2024-04-11 12:29:57.600987,176.938423846784,180.267164947526,175.80228476073762,176.78515477310913,6535827
2024-04-12 12:29:57.600987,182.0029560777449,182.12861842543745,179.22551986510325,179.8619392793681,7104374
2024-04-13 12:29:57.600987,182.00301160320944,183.76673681903554,182.83104198205046,183.15267591719743,2264089
2024-04-14 12:29:57.600987,186.0368096931679,186.4629578802434,180.58732227351013,184.4940618857334,1505674
2024-04-15 12:29:57.600987,186.7368061610216,186.95287019810382,184.60156866171496,185.19504089268978,3205251
2024-04-16 12:29:57.600987,185.65705587921383,186.19645240252015,183.7886580953994,185.46162985232604,9871788
2024-04-17 12:29:57.600987,182.00409114751344,181.8906398709246,180.12264199063011,181.7101495388566,1307956
2024-04-18 12:29:57.600987,181.86722056306928,180.99263216435835,177.13047670360854,179.88220249426143,2782484
2024-04-19 12:29:57.600987,182.7884139290782,182.56564698594866,179.9004150564555,180.7179770772187,8508745
2024-04-20 12:29:57.600987,180.33166836781777,180.88614604149495,180.4399209112699,180.69338488301827,1261619
2024-04-21 12:29:57.600987,181.0251835030751,182.65332357919218,178.49299798914552,181.65152109733745,5074387
2024-04-22 12:29:57.600987,181.49031686822929,183.66444294658484,181.1580807541099,181.7801175647146,2140361
2024-04-23 12:29:57.600987,180.63979736486283,179.26872375879913,178.61760702398584,178.92161743581607,9254022
2024-04-24 12:29:57.600987,180.65968766167194,181.46036596025982,179.13361146225978,180.6593422122911,2667965
2024-04-25 12:29:57.600987,180.16331095090558,183.87879602521582,179.55873841847887,180.570012293187,7715018
2024-04-26 12:29:57.600987,177.39065479897664,178.52331180473163,177.53706185380364,178.33561547011738,3186887
2024-04-27 12:29:57.600987,176.48718282504083,178.76699366638337,174.52920786636682,177.3910004951129,1708156
2024-04-28 12:29:57.600987,177.82557945785342,179.75792387597426,176.53386729250968,178.50191437132142,9259252
2024-04-29 12:29:57.600987,172.85375888759432,176.0516161237894,172.03166261461254,174.85941091130644,3356307
2024-04-30 12:29:57.600987,174.43996692559884,175.70248714212119,172.37263679482814,174.83716753328264,9733798
2024-05-01 12:29:57.600987,176.03290236795934,175.11395787112707,173.47056360457117,175.07009364127154,8378201
2024-05-02 12:29:57.600987,176.54684285484183,179.7288504092316,174.6500099467449,176.56824108321854,1428053
2024-05-03 12:29:57.600987,175.2716611521584,175.5350427628788,173.88101206847892,175.0906630103031,9217496
2024-05-04 12:29:57.600987,175.45306030593827,178.41069572887596,176.70639398054706,177.01002954327515,1764760
2024-05-05 12:29:57.600987,181.46754754785766,182.6701063008863,180.3403269482677,181.4972029180645,9593416
2024-05-06 12:29:57.600987,183.8459147495639,186.47948281238828,183.24463079104225,184.0771404054966,4284004
2024-05-07 12:29:57.600987,185.77795090525373,185.17988367880014,184.413355477756,184.43105037979115,6314412
2024-05-08 12:29:57.600987,185.4316435050445,184.99164929003146,184.02608209650563,184.88261527250688,8652590
2024-05-09 12:29:57.600987,184.0978760282427,187.62917890867305,180.35283604645636,183.7818748296304,1982277
2024-05-10 12:29:57.600987,183.8389956968899,187.30158429719822,181.1846580838492,184.71960524495518,2208687
2024-05-11 12:29:57.600987,184.29258800796507,185.1349768948649,181.9883042109914,184.91847085324474,9050860
2024-05-12 12:29:57.600987,185.63580731848435,186.32214637695836,184.70672252550946,185.20447058674807,3181652
2024-05-13 12:29:57.600987,184.98906338921702,188.2041636770094,186.27913783206355,186.61362929187715,3473546
2024-05-14 12:29:57.600987,188.44354281862573,192.15948796805534,187.9167740378059,189.43211751828085,8893591
2024-05-15 12:29:57.600987,192.08198759795056,190.68719254794502,188.350022941672,189.68892970589394,4936430
2024-05-16 12:29:57.600987,189.06007914327097,190.3317062287772,188.11293607081382,189.49619151947982,9791596
2024-05-17 12:29:57.600987,190.85780811922908,191.66011385648642,189.09991181159793,190.49604625167083,3802725
2024-05-18 12:29:57.600987,193.47418715208104,195.1948662049563,191.38719544252737,193.3557327887349,7101789
2024-05-19 12:29:57.600987,194.02479710363335,193.7879772490231,193.01597151676572,193.12157494830046,3473554
2024-05-20 12:29:57.600987,191.9897773164317,192.70050017048584,191.4456218376519,192.10301798877362,8534661
2024-05-21 12:29:57.600987,189.97601853609387,190.72131622356102,189.4420338807088,190.10974671907317,4284964
2024-05-22 12:29:57.600987,190.6842866740502,191.07820677773103,186.3274841519971,190.413354783098,6851124
2024-05-23 12:29:57.600987,191.2232276765619,191.88299129506717,188.51486054005215,190.48245698322572,4176505
2024-05-24 12:29:57.600987,193.55626327999454,195.01816428272957,191.22037302761566,192.12902813581684,8703923
2024-05-25 12:29:57.600987,186.11735844797894,188.31879901899399,185.21546086382196,186.91043690561094,2564471
2024-05-26 12:29:57.600987,187.40492393083574,191.08813424236573,183.88462645730266,188.27206592575595,8048439
2024-05-27 12:29:57.600987,188.7390938149246,194.38656081785322,189.6785328844501,190.56557064086326,6863202
2024-05-28 12:29:57.600987,189.48579658936748,192.99630611920918,189.69634311293217,191.2191267627963,3013184
2024-05-29 12:29:57.600987,187.21574111127492,188.4412363222743,185.14553972944992,187.12998695051053,5495109
2024-05-30 12:29:57.600987,185.45100292305136,188.60538431619787,183.97293160775246,186.5112031277189,7419195
2024-05-31 12:29:57.600987,192.56210363439345,193.2977552207174,191.9900954090249,192.29817799492236,3782680
2024-06-01 12:29:57.600987,192.79991118781638,195.10700544437597,191.29821512252857,192.17353121671385,7457439
2024-06-02 12:29:57.600987,198.29049755560263,196.7291241381056,193.19025724022367,196.55669265273497,5814113
2024-06-03 12:29:57.600987,197.05676127832882,201.06285347535405,194.76063146465194,197.12258592482794,2227899
2024-06-04 12:29:57.600987,195.39883592281078,197.8656563864507,193.86345160928235,195.5202723926018,8885374
2024-06-05 12:29:57.600987,191.48633036702702,193.644551586632,192.19094641003588,193.02172329898326,5434028
2024-06-06 12:29:57.600987,193.6621806949422,196.16554497661326,192.96878121525134,193.76050918088595,9287636
2024-06-07 12:29:57.600987,193.8606609741827,195.23538962764533,191.87275417977398,192.87118908669885,5305089
2024-06-08 12:29:57.600987,196.90994387110052,200.58036964078272,194.87764923133145,197.04027605687628,5951405
2024-06-09 12:29:57.600987,196.7200981708663,198.51679162206008,197.59306443703596,198.02017131876818,8324954
2024-06-10 12:29:57.600987,198.48703741744157,198.284721938029,197.61584399856798,198.11185614279896,2203046
2024-06-11 12:29:57.600987,197.9673111688374,197.1559301322879,194.74317195985475,196.4661450144162,9650540
2024-06-12 12:29:57.600987,197.48511783551527,197.48909392413958,196.0555569656885,196.27695468883027,8195564
2024-06-13 12:29:57.600987,194.8176442694741,195.05317141677048,193.2676086839938,193.72326866111186,8579914
2024-06-14 12:29:57.600987,197.17248652856685,196.91018979072183,194.91954629402684,195.2921466773485,3550757
2024-06-15 12:29:57.600987,198.82402831625618,199.52844187651584,196.99122673921272,199.17930467893402,7032348
2024-06-16 12:29:57.600987,198.09059572053386,203.2902888371366,195.76461063583622,199.31549619500797,4590056
2024-06-17 12:29:57.600987,198.5911097058892,199.3685853318528,197.45977858882372,198.56948281529958,3965750
2024-06-18 12:29:57.600987,198.31264459257775,202.00319235377788,199.0795362547877,200.06878898077042,9632211
2024-06-19 12:29:57.600987,198.77634002989547,203.3860186943978,196.8575837766199,198.36545334037672,5707709
2024-06-20 12:29:57.600987,195.35894458950636,198.00416939424125,195.19025180754593,196.69700892059484,2399020
2024-06-21 12:29:57.600987,193.51665520775697,194.92971108612142,192.41129000261242,193.96885430735423,4322218
2024-06-22 12:29:57.600987,193.96790541970935,196.6096785535507,191.21582394317898,193.77973952758924,2677371
2024-06-23 12:29:57.600987,191.05698268597004,194.38129756101327,191.40598110063428,192.11434389785504,7559152
2024-06-24 12:29:57.600987,191.58961454854648,192.14278493044603,188.23283708911512,191.85511176209354,7039093
2024-06-25 12:29:57.600987,193.4050358717703,195.31518303919168,189.5973105791611,192.9575959476911,4616479
2024-06-26 12:29:57.600987,193.43953444775056,193.50630532146127,192.0703213350465,193.46813267412927,2405029
2024-06-27 12:29:57.600987,195.7039131230732,196.76255262148916,195.15998200179274,195.18868161065802,7629341
2024-06-28 12:29:57.600987,194.1907739682437,196.26341278435171,195.5283806264699,195.74542138599924,5601362
2024-06-29 12:29:57.600987,199.49119979793363,200.7724447232253,196.61279641377027,198.99556640209647,8484119
2024-06-30 12:29:57.600987,199.37042405755503,198.69676075143857,197.67275182741514,198.17331261719778,3129927
2024-07-01 12:29:57.600987,197.50697069975118,197.89896575477,193.72864192754724,196.46797620110044,4384622
2024-07-02 12:29:57.600987,196.03851383496283,198.54566578612173,195.18773373238665,196.1232615895297,1966309
2024-07-03 12:29:57.600987,194.76658707494727,197.05694047621535,196.08441386293137,196.44794661719436,2207736
2024-07-04 12:29:57.600987,197.2661161810956,199.85035738513693,195.0380977724411,195.7632781769018,1883454
2024-07-05 12:29:57.600987,195.12364079532202,197.63981435387717,189.9019366122031,194.23099646451107,1886312
2024-07-06 12:29:57.600987,191.1597272868154,192.24920756871512,189.33775165532774,190.80212801463597,8048195
2024-07-07 12:29:57.600987,194.64023231642417,194.6897826097116,191.22035397640136,194.05681954497155,2577928
2024-07-08 12:29:57.600987,193.13108113332513,194.2318168273697,192.45002476844996,192.7969256041476,5355485
2024-07-09 12:29:57.600987,192.79065475758458,193.36857042042058,192.57111223717425,193.07176362699988,8328937
2024-07-10 12:29:57.600987,192.0919167125284,194.6372775577602,190.10483520182245,192.58320774164827,6112169
2024-07-11 12:29:57.600987,192.838206213347,194.49034824112906,191.89138700172734,193.64079404991395,3401775
2024-07-12 12:29:57.600987,195.20883484030375,196.0927786180841,194.23112217105253,194.37980440521042,7349713
2024-07-13 12:29:57.600987,192.92270414203375,196.402273808203,188.64822883027824,194.43681901071997,8682203
2024-07-14 12:29:57.600987,195.7702015787298,198.25224035913214,191.4286516767749,196.14525317036498,1982108
2024-07-15 12:29:57.600987,195.48051599658388,199.2495344696587,196.12956335112966,197.3317482512987,1842594
2024-07-16 12:29:57.600987,197.39398411428775,199.96592810959555,195.2206113247083,197.88513614623926,3543171
2024-07-17 12:29:57.600987,201.59775438431706,200.49274575295124,198.7995075331698,199.1307612116446,9657117
2024-07-18 12:29:57.600987,197.68578916675315,200.4575375694177,196.86665187355064,197.50344161795815,8465333
2024-07-19 12:29:57.600987,199.30815608905195,200.34152540842342,196.04447741866193,198.12856422805407,4998503
2024-07-20 12:29:57.600987,198.441936527016,198.55909897829426,197.21757026105607,197.9508720236085,9676581
2024-07-21 12:29:57.600987,194.5415060952701,196.77523474440417,193.06178374223506,195.77885198994122,7253438
2024-07-22 12:29:57.600987,196.8582566897408,196.25635929033382,193.42018379195247,196.12626462751797,5717135
2024-07-23 12:29:57.600987,198.58288414003007,203.0134462347625,197.5249591488099,198.81875760951638,2179020
2024-07-24 12:29:57.600987,199.18921744837377,202.3413547039357,198.150087234024,199.72262044571698,7682059
2024-07-25 12:29:57.600987,197.3728522784091,199.96065861333264,198.1513616863329,198.73435797478282,7848515
2024-07-26 12:29:57.600987,201.1089710860403,199.00978790855405,196.71253825104944,198.95734481472948,3684741
2024-07-27 12:29:57.600987,199.47652132998775,199.50931069747745,196.09797724167166,199.18115833637245,9579499
2024-07-28 12:29:57.600987,196.10879665730405,201.0659594452845,196.09338476268724,196.30082735162924,7806360
2024-07-29 12:29:57.600987,193.1174393789527,193.4176204016814,190.67065196882663,192.5113125238084,5207443
2024-07-30 12:29:57.600987,197.37501333367334,199.61697101830083,192.79846211780227,196.15628352808363,4792354
2024-07-31 12:29:57.600987,198.93657072700395,199.7241396504584,199.42470854531356,199.5054054960726,3582437
2024-08-01 12:29:57.600987,196.90314643706728,201.48762809429743,196.18236307616274,197.19125776103868,2746993
2024-08-02 12:29:57.600987,198.2900417763667,199.5672247347132,195.06260992124027,197.98552460937387,6019235
2024-08-03 12:29:57.600987,199.19788882690963,202.5240417869028,198.5671153806452,199.6321253509183,8015687
2024-08-04 12:29:57.600987,201.1904966173135,202.79788532868403,199.74319996152624,200.9088892731436,9043586
2024-08-05 12:29:57.600987,204.17839057883535,205.709219752973,201.52789723683557,203.66342408594838,1610122
2024-08-06 12:29:57.600987,200.51102984829387,203.08216588731082,198.86062172835008,200.63304453208684,4662725
2024-08-07 12:29:57.600987,199.38139751019958,199.44804082264667,198.92189158225,199.20011991414037,2054128
2024-08-08 12:29:57.600987,199.1006144067118,200.20479532909962,198.16450525206756,198.6207102198577,5121505
2024-08-09 12:29:57.600987,197.41627723841088,197.0943029833324,194.6444886165646,196.95392029073994,3266915
2024-08-10 12:29:57.600987,196.93989708449897,198.03342056750606,195.019583274881,197.34257122324144,8343150
2024-08-11 12:29:57.600987,196.40420712834765,198.4484000251321,195.2291422451276,196.6630767663674,8998759
2024-08-12 12:29:57.600987,197.91079364920154,198.67752177051716,195.25821116993092,198.39308054518685,3675067
2024-08-13 12:29:57.600987,196.84204732773242,199.12030402259654,197.03857984612532,198.74741072973683,6261954
2024-08-14 12:29:57.600987,202.38880333587042,206.20061045699825,201.0746220020591,202.14867096927117,6401688
2024-08-15 12:29:57.600987,202.0683281425838,205.54348316046168,201.70460872174553,202.39191758003105,1894316
2024-08-16 12:29:57.600987,204.0625285096561,205.9338668782046,203.70023939131323,205.08060373176923,2302426
2024-08-17 12:29:57.600987,200.57916288506013,202.54959279235223,201.30201235191277,201.4602398486134,6896183
2024-08-18 12:29:57.600987,205.9003843315379,206.81531229186328,200.20706583537955,205.46788515131868,4360276
2024-08-19 12:29:57.600987,204.64279033070844,207.2686724547166,204.48138755331254,205.37589998400756,9934378
2024-08-20 12:29:57.600987,206.84717582690368,209.49605701829984,204.46730066528076,206.85319749840318,4104055
2024-08-21 12:29:57.600987,207.31089785195837,208.75636968015763,205.95509502728524,208.2741827102705,1943331
2024-08-22 12:29:57.600987,211.8730248164833,211.7249218324982,208.79873673203645,211.1737485026204,8554972
2024-08-23 12:29:57.600987,210.27083734095,212.0041796343728,208.9051308807234,210.81114756209695,2392920
2024-08-24 12:29:57.600987,216.4968919688719,220.2844463345592,214.351003598759,215.3470193443243,1078796
2024-08-25 12:29:57.600987,214.85115021405454,217.5387468889679,216.01834972879814,216.44228831554386,1458089
2024-08-26 12:29:57.600987,213.97558761236027,214.4408416586458,212.18963549165025,212.79875777169934,6121190
2024-08-27 12:29:57.600987,212.93525475226932,215.8549609857723,211.89025388761388,213.92845233687626,9111810
2024-08-28 12:29:57.600987,214.73890560972998,214.47750819582586,210.49209419922641,214.01904246154658,8712029
2024-08-29 12:29:57.600987,213.48637815120583,215.44487428768795,213.0820323668731,214.53519555818644,5856969
2024-08-30 12:29:57.600987,210.73429947727192,211.74267564382063,210.94665679986042,211.15598247850647,6841122
2024-08-31 12:29:57.600987,212.58338896990784,214.15026466954203,210.94767471579272,212.03492302077882,6003782
2024-09-01 12:29:57.600987,212.2114984140822,212.43552893070336,210.23239724116064,210.3458573520822,5076586
2024-09-02 12:29:57.600987,212.12935292417254,212.9619738193183,210.67624195578244,212.02934314262407,8335993
2024-09-03 12:29:57.600987,209.10288187410376,212.5157057199559,209.01441522728862,209.6374237822622,7424455
2024-09-04 12:29:57.600987,208.60905083187177,212.58322241991215,208.7169447631855,209.145615817218,2721526
2024-09-05 12:29:57.600987,208.3032874771036,210.11290345456186,205.02207776956055,207.27305966175925,1265173
2024-09-06 12:29:57.600987,203.02215677631506,208.42547213354703,203.97058651516636,204.74042983807064,1933170
2024-09-07 12:29:57.600987,201.7014648066908,203.6448887338463,201.17879991928618,201.6141417710798,7702609
2024-09-08 12:29:57.600987,199.95568263365635,199.96711404930755,198.9874597056049,199.90931970323234,6173103
2024-09-09 12:29:57.600987,196.6625354188058,199.28463252874857,197.40206186890435,198.28360112359735,8920332
2024-09-10 12:29:57.600987,197.23831829306212,196.9331210099593,195.0020387471159,196.4889328152284,9862789
2024-09-11 12:29:57.600987,194.06709733210204,196.58418742827976,192.68188684141572,194.98043915803805,4365493
2024-09-12 12:29:57.600987,191.37118404240073,194.71694616619834,192.58898072588192,193.82299966964882,7609286
2024-09-13 12:29:57.600987,192.17799089916795,195.37903342833448,190.88769863233725,191.60203885514747,8656872
2024-09-14 12:29:57.600987,189.08354950636658,191.95658079976423,185.95012189044573,189.99604011807452,1871516
2024-09-15 12:29:57.600987,193.0425581507471,196.57632695273796,192.3685878254768,192.93036297745314,4057266
2024-09-16 12:29:57.600987,191.29698757982464,193.18105838946963,191.07948322876496,192.79494903251242,3529490
2024-09-17 12:29:57.600987,193.18361871480113,194.61455979241623,191.49998912245738,193.21476141627755,8946754
2024-09-18 12:29:57.600987,195.43777529110602,198.82788849510223,195.24673543595483,195.9456804982863,9715800
2024-09-19 12:29:57.600987,199.60578122594396,199.47533536538376,198.3755207627641,199.37970527827423,1447042
2024-09-20 12:29:57.600987,199.245475436399,201.67172194243747,199.87385713274952,200.4048260952417,4169656
2024-09-21 12:29:57.600987,196.87549756766697,196.977754338695,196.28963500080636,196.52360522387374,9431939
2024-09-22 12:29:57.600987,192.16399944967765,196.3689525642408,190.98842353189943,192.4741691797413,5298522
2024-09-23 12:29:57.600987,191.2558613701263,192.1392137044007,190.51832509193733,191.98085314894698,7760274
2024-09-24 12:29:57.600987,191.33842087305314,191.00564031064079,188.89167196045818,190.9061029400042,8365884
2024-09-25 12:29:57.600987,191.5823743287986,196.7604328650814,190.12853689202535,192.37070913555752,8892505
2024-09-26 12:29:57.600987,193.19045769269957,192.26981137699826,190.30533626980412,191.63523355717916,9601403
2024-09-27 12:29:57.600987,189.1007681473265,192.05119395223292,189.30665749897568,191.51241520203126,6687141
2024-09-28 12:29:57.600987,191.2073372925465,191.16974495028967,188.96160938788165,189.30584961655023,4150762
2024-09-29 12:29:57.600987,188.55178536957163,189.57256348506428,187.56938697224314,187.69275632223378,5323963
2024-09-30 12:29:57.600987,187.7289904975115,186.55771417962941,184.30591292808543,185.8610212847197,7695777
2024-10-01 12:29:57.600987,184.59031214179183,188.01205255906314,182.51604985371333,184.7470574126245,1819790
2024-10-02 12:29:57.600987,183.0176048431166,184.98807460609166,184.2850085909252,184.3129433319838,3709198
2024-10-03 12:29:57.600987,183.61050359748165,185.53574195415996,185.30282693322508,185.39221058090183,5360680
2024-10-04 12:29:57.600987,183.52825029726694,185.72382355476608,177.50025290495464,182.5562816801959,4122135
2024-10-05 12:29:57.600987,182.8675078024526,182.63175478634872,181.46806856211725,181.52495618098578,8124286
2024-10-06 12:29:57.600987,184.19833311737227,183.8668435403113,182.5959544234678,182.9135840109356,2521773
2024-10-07 12:29:57.600987,182.96262332680166,184.70481597388311,178.86886393018975,183.9343207939816,4535006
2024-10-08 12:29:57.600987,179.8304159260103,179.7375788121097,178.25992787113364,178.5373689119471,7445530
2024-10-09 12:29:57.600987,178.20535433358364,178.47336870919597,176.32135480491195,178.20699915330994,6339122
2024-10-10 12:29:57.600987,173.40090464484663,175.17213996210577,171.92321289541343,173.43526053667992,9730353
2024-10-11 12:29:57.600987,177.10977592045467,177.17907533145913,175.15333144749968,175.60061883529193,3439027
2024-10-12 12:29:57.600987,172.4055109774997,174.96670040486293,173.65351389164155,173.7522094626661,6453032
2024-10-13 12:29:57.600987,175.42981270172348,176.93687001617207,172.96196190957272,173.972685824834,2140596
2024-10-14 12:29:57.600987,172.35097925307562,173.12615871668268,170.50610556160441,173.09002990509754,7289357
2024-10-15 12:29:57.600987,169.2350591706591,170.26500919840026,169.1660174420658,170.07265113789134,5145944
2024-10-16 12:29:57.600987,168.10629354671912,170.9809842190855,169.71745842326743,170.48114168716234,3873798
2024-10-17 12:29:57.600987,170.74734104204754,172.8472128370825,168.1004577798786,170.85685688166936,1765695
2024-10-18 12:29:57.600987,170.1848764946869,168.81193502142915,167.98171385074963,168.60213380278134,5827381
2024-10-19 12:29:57.600987,169.78027928091865,171.5915456170587,168.24200104288386,169.0118422578356,1986518
2024-10-20 12:29:57.600987,170.36106957909223,172.39446143128347,169.60357678029337,169.87498610249511,1278560
2024-10-21 12:29:57.600987,168.10474944373547,172.64208661139224,167.96831422625698,168.4200962220608,9194064
2024-10-22 12:29:57.600987,162.779239556415,167.31311802852292,161.6789961844992,165.0074361940621,2056964
2024-10-23 12:29:57.600987,169.0423405612951,168.53401817065645,165.733456635462,168.45361236176566,3033442
2024-10-24 12:29:57.600987,166.46295387031816,167.87126331390454,165.50383906965723,167.10394591676481,3340780
2024-10-25 12:29:57.600987,170.19620027454116,172.99582728609278,167.3002555977756,169.87934509624276,6094877
2024-10-26 12:29:57.600987,171.9999087583786,172.70702267284344,170.09107357494813,172.15522068330213,2871720
2024-10-27 12:29:57.600987,171.5559322703634,175.69369064631857,172.76465944956618,173.61374644076196,7927449
2024-10-28 12:29:57.600987,174.0941964544034,175.06715908137056,172.03407264910376,173.4931675324073,5238829
2024-10-29 12:29:57.600987,171.1485758711375,173.88380123285987,167.2541575665938,171.1717759664497,9540668
2024-10-30 12:29:57.600987,172.65594816881435,175.62601251633814,171.50578910653053,173.5700361248587,5364741
2024-10-31 12:29:57.600987,172.206284383061,174.46270573668235,171.51215247407177,172.24239299847542,6721323
2024-11-01 12:29:57.600987,176.87549255992207,178.25697264680005,177.66844467745167,178.04390008743655,4817505
2024-11-02 12:29:57.600987,174.9052440354147,176.43991766278597,174.87221836940213,174.87374044185503,6789302
2024-11-03 12:29:57.600987,172.96075376866747,175.41946142377515,172.40650790755396,174.14934481230455,3963610
2024-11-04 12:29:57.600987,171.19838789405298,173.8073850190139,172.17932057781545,173.59140821296535,5605711
2024-11-05 12:29:57.600987,176.76930375320504,179.26498246421082,174.48217066936408,176.46869625472965,1720598
2024-11-06 12:29:57.600987,177.5029984379749,179.11208482678884,177.09472872110615,178.55032893206717,5146680
2024-11-07 12:29:57.600987,181.41812880548312,182.5915067051549,177.78998893963907,180.7212508700372,3620601
2024-11-08 12:29:57.600987,180.54004821116536,183.14396658614012,180.8975071748671,182.1463764711011,3261610
2024-11-09 12:29:57.600987,181.70483818567428,184.74342575894005,182.02795318595258,182.7000979510908,4498747
2024-11-10 12:29:57.600987,182.5266308643678,182.91919187924165,177.98293282535468,182.17515807184355,6513479
2024-11-11 12:29:57.600987,178.77381347094305,181.77816234386705,179.1565587868102,180.5513143317019,5059220
2024-11-12 12:29:57.600987,179.5832478715062,182.95286517832935,178.92375654841064,179.79634764403517,8131825
2024-11-13 12:29:57.600987,181.17464995976917,180.6280761170447,178.02516164013386,180.5349304443642,5394275
2024-11-14 12:29:57.600987,181.21426236170947,181.61944918628384,180.0597384052508,180.94975514964435,6526274
2024-11-15 12:29:57.600987,182.44221969351713,183.47299222853408,180.43958377028102,182.0165617261257,6402959
2024-11-16 12:29:57.600987,175.66868240319585,181.82061007019104,176.15509582855722,178.30998903773008,2044064
2024-11-17 12:29:57.600987,178.48123872734865,179.49308529867824,173.11087198333323,177.83469271327306,9411196
2024-11-18 12:29:57.600987,174.64403710257338,176.2426409508172,173.98459585765013,174.55331885211908,1804445
2024-11-19 12:29:57.600987,176.69155717797204,178.51873811065082,175.0531846058159,177.21162700854805,7872439
2024-11-20 12:29:57.600987,177.99875944424826,181.75806118030633,180.00220070219743,180.31821107330254,1799377
2024-11-21 12:29:57.600987,176.86126927674084,181.1786729635523,177.2615037747579,178.13070535901835,3335855
2024-11-22 12:29:57.600987,175.4429340211466,177.36507675135212,174.60698017940712,177.22131294654767,9675086
2024-11-23 12:29:57.600987,178.6369069830586,177.89161623544587,174.72125220093685,176.7633619160606,5164940
2024-11-24 12:29:57.600987,177.63336502947394,176.88716442733164,176.1851805593598,176.4357475835774,1187507
2024-11-25 12:29:57.600987,173.082329166851,174.12325966642382,168.12411382272913,173.48963104370043,6481889
2024-11-26 12:29:57.600987,171.56547123706852,173.39564914818138,172.74958401725834,173.11682360928606,1835708
2024-11-27 12:29:57.600987,177.34259873641926,177.2850331170247,176.46681995721772,176.56071579817288,7183569
2024-11-28 12:29:57.600987,181.96881000423883,179.9012020694921,179.07420466547143,179.62253896054196,9925152
2024-11-29 12:29:57.600987,179.99413332603694,182.95770990848143,177.50343664287985,178.62797908780425,3576326
2024-11-30 12:29:57.600987,181.5339546209103,181.39900378769005,175.72137487528343,180.6001838790468,5602795
2024-12-01 12:29:57.600987,179.02327024352735,178.81637454198588,176.10190261180568,178.2322308680658,4033374
2024-12-02 12:29:57.600987,182.49321759738254,184.6357619332287,181.48866269727102,182.94577829760394,4324274
2024-12-03 12:29:57.600987,180.87577228280773,182.9269045412691,179.06218421012812,181.67055342680385,8947020
2024-12-04 12:29:57.600987,184.62853871322298,186.1477769658167,183.18629776226916,183.48930465332597,6928771
2024-12-05 12:29:57.600987,183.77972227867556,185.54359136803347,182.70637016456888,185.02570756349456,3469915
2024-12-06 12:29:57.600987,185.70330190448078,186.87918413449273,183.15002927469448,186.45925127998268,4192057
2024-12-07 12:29:57.600987,187.77752582725307,187.12684606869044,183.95638081397266,186.57233682170477,3550403
2024-12-08 12:29:57.600987,190.16801156865455,190.5616967459172,186.4443073946367,189.82696860172354,1044933
2024-12-09 12:29:57.600987,187.22295640276863,189.69415172959006,185.65182997555155,187.74147300183455,3836241
2024-12-10 12:29:57.600987,189.20733371671022,190.58905689984823,188.66444364072044,189.95400180992968,1443226
2024-12-11 12:29:57.600987,189.65495009417614,191.5274869116705,187.70065690780044,189.78947092980584,3118581
2024-12-12 12:29:57.600987,191.10242432519934,189.96951211213226,188.65090294874574,188.76087268047957,5659910
2024-12-13 12:29:57.600987,190.90992309279142,190.0926249692363,187.12373030849156,189.3512431829699,1415277
2024-12-14 12:29:57.600987,189.15461204781008,190.75799201038774,187.25148210572897,188.16216233070628,8610098
2024-12-15 12:29:57.600987,187.0988607355155,189.7120580684669,187.38328369116613,188.30151345334818,3879208
2024-12-16 12:29:57.600987,191.37529505462038,192.51921643024625,192.4979072216754,192.51917508906772,7563551
2024-12-17 12:29:57.600987,192.54850115248402,192.35805276190177,190.5539539583882,191.68547402697996,4100073
2024-12-18 12:29:57.600987,191.40012869175163,192.82056240328825,189.74467541446413,192.1047705777368,8616296
2024-12-19 12:29:57.600987,190.28726933293942,192.58028584610514,189.10998643577727,191.14046454431718,3474155
2024-12-20 12:29:57.600987,191.88701961753685,195.31973210821607,190.86558458879512,192.97265545346232,5093508
2024-12-21 12:29:57.600987,192.5114891937759,196.56824859588377,191.4875194674402,192.01855070909343,8557197
2024-12-22 12:29:57.600987,194.23965265498103,196.2285230872862,193.65678905853864,194.03097712464546,8091929
2024-12-23 12:29:57.600987,189.55956730028393,193.35197248692253,187.33171683855164,190.3241663762831,7552872
2024-12-24 12:29:57.600987,187.1633469622704,189.30229476026986,186.24803455946378,187.7013153234019,1732702
2024-12-25 12:29:57.600987,186.50614106335394,185.91323335653487,182.73772651965484,185.04482228042212,7341615
2024-12-26 12:29:57.600987,183.42634867079428,185.45537978314186,183.7667254228056,183.838297426271,3554175
2024-12-27 12:29:57.600987,185.3765733326562,186.59694904679102,183.7276804735429,184.14784477970494,9487485
2024-12-28 12:29:57.600987,184.1485352297122,184.5132111887274,180.49653081958675,182.72778875515448,1560959
2024-12-29 12:29:57.600987,178.41083102628863,178.899689407448,175.88528035665755,178.87166350782718,4865885
2024-12-30 12:29:57.600987,179.13431824481378,179.33522185306882,178.5967766447135,178.81139723368773,1356350
2024-12-31 12:29:57.600987,177.05584073173057,179.9135535893408,173.10506342345397,176.52869941224296,6126398
2025-01-01 12:29:57.600987,176.06982933529628,177.7367582854323,174.0698634100385,175.76038860375613,2348159
2025-01-02 12:29:57.600987,178.9875977988592,180.17794522656746,177.75297126589248,178.1259956928152,9258851
2025-01-03 12:29:57.600987,182.094643690393,184.2995701630341,179.25811530492987,181.99553686175807,8779184
2025-01-04 12:29:57.600987,182.57686061080867,184.0894886178183,181.65059424269006,183.23921256109787,7862266
2025-01-05 12:29:57.600987,184.390410057765,186.70082559854788,181.31704885762994,184.8781471502507,3420832
2025-01-06 12:29:57.600987,186.41847246307236,186.48075463635925,184.47213367894986,184.73156613450337,5297369
2025-01-07 12:29:57.600987,181.5935949617059,183.5913452412549,180.8240966655835,181.92830767925463,2363394
2025-01-08 12:29:57.600987,181.65051767073948,183.47620513265028,178.00470635320397,180.8713710854264,3612036
2025-01-09 12:29:57.600987,184.1929102453686,186.202261862048,180.74491746556308,184.57295475714668,1780455
2025-01-10 12:29:57.600987,182.80218569303648,184.22519012511157,181.9358386818095,182.55504286945683,3383927
2025-01-11 12:29:57.600987,183.31178079060916,185.51659706865027,181.8372417542346,183.0590090251393,1378130
2025-01-12 12:29:57.600987,184.66115649438999,184.75022872742525,182.95802169367616,182.99327496231157,2743996
2025-01-13 12:29:57.600987,182.50129252405,184.2817977213749,177.20226113667348,180.9835440602206,7343007
2025-01-14 12:29:57.600987,182.66075535838493,182.41658897838556,180.7518717766361,181.88268228141004,6239078
2025-01-15 12:29:57.600987,179.21399369582397,183.24727271971344,181.0053184750928,181.3265632373761,8328591
2025-01-16 12:29:57.600987,181.5230817904508,182.97617651395853,179.10852362991457,182.63242026097896,9694424
2025-01-17 12:29:57.600987,185.1914290726112,184.15181476262845,180.38437563076155,182.85918267845923,9985038
2025-01-18 12:29:57.600987,184.1278736575488,186.66310396626207,184.8443307891932,185.06485420586873,8947757
2025-01-19 12:29:57.600987,184.23960174268672,184.4956630495648,183.9119275008859,184.32819542147473,8077553
2025-01-20 12:29:57.600987,181.7768507863863,182.95433490004203,180.36040569597597,182.72507593881187,3374405
2025-01-21 12:29:57.600987,182.29913013737942,183.81248907580587,180.0243878096942,182.98750994391713,5700867
2025-01-22 12:29:57.600987,182.14279480809267,184.3183017239848,180.61182020569285,182.45392743406023,7626940
2025-01-23 12:29:57.600987,183.83224334360526,186.0639579980216,182.7742971334391,185.11115095212307,7557517
2025-01-24 12:29:57.600987,185.24101049098098,186.76980090019268,183.9339685119952,185.75081554270884,6467411
2025-01-25 12:29:57.600987,185.69567753109118,185.8473159892271,184.98498280030444,185.2764950752851,6638774
2025-01-26 12:29:57.600987,181.7591327622984,185.7510969396612,182.08820110498866,182.9936091410995,6122403
2025-01-27 12:29:57.600987,184.28057591977043,184.80597184534554,179.9723591232745,183.2245839847323,6212717
2025-01-28 12:29:57.600987,183.72024418497426,185.07576545369926,183.28808354434682,183.84648098115593,7593053
2025-01-29 12:29:57.600987,184.6882886610222,187.35500008432172,184.25102050310812,185.73108617819807,9992152
2025-01-30 12:29:57.600987,185.642203905587,188.93181695524905,183.1041029943256,185.25348456564194,8323780
2025-01-31 12:29:57.600987,184.91079410670582,187.36791146554242,183.65470867195063,185.33929870970903,4582270
2025-02-01 12:29:57.600987,181.09777193600866,184.28190953933205,180.35727182581118,182.4189918846853,9667827
2025-02-02 12:29:57.600987,182.97885416957172,183.56639724802483,181.00288470582836,183.36948793407518,8253559
2025-02-03 12:29:57.600987,185.97752080152642,187.43553335129573,181.663309665455,185.26905160338083,1468914
2025-02-04 12:29:57.600987,179.99765592462782,180.58673281373555,179.29264817633032,179.92191006344677,5535070
2025-02-05 12:29:57.600987,181.42185516495863,185.98122629945635,181.55728471222085,181.99343264367198,3993649
2025-02-06 12:29:57.600987,182.61475308530734,185.57587729692145,181.904271805913,182.3600610327864,5686672
2025-02-07 12:29:57.600987,183.57234446485631,187.47083815927235,183.239110564666,184.4973625957708,1658115
2025-02-08 12:29:57.600987,186.31997743796626,187.43321952934178,186.03343462893523,187.04287959873696,2013192
2025-02-09 12:29:57.600987,183.81946364744215,187.31205762275872,178.14291642521496,183.45250019676118,2312635
2025-02-10 12:29:57.600987,179.8317620092205,181.26661414647484,178.70177466557104,180.69622829164678,4940742
2025-02-11 12:29:57.600987,181.96732920176723,184.42697015102289,181.0805648541171,181.73633967489397,3441466
2025-02-12 12:29:57.600987,180.3667884394167,184.23958466668924,180.8879254949019,182.07814848629184,1228972
2025-02-13 12:29:57.600987,181.56556397010198,184.41730128863367,176.55736630620217,181.03401042830728,7529543
2025-02-14 12:29:57.600987,179.78849197415835,179.03775069027373,178.15823600800408,178.46606434261835,8786569
2025-02-15 12:29:57.600987,177.90040423295056,179.2419008706943,177.17042148329176,177.9548543702213,2622757
2025-02-16 12:29:57.600987,182.26538884088276,182.9770261970945,182.00099103908107,182.40147939269644,5876425
2025-02-17 12:29:57.600987,183.6151055838257,185.1029968216952,183.93151175655805,184.71373685884714,2187942
2025-02-18 12:29:57.600987,189.73232790744976,191.25340209893733,186.25868508902022,189.20275731158208,9897681
2025-02-19 12:29:57.600987,186.72946338733263,188.81773882535313,184.36155650633518,186.94637633308992,3390142
2025-02-20 12:29:57.600987,185.8660258204103,186.72912465287803,184.78241643650682,186.1646148063407,1843068
2025-02-21 12:29:57.600987,185.21796807107037,186.43958642472057,182.28528622270832,183.65736499068583,6218446
2025-02-22 12:29:57.600987,181.61127743445564,183.26035131884097,180.2312858391635,181.51429104084286,2765531
2025-02-23 12:29:57.600987,184.72019104746585,186.08380993734025,182.82430672950062,184.94607297788534,1062834
2025-02-24 12:29:57.600987,187.70852076198898,188.1182004917872,185.78196482515506,186.90716892527035,9838169
2025-02-25 12:29:57.600987,188.96331173593524,187.96850528526338,185.28827347417885,187.40657416072838,7037166
2025-02-26 12:29:57.600987,186.22553464041496,188.02847029924686,185.54715227929776,185.84857602925103,8427018
2025-02-27 12:29:57.600987,185.20003358824286,187.49614204635793,184.58399600994625,185.48328205430207,5527798
2025-02-28 12:29:57.600987,188.10009318934348,188.19625902090155,186.64007413499183,187.00634696739235,6904148
2025-03-01 12:29:57.600987,184.8165767092749,184.83861029693736,180.88929630750377,184.804841992053,5209658
2025-03-02 12:29:57.600987,184.11918039466434,184.34591658678397,183.53595054001684,183.77427799826563,7239445
2025-03-03 12:29:57.600987,185.1975578882061,184.98573515360263,181.71256507226357,184.62475421344053,3139102
2025-03-04 12:29:57.600987,183.68601878458787,182.61414882604427,181.16897491329968,182.37220986358642,3390119
2025-03-05 12:29:57.600987,181.43972574938846,184.87540743387294,181.46914226433654,183.80313197429945,5999460
2025-03-06 12:29:57.600987,187.32074503909652,187.1780238557302,185.58053545068051,186.32244733329128,9412089
2025-03-07 12:29:57.600987,185.85880447071855,189.8631530027691,183.23050728338328,186.1204914736093,6345286
2025-03-08 12:29:57.600987,191.88459517181678,193.59280399320332,190.3819251702014,190.74118722731464,3025991
2025-03-09 12:29:57.600987,189.43542544785723,190.67546013260488,187.23781299971552,189.40106923709874,6518000
2025-03-10 12:29:57.600987,185.17526969832747,187.13507627170455,184.38978158211103,186.48502579926554,6276309
2025-03-11 12:29:57.600987,186.79625559214733,188.4259726221761,183.66434963981888,185.9413964232431,9490810
2025-03-12 12:29:57.600987,187.04309641722986,187.37002980476169,185.22377460898792,186.9382568306249,4258165
2025-03-13 12:29:57.600987,185.94722323061688,187.15668712995122,184.0138484470189,185.00944533833461,4287199
2025-03-14 12:29:57.600987,185.8732715917574,188.35655709960625,185.8379583833349,187.0240717209098,8163587
2025-03-15 12:29:57.600987,187.11292516158468,190.76784978300472,188.9110339591636,188.99648483261163,5668028
2025-03-16 12:29:57.600987,187.63430794219988,189.81997311477338,187.21082166633636,188.05243532373294,3589342
2025-03-17 12:29:57.600987,190.38225078208364,191.9068372698864,188.47978679930074,190.19683445637418,1378887
2025-03-18 12:29:57.600987,190.205890801517,191.59342328149737,189.830564517517,190.7713254871611,8555989
2025-03-19 12:29:57.600987,191.23854833326794,191.56234554045608,190.90772579870384,191.09786319610004,1863801
2025-03-20 12:29:57.600987,193.2156642982667,195.20334168173056,193.07359742818875,193.72509490752282,1260448
2025-03-21 12:29:57.600987,189.11785637992386,190.56821366922696,187.14085045597966,189.32114971275612,2245142
2025-03-22 12:29:57.600987,187.55939299091773,189.23284733422528,184.33257056066185,186.9621824591012,9703867
2025-03-23 12:29:57.600987,186.04020612430767,187.85840045199888,185.14267024747133,186.32053553661257,6139960
2025-03-24 12:29:57.600987,185.7762062624043,188.98154999031377,187.28271238734266,187.92584645440155,3212355
2025-03-25 12:29:57.600987,188.35674155096234,189.78652670169473,186.64607482863516,188.06891923432144,8211146
2025-03-26 12:29:57.600987,183.972636411129,185.09961836568186,181.77674820785415,184.12034528384822,7845798
2025-03-27 12:29:57.600987,184.56613671015853,185.16777618091345,180.36206359768696,184.49246367028044,7545161
2025-03-28 12:29:57.600987,182.5759586440254,185.1462946952737,182.28826773410944,182.97132636037338,1192019
2025-03-29 12:29:57.600987,186.09579911106033,188.57237930858253,182.8309019851994,185.71898149432053,4933561
2025-03-30 12:29:57.600987,183.51823646795535,186.50337197084627,183.94376141220326,184.27101118132387,6913928
2025-03-31 12:29:57.600987,182.4627269914466,184.89477749086478,182.26955290729916,183.273633174411,9783185
2025-04-01 12:29:57.600987,182.42577541443544,181.1557980020259,178.78430108363284,179.8875200504159,2812030
2025-04-02 12:29:57.600987,178.8700939310547,179.44537440845693,177.8291353855833,179.0462656566709,7172517
2025-04-03 12:29:57.600987,177.0721869859981,177.80724128182737,176.30661950824458,176.7673458823545,6595302
2025-04-04 12:29:57.600987,177.56128762122893,176.49078355921523,175.9616805055323,176.37270040044734,7630764
2025-04-05 12:29:57.600987,178.35847098324896,181.14838240961691,176.10247814572918,177.95890953422594,9517552
2025-04-06 12:29:57.600987,175.19962435064193,179.38673310581234,173.86420645298566,175.12677205874843,3140431
2025-04-07 12:29:57.600987,174.54037734864963,176.35221482074672,175.74658651923423,175.98244418880375,8102270
2025-04-08 12:29:57.600987,176.58674356401937,178.80671661443841,175.6090252634035,176.57786286227275,1211309
2025-04-09 12:29:57.600987,179.84207238405352,182.83895691599935,179.3948274042188,180.88084498999797,7217532
2025-04-10 12:29:57.600987,178.87902185067603,180.43151719124216,177.01104324628048,178.0614820093877,1606090
2025-04-11 12:29:57.600987,175.84653118790467,178.74755292537537,175.55347006283168,176.8784012027583,2517309
2025-04-12 12:29:57.600987,175.0071571603093,178.9428630921367,175.45492795833752,176.48692350906106,3154127
2025-04-13 12:29:57.600987,178.3000601113037,178.90183400169587,176.3570701476516,178.77092351856345,3266223
2025-04-14 12:29:57.600987,179.201637017092,181.7119840171878,177.71134746677495,179.42075962501676,9293840
2025-04-15 12:29:57.600987,180.3239686645037,180.03045685677148,177.31110176227722,178.9720419664659,7397495
2025-04-16 12:29:57.600987,178.60017644755564,180.58199379150557,176.66299597793875,179.1900191948209,8652986
2025-04-17 12:29:57.600987,181.41209810159603,183.2028847191275,179.8143915086769,182.2722413567841,8966949
2025-04-18 12:29:57.600987,183.50837624492857,184.95071813975517,182.079038269888,183.48035069301744,5991295
2025-04-19 12:29:57.600987,181.87176705352556,186.57731519737615,180.0905399469292,183.348153790659,6320037
2025-04-20 12:29:57.600987,186.10082746647325,187.01264065428649,185.11020607975533,186.18623035702393,6099928
2025-04-21 12:29:57.600987,185.7071384241635,188.1307831401623,184.89202651946624,185.77268261801478,4179857
2025-04-22 12:29:57.600987,183.97996747387504,185.30160132139645,183.58240237326572,184.44147645897633,9387037
2025-04-23 12:29:57.600987,182.63429613254996,184.38160075546233,182.38440462934017,183.4881654435706,9823332
2025-04-24 12:29:57.600987,184.4448625115315,187.23226071290588,184.34891317042252,185.35975011405952,8844690
2025-04-25 12:29:57.600987,184.5857840131997,188.12479227413584,184.4306708929807,185.39927431719187,8673660
2025-04-26 12:29:57.600987,190.55135932861046,190.11363665367446,187.21846509222212,188.69595719559035,6487175
2025-04-27 12:29:57.600987,189.43824461965207,193.4325488281395,191.40381200857743,191.61058196740595,8448328
2025-04-28 12:29:57.600987,192.9314890103995,194.99196159519286,191.13912181163832,194.09773363436275,7188791
2025-04-29 12:29:57.600987,192.9818613872498,191.90391772450852,189.50730598868395,190.72039158773418,7685030
2025-04-30 12:29:57.600987,186.67917592628237,188.52367997383274,184.8727404664645,187.22811100027843,2351467
2025-05-01 12:29:57.600987,186.89205336538387,191.14227191665782,185.1742963290502,187.7806853641491,5024472
2025-05-02 12:29:57.600987,187.3483669869005,186.82574420205734,184.5022143451139,186.65688557101274,2660152
2025-05-03 12:29:57.600987,186.15550110527434,186.9726457844456,182.06039836476697,185.90580765061844,3724896
2025-05-04 12:29:57.600987,187.665899966157,187.7006603797321,185.76171370656675,187.50516245630365,7429814
2025-05-05 12:29:57.600987,188.67528756578704,188.84923151350714,187.27978491717445,187.82451381873415,7710589
2025-05-06 12:29:57.600987,180.849764993057,183.9737473031434,181.0139058486939,183.4088138517597,2728210
2025-05-07 12:29:57.600987,180.79024192099158,184.2169362960248,179.28763761239688,182.39362213372476,2828301
2025-05-08 12:29:57.600987,184.9061028086067,185.55832776260516,182.56403543959254,184.32187765987078,6413849
2025-05-09 12:29:57.600987,182.91996014821189,182.9887753605365,181.82137907891038,182.86464191546048,3162587
2025-05-10 12:29:57.600987,182.9164615385089,185.2040692226691,182.3027645507044,184.09794493285952,5561388
2025-05-11 12:29:57.600987,181.5243808269264,184.43611908365742,182.02051494323172,184.25667743114172,6486692
2025-05-12 12:29:57.600987,184.39750352316875,185.6332433389598,184.5074525481256,185.05210351630504,5281526
2025-05-13 12:29:57.600987,184.48719398328433,186.74614999042078,185.57383911068533,186.39375560476736,1381337
2025-05-14 12:29:57.600987,186.09612432177616,186.46464804081387,184.2915074817748,185.51887298839998,5489376
2025-05-15 12:29:57.600987,183.24469865884913,184.79897144383986,183.96232947312114,184.73085129397828,2851775
2025-05-16 12:29:57.600987,185.72553863220762,188.1961187448766,185.89362896147557,186.23065409234036,2514932
2025-05-17 12:29:57.600987,187.2355364387718,189.8055793073249,187.17457327206407,188.85999965871912,3437828
2025-05-18 12:29:57.600987,183.78956215328665,186.71337437532782,183.44652065383835,184.6210068480115,6537244
2025-05-19 12:29:57.600987,188.35907741701314,187.99951075910033,185.38932939988652,186.47943909017016,2382415
2025-05-20 12:29:57.600987,184.7924065128539,190.17096747794614,182.17900595110083,186.2983815824633,7804523
2025-05-21 12:29:57.600987,188.19589964912038,189.47266699492815,185.13057122136522,188.35672708913853,4656835
2025-05-22 12:29:57.600987,191.12820694166592,191.52811182344044,186.48857371122867,190.14110481153762,4385698
2025-05-23 12:29:57.600987,192.40079299111304,196.6529421281454,189.08613557543896,191.33566189158114,5017989
2025-05-24 12:29:57.600987,191.97319921800892,194.63414215583398,188.88491226798695,191.74932007269246,5015068
2025-05-25 12:29:57.600987,190.730607568518,193.12873634970074,190.17728525288211,191.07549841603262,5704692
2025-05-26 12:29:57.600987,192.52965481268197,195.37600381336182,192.2657269855885,192.60174606172635,3275145
2025-05-27 12:29:57.600987,191.4521906697227,192.93949320975992,188.4987620553638,191.1260277393495,1780407
2025-05-28 12:29:57.600987,192.80793004672398,194.4505384505504,190.87387891788185,191.98193436325533,3934749
2025-05-29 12:29:57.600987,190.97014036537956,193.4444294476854,189.89927864543697,191.22268117429562,7832642
2025-05-30 12:29:57.600987,192.69013255616633,191.14281210360707,186.13840601321525,189.65537325329,4475367
2025-05-31 12:29:57.600987,191.4465034807909,192.00591571536447,189.57086467221367,191.3983883138215,5580766
2025-06-01 12:29:57.600987,189.76514219823775,192.49851247487746,186.07639264726245,188.79785286885254,7773678
2025-06-02 12:29:57.600987,186.6111549612971,188.64704033087017,184.66219295176987,187.6089432844846,8164003
2025-06-03 12:29:57.600987,187.487057889226,187.77422864550834,186.44032841568574,187.25942492874367,3344077
2025-06-04 12:29:57.600987,189.767337927894,190.57812050812652,189.49256661661357,189.54448346251132,9532849
2025-06-05 12:29:57.600987,188.11768948180597,190.29583429782662,185.68227888694312,188.45557298037988,2001229
2025-06-06 12:29:57.600987,193.21434138507675,194.77571733508736,191.70772455434107,192.9430654414169,2495738
2025-06-07 12:29:57.600987,187.55355792921188,189.62352617906214,187.65713880999127,189.16621578170881,5785498
2025-06-08 12:29:57.600987,187.65347400674324,189.08789084083722,185.80326178299134,186.5743121649296,5073101
2025-06-09 12:29:57.600987,187.07336633572402,188.54611379436577,183.55820677102983,187.26097899313993,9574476
2025-06-10 12:29:57.600987,188.622263572969,190.37096568766944,188.19791915203908,188.60588165661176,9047343
2025-06-11 12:29:57.600987,187.1677490847396,190.01466033417725,185.37275361284426,187.46287524074884,3455579
2025-06-12 12:29:57.600987,187.75712741509702,189.13970751372767,185.03596484412986,188.4598898660839,4294994
2025-06-13 12:29:57.600987,186.2441172595074,190.70959515301513,186.97322440609202,187.34363643207672,4301701
2025-06-14 12:29:57.600987,185.38486727881113,186.86948073464,183.13560156216298,184.8340580440927,2909681
2025-06-15 12:29:57.600987,186.49360549978226,185.2351950836169,183.2483177111796,183.79490083980994,2331689
2025-06-16 12:29:57.600987,182.71392448419857,182.44815784625933,180.38460491328735,181.96712144569037,6340021
2025-06-17 12:29:57.600987,181.2590970923836,183.24775324046698,179.3729601405051,182.180783431304,1942964
2025-06-18 12:29:57.600987,181.8503765394237,184.52789300830284,177.78340014129242,180.77866360841034,2662819
2025-06-19 12:29:57.600987,179.79622760945654,178.69275287366497,177.8845567384478,178.6355021849673,3016157
2025-06-20 12:29:57.600987,176.44623455564036,179.68017189599445,175.76161039936127,177.52634316441066,1490270
2025-06-21 12:29:57.600987,177.9864043842975,181.15219616384033,177.95537323439183,178.16576193480637,3618714
2025-06-22 12:29:57.600987,178.77442202924087,182.7618996548289,179.44678946981793,180.12832458311988,2381510
2025-06-23 12:29:57.600987,181.67978627681123,181.84996833810325,180.9464881997819,181.43521017355764,3799237
2025-06-24 12:29:57.600987,179.88644385754648,181.30508176778602,179.4756072232352,179.7672240594514,2622367
2025-06-25 12:29:57.600987,178.58825839947403,180.58720516699972,178.75586899472822,180.06286828522857,9436788
2025-06-26 12:29:57.600987,182.35582605935363,182.01085345324864,180.20568076783772,181.28400883942095,8966285
2025-06-27 12:29:57.600987,181.85192810698356,183.922276530612,179.35586937908812,181.52386451975394,6677891
2025-06-28 12:29:57.600987,179.16556834578893,181.05359749370822,176.90947411385585,179.59596103570948,7752170
2025-06-29 12:29:57.600987,178.38354286513874,181.33813222644972,176.9337547442867,177.91145329533845,5481074
2025-06-30 12:29:57.600987,177.86956336680228,178.40638945027493,178.11122132317416,178.34133054304428,9872532
2025-07-01 12:29:57.600987,177.6299281689293,177.8350572150492,176.2984096611776,176.7480343523502,9899924
2025-07-02 12:29:57.600987,177.77667462040023,176.53048885655278,174.75825915078948,176.06375797639106,4996240
2025-07-03 12:29:57.600987,174.81190975783574,178.48765274462954,175.20660595872013,175.2088530932675,5415248
2025-07-04 12:29:57.600987,172.48064003899813,174.4175114339499,169.7391521683024,172.4087370723842,6403120
2025-07-05 12:29:57.600987,171.68423024897828,175.18384789803937,171.2303463657872,171.98094388015716,2088497
2025-07-06 12:29:57.600987,172.50004440601836,175.6303795598804,171.2531413650748,173.63302699725432,4037017
2025-07-07 12:29:57.600987,174.84651694755888,177.16388893319268,174.31285789199444,175.7707954157953,5688322
2025-07-08 12:29:57.600987,173.44850086496766,178.1588781884418,173.36888426504797,173.88066823828467,4619564
2025-07-09 12:29:57.600987,175.14271744589053,175.86870550657278,175.37973822740713,175.49257472543457,2171643
2025-07-10 12:29:57.600987,180.10836075419095,181.7878518216075,178.32012312540866,179.81010798770296,8593095
2025-07-11 12:29:57.600987,180.20328136497466,182.07558918619188,177.61445635964586,181.4119150920012,7928626
2025-07-12 12:29:57.600987,184.0890952412186,186.27927929353572,184.07608243704456,184.65051088365578,5641939
2025-07-13 12:29:57.600987,181.701013773656,182.47141317004247,182.11909831923467,182.37334339673924,4372125
2025-07-14 12:29:57.600987,186.7359939421301,186.67080600387308,186.05288779038466,186.12749788886134,7527373
2025-07-15 12:29:57.600987,184.9259106506834,185.94186239018973,181.2097752460423,183.6990955693748,4032294
2025-07-16 12:29:57.600987,183.00108946808436,183.56088320053394,181.49597436439242,183.45382705632517,8795307
2025-07-17 12:29:57.600987,180.7376347025034,182.93981110106773,182.48858093435248,182.89998583734084,9771816
2025-07-18 12:29:57.600987,184.39075505287337,184.6711431573341,183.37912870716107,184.6641856456945,6393596
2025-07-19 12:29:57.600987,183.48844525793103,183.46608953162297,182.65308716405482,183.28838536127202,1633285
2025-07-20 12:29:57.600987,186.15165609811123,187.9185931070258,185.63378037055918,186.7608531173976,3043373
2025-07-21 12:29:57.600987,184.99736441126876,187.52762684940913,185.22043376670453,186.32558794154693,2873305
2025-07-22 12:29:57.600987,188.20123901724946,188.8291929071542,187.01123458110837,188.30738495619596,7745951
2025-07-23 12:29:57.600987,191.19767267395068,195.89919338133936,191.43033565807823,191.79559406046315,1824748
2025-07-24 12:29:57.600987,189.2701995074046,190.40794763780923,187.53898960332253,189.46971146858738,6658739
2025-07-25 12:29:57.600987,189.70537724970083,190.81252748656755,189.73241798310988,189.8895884597818,6205811
2025-07-26 12:29:57.600987,191.52176137869327,196.72793560594468,189.1358925286596,191.72821243217453,6048129
2025-07-27 12:29:57.600987,196.6679648761075,198.0441254640753,197.3100874203702,197.56047694666478,5619065
2025-07-28 12:29:57.600987,199.50558313385193,202.9279131295758,199.97864419314817,200.80404634207522,9801311
2025-07-29 12:29:57.600987,199.19490392658082,201.83988698400188,197.53106024609173,200.2043097867559,9824785
2025-07-30 12:29:57.600987,202.46102547724666,204.57510459725003,201.3378383168814,202.51496363647016,8503200
2025-07-31 12:29:57.600987,202.04076354866115,202.39757150995536,199.9572316681263,201.91460584805287,8991434
2025-08-01 12:29:57.600987,202.61541895967503,206.74970717578117,202.8280886671479,203.2506479006986,4865613
2025-08-02 12:29:57.600987,201.40025029378896,201.48856246365193,200.06005441327875,200.6866417154763,3772790
2025-08-03 12:29:57.600987,198.30770922882044,198.2989444064346,195.882126404663,196.71168797787607,7568288
2025-08-04 12:29:57.600987,198.9686012946113,199.0499858260876,197.28231882632682,198.45272499570567,9986932
2025-08-05 12:29:57.600987,199.33050113592256,199.97046049280124,196.75198580511557,199.82804752770411,7967382
2025-08-06 12:29:57.600987,197.21273862807976,198.48313303423564,197.51025349769694,198.36000089491182,2821895
2025-08-07 12:29:57.600987,199.16792462653527,201.55084789392885,199.87249865149568,200.95658446552446,7386832
2025-08-08 12:29:57.600987,197.53762928881642,199.55238938962572,198.53842989783567,199.46123154949436,5909866
2025-08-09 12:29:57.600987,200.97888486414791,205.145547509139,199.70741747645806,202.18244965144487,8154674
2025-08-10 12:29:57.600987,201.7895010886749,201.69074135536175,200.0052479477482,201.60160382034593,3979109
2025-08-11 12:29:57.600987,201.52481192257437,204.60902498162196,200.85796125419927,202.74867147443652,2153589
2025-08-12 12:29:57.600987,204.27833785592955,206.03165542586976,200.66785824646294,203.76550865121928,5658437
2025-08-13 12:29:57.600987,200.63683326527047,205.16313073640183,201.7380116149856,203.60112309220094,9724155
2025-08-14 12:29:57.600987,201.87901666586518,201.31086488345312,198.3034733543031,200.51035737258485,2928409
2025-08-15 12:29:57.600987,197.50330946895963,201.27684427177422,198.5129886333436,198.88362279734122,1616872
2025-08-16 12:29:57.600987,194.52702198659296,197.92985506015043,196.25340236401433,197.02986742658646,6483630
2025-08-17 12:29:57.600987,197.27572065371243,199.57793174374504,196.51729534294432,197.78752322280576,8571321
2025-08-18 12:29:57.600987,197.89995448131828,198.6418079002004,196.2571946682006,197.1270581365612,6160378
2025-08-19 12:29:57.600987,196.28930622025317,198.36119256279483,194.51746111639437,195.82598742422022,4635738
2025-08-20 12:29:57.600987,197.139723165585,200.135754896947,194.77051226725567,196.54627065428264,7480875
2025-08-21 12:29:57.600987,198.76906063936875,198.061486148022,195.70656315954508,196.8210105260892,4854219
2025-08-22 12:29:57.600987,197.20427427514318,198.94965404697496,192.94538085844792,196.47788511596028,8460824
2025-08-23 12:29:57.600987,195.78659248754596,196.11184318559222,195.2171284236739,195.9535398954293,6948398
2025-08-24 12:29:57.600987,197.34149186485067,198.54445403316382,196.4736006930734,196.58502147322721,1071305
2025-08-25 12:29:57.600987,198.91636297734576,198.64497264603662,196.13262977769597,197.82695084237815,4631451
2025-08-26 12:29:57.600987,200.75233815103402,201.7187062420468,196.32440146306547,199.65775811630834,5037109
2025-08-27 12:29:57.600987,200.44855307489118,203.51097219437378,200.5102986850157,201.0484377852422,9178412
2025-08-28 12:29:57.600987,203.52864559222976,204.11275481751568,201.0857879905866,203.27733910564893,2190579
2025-08-29 12:29:57.600987,202.20108852124378,203.55481111132497,200.77449896051377,201.7388754409081,8691665
2025-08-30 12:29:57.600987,205.71824502238746,208.23348896818842,204.64175850558604,204.88618449077333,8164161
2025-08-31 12:29:57.600987,204.29919716624704,208.19051775806344,203.27069700591747,205.0323496174933,7697590
2025-09-01 12:29:57.600987,205.1917290665594,206.20966813351697,204.42482496809788,204.74248784225898,4169124
2025-09-02 12:29:57.600987,204.2968760216582,208.29306045416814,199.21127304871575,203.42798375518896,6514708
2025-09-03 12:29:57.600987,202.4925461873793,201.5646494813032,200.3054255641591,200.5617638255885,5489196
2025-09-04 12:29:57.600987,201.5746270290708,202.5828371809622,201.408102570135,201.6403261084712,6564181
2025-09-05 12:29:57.600987,201.30793735470854,203.93273759874472,202.92498583962498,203.35656863272433,7798997
2025-09-06 12:29:57.600987,202.4940210423936,205.54305008517656,202.07009766665374,204.99505817166693,3581671
2025-09-07 12:29:57.600987,200.21188727443953,202.42075882430402,197.4947592266599,200.98160172672277,8629364
2025-09-08 12:29:57.600987,204.5089368038073,210.38925429697105,201.2508764614528,204.4374098255158,9936223
2025-09-09 12:29:57.600987,203.53480852995523,204.93154056096762,201.42422848923002,204.25077669091198,7084745
2025-09-10 12:29:57.600987,199.81068289914165,204.1861458556037,199.4215724993417,200.97620045800664,6210446
2025-09-11 12:29:57.600987,203.04301255406497,205.04217759137757,201.7496048152279,202.84713931746703,7535303
2025-09-12 12:29:57.600987,202.66617793467623,203.1096337672383,201.34928736669607,202.5315495951098,6538781
2025-09-13 12:29:57.600987,199.15973882088687,201.39335050935756,199.05030996000596,200.16841577196706,3978521
2025-09-14 12:29:57.600987,201.67866212060616,202.1623220239048,200.81401860858264,201.70345656525004,7276079
2025-09-15 12:29:57.600987,199.21326762112366,201.06563021740456,196.44639876803728,198.6503889212319,5016653
2025-09-16 12:29:57.600987,197.0148484702027,199.3782081245485,197.65955661759924,199.33105147905687,3873766
2025-09-17 12:29:57.600987,201.35105421115045,202.59647382553615,196.54552418769572,201.47579378994845,6912186
2025-09-18 12:29:57.600987,200.90449479567013,204.94748273729172,198.05862262567118,202.311726839679,9232895
2025-09-19 12:29:57.600987,204.65241721439045,205.44808740455724,202.52359400705356,204.34133382837365,5714905
2025-09-20 12:29:57.600987,203.16161669060736,203.51237423410913,202.30488362409145,203.428686187689,4766374
2025-09-21 12:29:57.600987,202.11538141733965,202.29030623991542,199.6431710202859,202.05654347582754,9558947
2025-09-22 12:29:57.600987,198.27610027328797,199.30829360904116,197.7439125807726,198.86660088211516,4250320
2025-09-23 12:29:57.600987,198.94940852360284,201.7578906879504,198.26768379110953,198.84416822974967,9747780
2025-09-24 12:29:57.600987,195.92536720701654,198.76840296386376,196.997263664088,198.32548287673217,7572161
2025-09-25 12:29:57.600987,198.98143312081785,201.4423433215226,195.76901397592846,198.36457812256123,2758349
2025-09-26 12:29:57.600987,192.4254035950034,195.49629928868606,188.06459401327643,192.23680185358177,1515279
2025-09-27 12:29:57.600987,189.44582458359164,191.2844434919847,189.39113430153557,190.20021051549548,5284556
2025-09-28 12:29:57.600987,188.70227877865847,190.50624528785463,185.23059738509477,188.21875423326202,2981621
2025-09-29 12:29:57.600987,184.12931894937603,183.46384280746778,179.01079999649602,183.38343236312653,6766763
2025-09-30 12:29:57.600987,184.85709894855577,187.87114892415693,182.10694756637247,185.40779643041446,7991232
2025-10-01 12:29:57.600987,183.27768553160806,186.7347826253251,182.78776156723052,183.34282191070372,7636999
2025-10-02 12:29:57.600987,185.5144680124757,187.30846593517347,182.97346842651777,185.3675610349626,7927797
2025-10-03 12:29:57.600987,184.88550522804056,185.29452687757876,181.544983629907,184.73908089293906,2813507
2025-10-04 12:29:57.600987,186.07449086231492,187.65487618608842,185.21180610565264,185.65031273477092,3666814
2025-10-05 12:29:57.600987,183.38273951060995,185.90512260610242,179.7276182753772,183.30822056695072,5026909
2025-10-06 12:29:57.600987,179.72587897166844,180.27807207679967,178.73296426145922,179.88056657568617,2425672
2025-10-07 12:29:57.600987,180.20532534200782,182.50487818706483,180.458785462754,181.55715583037255,8123380
2025-10-08 12:29:57.600987,187.76740506458287,187.05173282245107,184.11031974137885,185.67809780190382,5723284
2025-10-09 12:29:57.600987,188.14882266801845,187.42393439191832,187.2135576739092,187.4092198629184,5358683
2025-10-10 12:29:57.600987,186.11156057058434,186.65829164860403,183.34346257284696,185.63343966780704,3684665
2025-10-11 12:29:57.600987,184.7015160885473,186.91965370065228,184.8559436857991,185.1100051357033,2990946
2025-10-12 12:29:57.600987,189.22436415010188,191.5406637093521,188.2648378962216,188.5680497572571,4487613
2025-10-13 12:29:57.600987,186.36693446255455,187.4369323717451,184.11867389120096,186.14826405235345,7167378
2025-10-14 12:29:57.600987,187.72529800808059,189.23886676198188,187.45206086439043,188.1213527090178,2957008
2025-10-15 12:29:57.600987,188.23157543182484,190.36251071619364,184.19289392010867,188.82541070073066,8431866
2025-10-16 12:29:57.600987,187.478815970853,189.9762060173887,185.51008254990546,188.19629241103377,4854959
2025-10-17 12:29:57.600987,187.2801115162758,186.87990859328838,184.13005583477798,185.9189418040383,8526791
2025-10-18 12:29:57.600987,182.3201705012168,186.75959765601004,182.45175506418948,183.24136269495926,4607591
2025-10-19 12:29:57.600987,184.11347690270836,184.77319656765482,182.74793487055967,183.78090803697057,2149142
2025-10-20 12:29:57.600987,186.75696829762813,187.38510512069212,186.8193311934959,186.92539885014827,4575535
2025-10-21 12:29:57.600987,186.92685887123415,190.83910903165128,183.7548997909186,187.0223595230899,4318014
2025-10-22 12:29:57.600987,188.23351885088704,187.88522807840354,184.801935744157,187.47163420102427,5304731
2025-10-23 12:29:57.600987,188.9816288004739,188.95662924810122,188.3199180140946,188.42436364748278,6253946
2025-10-24 12:29:57.600987,190.12012441461707,192.72193728276562,189.70143379226408,189.78294782398638,1133416
2025-10-25 12:29:57.600987,190.02953581462296,191.59932236502766,185.7218804628323,190.362496117976,5427841
2025-10-26 12:29:57.600987,189.82800371023797,193.55500731007328,189.16388704123625,191.9923897462358,2230722
2025-10-27 12:29:57.600987,194.55086186129182,195.60929985247756,193.5719033275446,194.0676176519442,9736649
2025-10-28 12:29:57.600987,197.42299337333876,198.19067025538308,197.61668559673214,197.94277982648757,9217676
2025-10-29 12:29:57.600987,196.237647996941,199.14249658564205,198.02368635359082,198.20944111014455,5450642
2025-10-30 12:29:57.600987,199.10462098341102,199.43451038263686,196.45489463317423,197.15958657660633,4151632
2025-10-31 12:29:57.600987,198.9704692960767,199.33431179750272,198.1877033341851,198.49708825218687,2248803
2025-11-01 12:29:57.600987,198.19167445032045,201.88593796957923,198.7490514208621,199.21461078350515,7996137
2025-11-02 12:29:57.600987,198.27764363621745,199.19511882575654,198.53032680782766,198.9316695987488,7766395
2025-11-03 12:29:57.600987,198.8463132901555,201.44673066363046,199.39144339457013,200.4649423635248,9637386
2025-11-04 12:29:57.600987,203.18823625190527,202.77242320816407,200.25063598827958,202.0441676707371,8654807
2025-11-05 12:29:57.600987,201.9146568919097,201.75319442065972,199.3681913404744,200.35862471105398,8744774
2025-11-06 12:29:57.600987,198.36134761303896,202.8309310929759,199.03445188593375,199.48756922854704,5288036
2025-11-07 12:29:57.600987,199.61453128302557,201.92455060324548,198.61805990462773,199.61577377991765,1443710
2025-11-08 12:29:57.600987,199.77793940300094,202.6185927138466,198.36345035595633,199.96599162514477,3774654
2025-11-09 12:29:57.600987,201.55226927256302,200.93327132153146,199.8287743990846,200.9200996063538,3871392
2025-11-10 12:29:57.600987,202.5149499287408,204.90508552285831,202.0122873797714,203.4642937793799,5520758
2025-11-11 12:29:57.600987,202.9891238386589,203.51839965031456,201.2530452954149,203.34586633661314,7205983
2025-11-12 12:29:57.600987,198.23201767746508,200.73929204446745,199.1717136697591,199.99260571907777,6957647
2025-11-13 12:29:57.600987,202.2883511198532,203.22712781209523,201.4707500454827,202.1233742350197,5295155
2025-11-14 12:29:57.600987,203.2951494559807,204.84296574972626,200.8659373176963,203.96739448499713,3441550
