Date,Open,High,Low,Close,Volume,Dividends,Stock Splits
2016-02-10 00:00:00-05:00,35.322614437702875,35.88982763328763,35.005014423519896,35.07746505737305,60314000,0.0,0.0
2016-02-11 00:00:00-05:00,34.55590397378592,35.34891195345928,34.30033530375536,35.05314636230469,65004000,0.0,0.0
2016-02-12 00:00:00-05:00,35.343456625432225,35.531534471514185,34.81594059566735,35.07945251464844,46538000,0.0,0.0
2016-02-16 00:00:00-05:00,35.66303530156529,35.87295128843676,35.24271113609207,35.6129150390625,43444000,0.0,0.0
2016-02-17 00:00:00-05:00,36.077413561552575,36.412880176036566,35.56181229796392,36.32405090332031,49154000,0.0,0.0
2016-02-18 00:00:00-05:00,36.42279846482288,36.524030947870976,35.50919972559641,35.60646438598633,47276000,0.0,0.0
2016-02-19 00:00:00-05:00,35.526570854269394,35.9300242604359,35.38861327826768,35.83474349975586,34918000,0.0,0.0
2016-02-22 00:00:00-05:00,36.201968339968566,36.46696819616972,35.90124293059618,36.179141998291016,37516000,0.0,0.0
2016-02-23 00:00:00-05:00,36.03274938142795,36.27094750302534,35.515160469463424,35.595550537109375,41332000,0.0,0.0
2016-02-24 00:00:00-05:00,35.26405492416314,35.79057900104926,34.83777895976725,35.774696350097656,37092000,0.0,0.0
2016-02-25 00:00:00-05:00,35.875436496998525,36.201967897549466,35.39407291341634,36.1826171875,36146000,0.0,0.0
2016-02-26 00:00:00-05:00,36.40492978892983,36.53196825623458,35.826301638539846,35.97120666503906,42474000,0.0,0.0
2016-02-29 00:00:00-05:00,35.77965720290548,36.25605718743341,35.573216831001,35.59207534790039,45068000,0.0,0.0
2016-03-01 00:00:00-05:00,35.794541843770894,36.83815870012453,35.662539806016646,36.83021926879883,60112000,0.0,0.0
2016-03-02 00:00:00-05:00,36.864966563013084,36.87736979811991,36.38757073850472,36.69673538208008,36292000,0.0,0.0
2016-03-03 00:00:00-05:00,36.69672572574861,36.77215600291866,36.20791875067873,36.30518341064453,40534000,0.0,0.0
2016-03-04 00:00:00-05:00,36.46448832473148,36.47441166882942,36.00892694411916,36.237205505371094,48516000,0.0,0.0
2016-03-07 00:00:00-05:00,35.98560372350222,36.08783195977834,34.99260677267381,35.37273406982422,61690000,0.0,0.0
2016-03-08 00:00:00-05:00,35.15388572215254,35.84168966543364,34.93603406638649,35.408958435058594,52530000,0.0,0.0
2016-03-09 00:00:00-05:00,35.49034314010095,36.03969351753278,35.36578454779973,35.998504638671875,39544000,0.0,0.0
2016-03-10 00:00:00-05:00,36.11661346324506,36.550832634597626,35.893302260985735,36.3339729309082,44616000,0.0,0.0
2016-03-11 00:00:00-05:00,36.720060660648514,36.9657022587994,36.55877696090083,36.96421432495117,35380000,0.0,0.0
2016-03-14 00:00:00-04:00,36.96917341270694,37.43019053998108,36.90416244829631,37.23069763183594,32824000,0.0,0.0
2016-03-15 00:00:00-04:00,37.02127923653466,37.36816088720215,36.86347118063561,37.247074127197266,29832000,0.0,0.0
2016-03-16 00:00:00-04:00,37.171641552241276,37.66541214221778,37.04509904299183,37.58402633666992,29306000,0.0,0.0
2016-03-17 00:00:00-04:00,37.598413784293754,37.9800289743035,37.584022854900866,37.63960266113281,44564000,0.0,0.0
2016-03-18 00:00:00-04:00,37.7959236914242,37.82122991989948,37.30910061096213,37.48725509643555,56222000,0.0,0.0
2016-03-21 00:00:00-04:00,37.41281102224258,37.88077551431877,37.281800955015676,37.82221984863281,28774000,0.0,0.0
2016-03-22 00:00:00-04:00,37.637619957109884,37.96315937349524,37.609830053102485,37.71751403808594,22096000,0.0,0.0
2016-03-23 00:00:00-04:00,37.88127856302047,37.982514838530285,37.518022104148095,37.59394836425781,24678000,0.0,0.0
2016-03-24 00:00:00-04:00,37.27834233458131,37.59395468288114,37.243604947845895,37.45897674560547,31116000,0.0,0.0
2016-03-28 00:00:00-04:00,37.52496696426327,37.63067081926585,37.32001832430483,37.381553649902344,21676000,0.0,0.0
2016-03-29 00:00:00-04:00,37.40140208535203,38.07134322257798,37.13392615162235,38.00732421875,40062000,0.0,0.0
2016-03-30 00:00:00-04:00,38.1224547519491,38.574044471150266,38.091193003471254,38.12890625,40396000,0.0,0.0
2016-03-31 00:00:00-04:00,38.12890736598787,38.16562865790518,37.62818932303009,37.85894775390625,32554000,0.0,0.0
2016-04-01 00:00:00-04:00,37.57410288152156,38.213270710505526,37.476834425802885,38.19491195678711,31674000,0.0,0.0
2016-04-04 00:00:00-04:00,38.18696402722169,38.33236882193568,37.80386091661828,37.969112396240234,26924000,0.0,0.0
2016-04-05 00:00:00-04:00,37.62223910144288,37.857461342495476,37.49668476269407,37.644073486328125,24478000,0.0,0.0
2016-04-06 00:00:00-04:00,37.60784350560307,38.13287961678415,37.531421267245825,38.115509033203125,25312000,0.0,0.0
2016-04-07 00:00:00-04:00,37.97904163283596,38.17952649911455,37.590974897734576,37.72099304199219,25498000,0.0,0.0
2016-04-08 00:00:00-04:00,38.006335978479505,38.068863268773214,37.505125700328605,37.68873596191406,23434000,0.0,0.0
2016-04-11 00:00:00-04:00,37.98549084155288,38.07332814288153,37.58303319957296,37.59295654296875,31774000,0.0,0.0
2016-04-12 00:00:00-04:00,37.63712288040206,37.959186656338254,37.29669278016015,37.929412841796875,27388000,0.0,0.0
2016-04-13 00:00:00-04:00,38.22666653316887,38.496626134826585,37.94281197985296,38.306068420410156,35426000,0.0,0.0
2016-04-14 00:00:00-04:00,38.477275646798326,38.688179812068626,38.37107581131081,38.478763580322266,26992000,0.0,0.0
2016-04-15 00:00:00-04:00,38.48423118914257,38.75369487098233,38.455941515806046,38.707542419433594,31712000,0.0,0.0
2016-04-18 00:00:00-04:00,38.71696171203582,39.131830139325714,38.58893127921475,39.088653564453125,33540000,0.0,0.0
2016-04-19 00:00:00-04:00,39.22860084163421,39.250931203936716,38.22468484675957,38.52144241333008,43952000,0.0,0.0
2016-04-20 00:00:00-04:00,38.665848675844444,38.6906627117743,38.27430635974402,38.45543670654297,34262000,0.0,0.0
2016-04-21 00:00:00-04:00,38.57405241642249,38.79091214733377,38.28821010411514,38.707542419433594,77628000,0.0,0.0
2016-04-22 00:00:00-04:00,36.91656680205609,37.413313231947384,36.2446455376091,36.61186981201172,140798000,0.0,0.0
2016-04-25 00:00:00-04:00,36.49178416484708,36.96470858283177,36.479377144506714,36.832210540771484,49442000,0.0,0.0
2016-04-26 00:00:00-04:00,36.94188143430849,36.99994113915142,35.74591587809046,35.996524810791016,55864000,0.0,0.0
2016-04-27 00:00:00-04:00,35.99403609268807,36.084849257687694,35.18812509815023,35.802486419677734,66262000,0.0,0.0
2016-04-28 00:00:00-04:00,35.893303492597134,36.18956510082308,34.8963349082586,34.9886360168457,62590000,0.0,0.0
2016-04-29 00:00:00-04:00,34.94198449323569,35.338486564419085,34.925109889686766,35.12857437133789,58278000,0.0,0.0
2016-05-02 00:00:00-04:00,35.32906245557149,35.50225337679018,35.05314732845683,35.45262908935547,33476000,0.0,0.0
2016-05-03 00:00:00-04:00,35.357845062793025,35.40101785302601,35.101284424597104,35.156368255615234,38620000,0.0,0.0
2016-05-04 00:00:00-04:00,35.073494500818576,35.484387546774165,34.93851280156946,35.3017692565918,34172000,0.0,0.0
2016-05-05 00:00:00-04:00,35.48190878330955,35.60845129080285,35.206489619631846,35.4675178527832,29668000,0.0,0.0
2016-05-06 00:00:00-04:00,35.34296341649924,36.027291808216624,35.33055639600851,35.98709487915039,39952000,0.0,0.0
2016-05-09 00:00:00-04:00,36.062522320480696,36.439177776356786,35.903722314592194,36.18311309814453,38074000,0.0,0.0
2016-05-10 00:00:00-04:00,36.47242148241552,36.72253060043532,36.30617804821735,36.69176483154297,32634000,0.0,0.0
2016-05-11 00:00:00-04:00,36.74834072172119,36.76223567428409,36.12207211455834,36.253578186035156,29834000,0.0,0.0
2016-05-12 00:00:00-04:00,36.325529906164135,36.492769087381554,35.94193080803441,36.1305046081543,27094000,0.0,0.0
2016-05-13 00:00:00-04:00,36.058555827827455,36.290302453464385,35.904219617282386,35.9697265625,25244000,0.0,0.0
2016-05-16 00:00:00-04:00,35.944415208614586,36.3592798926027,35.73003539002786,36.241172790527344,22538000,0.0,0.0
2016-05-17 00:00:00-04:00,36.278887020581564,36.516589140023775,35.630784049934775,35.73945999145508,33404000,0.0,0.0
2016-05-18 00:00:00-04:00,35.655599194264354,36.00644867624959,35.482904224892046,35.8183708190918,32536000,0.0,0.0
2016-05-19 00:00:00-04:00,35.645672242814435,35.75484795221574,35.24916632942593,35.497291564941406,30598000,0.0,0.0
2016-05-20 00:00:00-04:00,35.55436334493607,36.11214536480229,35.48240490592018,35.81489181518555,34798000,0.0,0.0
2016-05-23 00:00:00-04:00,35.729040756282096,35.90371961379226,35.57818019412265,35.593563079833984,24816000,0.0,0.0
2016-05-24 00:00:00-04:00,35.72258945308347,36.434707647390326,35.712662323731934,36.37664794921875,37884000,0.0,0.0
2016-05-25 00:00:00-04:00,36.474409871843534,36.71707556634119,36.35531081808167,36.62824630737305,32216000,0.0,0.0
2016-05-26 00:00:00-04:00,36.52403416988524,36.77712297201267,36.375161299173726,36.570186614990234,27202000,0.0,0.0
2016-05-27 00:00:00-04:00,36.59897138235444,37.11507237120219,36.57415734222013,37.09968948364258,34802000,0.0,0.0
2016-05-31 00:00:00-04:00,37.15725268861202,37.39148298848767,36.998948655728036,37.161720275878906,42484000,0.0,0.0
2016-06-01 00:00:00-04:00,37.142860479844515,37.286773576253076,36.93790802797835,37.142364501953125,20788000,0.0,0.0
2016-06-02 00:00:00-04:00,37.025249972912654,37.08480139568827,36.57366020223531,36.9344367980957,33916000,0.0,0.0
2016-06-03 00:00:00-04:00,36.796472954004905,36.796472954004905,36.42031353513087,36.51708221435547,24608000,0.0,0.0
2016-06-06 00:00:00-04:00,36.648099616884046,36.648099616884046,36.14142978174097,36.22926330566406,29992000,0.0,0.0
2016-06-07 00:00:00-04:00,36.388560188496065,36.55926744362353,36.26598550377393,36.28037643432617,24314000,0.0,0.0
2016-06-08 00:00:00-04:00,36.69771632427627,36.911600129943366,36.51261816214255,36.8679313659668,32314000,0.0,0.0
2016-06-09 00:00:00-04:00,36.57713578763428,36.91756214481762,36.54884990302641,36.847591400146484,19180000,0.0,0.0
2016-06-10 00:00:00-04:00,36.52155194105118,36.70466620393204,36.251592336250305,36.384586334228516,29050000,0.0,0.0
2016-06-13 00:00:00-04:00,36.21735184827314,36.672909402759835,36.21735184827314,36.319580078125,23354000,0.0,0.0
2016-06-14 00:00:00-04:00,36.19204810749365,36.52403908357011,36.05260258375727,36.387569427490234,26584000,0.0,0.0
2016-06-15 00:00:00-04:00,36.47043864948237,36.58110229443643,36.29129219601864,36.334964752197266,23234000,0.0,0.0
2016-06-16 00:00:00-04:00,36.12505091499272,36.24564169701338,35.50870938738211,35.94094467163086,45002000,0.0,0.0
2016-06-17 00:00:00-04:00,35.799012305008986,35.799012305008986,34.79311239929035,34.94844055175781,82262000,0.0,0.0
2016-06-20 00:00:00-04:00,35.24917278891917,35.525087980219574,35.00601107365943,35.04174041748047,45654000,0.0,0.0
2016-06-21 00:00:00-04:00,35.23626328248936,35.50076714569355,34.96878733814499,35.17820358276367,30318000,0.0,0.0
2016-06-22 00:00:00-04:00,35.43476530285658,35.44270473513689,35.02932798994833,35.25710678100586,29058000,0.0,0.0
2016-06-23 00:00:00-04:00,35.261084017046265,35.4759598451535,34.7499465413126,35.4754638671875,42500000,0.0,0.0
2016-06-24 00:00:00-04:00,34.2497234317411,34.98566384698988,33.988695157284305,34.00308609008789,95436000,0.0,0.0
2016-06-27 00:00:00-04:00,33.86859627887684,33.91028113376816,33.38078125220872,33.80160140991211,58146000,0.0,0.0
2016-06-28 00:00:00-04:00,34.30926584706551,34.3772526696022,33.98571036078369,34.30380630493164,38246000,0.0,0.0
2016-06-29 00:00:00-04:00,34.45268404715995,34.71271651961875,34.374274115670566,34.49883270263672,43124000,0.0,0.0
2016-06-30 00:00:00-04:00,34.620914273710774,34.92461932375212,34.4844446351257,34.9127082824707,42250000,0.0,0.0
2016-07-01 00:00:00-04:00,34.990628011562855,35.359340299381785,34.92264117000077,35.24619674682617,30984000,0.0,0.0
2016-07-05 00:00:00-04:00,34.986149611578966,35.14048200374515,34.694355644887416,34.980194091796875,28440000,0.0,0.0
2016-07-06 00:00:00-04:00,34.72959668732177,35.38266330533006,34.687911825710025,35.182674407958984,28902000,0.0,0.0
2016-07-07 00:00:00-04:00,35.23924586571344,35.24222173319167,34.77078526162171,35.09781265258789,21174000,0.0,0.0
2016-07-08 00:00:00-04:00,35.26157630150959,35.6258247532372,35.13999356293206,35.619869232177734,29946000,0.0,0.0
2016-07-11 00:00:00-04:00,35.701247112052855,36.173179457651024,35.67395318848012,36.08732986450195,28822000,0.0,0.0
2016-07-12 00:00:00-04:00,36.3215636845513,36.5041819726617,36.102220318805394,36.3508415222168,26468000,0.0,0.0
2016-07-13 00:00:00-04:00,36.500214816525784,36.500214816525784,36.17765126018955,36.200477600097656,20436000,0.0,0.0
2016-07-14 00:00:00-04:00,36.421809480689575,36.53098520149089,36.25556600986612,36.51411437988281,21408000,0.0,0.0
2016-07-15 00:00:00-04:00,36.77215642408673,36.77215642408673,36.45654036036793,36.505672454833984,32342000,0.0,0.0
2016-07-18 00:00:00-04:00,36.618815969382744,37.473855255432206,36.549341211486535,37.37758255004883,38698000,0.0,0.0
2016-07-19 00:00:00-04:00,37.21233351393926,37.54581237379083,37.143850707206795,37.38800811767578,30436000,0.0,0.0
2016-07-20 00:00:00-04:00,37.419761011169875,37.74679211648272,37.419761011169875,37.570125579833984,22502000,0.0,0.0
2016-07-21 00:00:00-04:00,37.56615228014126,37.62322379986943,37.294208798151395,37.437625885009766,19062000,0.0,0.0
2016-07-22 00:00:00-04:00,37.58204516795567,37.68774525565149,37.35079073151822,37.6793098449707,20920000,0.0,0.0
2016-07-25 00:00:00-04:00,37.59990796914576,37.706107820917374,37.42076150261181,37.59196853637695,21466000,0.0,0.0
2016-07-26 00:00:00-04:00,37.59196387653886,37.67831324263924,37.35525371220503,37.59841537475586,23792000,0.0,0.0
2016-07-27 00:00:00-04:00,37.66392467239359,37.93586821198578,37.51306410076188,37.81279754638672,32172000,0.0,0.0
2016-07-28 00:00:00-04:00,38.15372131646958,38.16017281469463,37.66987409395257,38.004844665527344,73464000,0.0,0.0
2016-07-29 00:00:00-04:00,39.58639478325421,39.89555555934584,39.20378385523221,39.27028274536133,101810000,0.0,0.0
2016-08-01 00:00:00-04:00,39.038534655865156,40.07172847201896,38.957644831751125,39.74668502807617,60594000,0.0,0.0
2016-08-02 00:00:00-04:00,39.56753630113983,39.81516553779431,39.42858678680272,39.705989837646484,39928000,0.0,0.0
2016-08-03 00:00:00-04:00,39.524863469094136,39.67721197236737,39.35365644809422,39.64644241333008,29206000,0.0,0.0
2016-08-04 00:00:00-04:00,39.612700246767346,39.70996492459635,39.398320415988366,39.56357192993164,21520000,0.0,0.0
2016-08-05 00:00:00-04:00,39.70549905471827,40.05833242894976,39.59135977524195,40.043941497802734,36146000,0.0,0.0
2016-08-08 00:00:00-04:00,39.997788695830934,40.07719059147321,39.78390485601482,39.95957946777344,24426000,0.0,0.0
2016-08-09 00:00:00-04:00,39.92285117060353,40.36153790067214,39.90151276473938,40.071231842041016,32154000,0.0,0.0
2016-08-10 00:00:00-04:00,40.04989447611076,40.23995622241922,40.022104571371635,40.12135314941406,18370000,0.0,0.0
2016-08-11 00:00:00-04:00,40.21961166919068,40.388834781018886,39.99778839867648,40.106964111328125,25646000,0.0,0.0
2016-08-12 00:00:00-04:00,39.95262776393017,40.056839901366175,39.88066933035673,40.04989242553711,17946000,0.0,0.0
2016-08-15 00:00:00-04:00,40.057827501491644,40.26377186477861,39.90001948593573,39.99579620361328,18596000,0.0,0.0
2016-08-16 00:00:00-04:00,39.87372570749242,39.91144274340356,39.55116213506504,39.75909423828125,21158000,0.0,0.0
2016-08-17 00:00:00-04:00,39.70003791868389,39.97942869228269,39.51642388031734,39.9690055847168,21322000,0.0,0.0
2016-08-18 00:00:00-04:00,39.966031872791405,40.09704197469958,39.780929890816125,39.836509704589844,17292000,0.0,0.0
2016-08-19 00:00:00-04:00,39.68961425481412,39.7610767148754,39.54520897326724,39.68266677856445,22416000,0.0,0.0
2016-08-22 00:00:00-04:00,39.626089721255006,39.66529468417514,39.418657417202056,39.548675537109375,17056000,0.0,0.0
2016-08-23 00:00:00-04:00,39.72385653013412,39.74966252422521,39.5010413073855,39.53081512451172,18350000,0.0,0.0
2016-08-24 00:00:00-04:00,39.54421453019754,39.62361642485331,39.2415014324812,39.38243865966797,25672000,0.0,0.0
2016-08-25 00:00:00-04:00,39.30304030299668,39.43802202162598,39.06633010355701,39.26830291748047,24054000,0.0,0.0
2016-08-26 00:00:00-04:00,39.32734967039455,39.67025964837226,39.17450520791804,39.36357498168945,24978000,0.0,0.0
2016-08-29 00:00:00-04:00,39.35514171663045,39.626589256355444,39.21966404264613,39.49260330200195,15474000,0.0,0.0
2016-08-30 00:00:00-04:00,39.346708829907826,39.60078958910476,39.17748572103918,39.299068450927734,23348000,0.0,0.0
2016-08-31 00:00:00-04:00,39.18393163618605,39.281692269609195,39.06483259875173,39.19633865356445,21428000,0.0,0.0
2016-09-01 00:00:00-04:00,39.302047702422755,39.347208195898546,39.021668733245235,39.27326583862305,26070000,0.0,0.0
2016-09-02 00:00:00-04:00,39.465306340879856,39.556119499035155,39.365558009988526,39.54470443725586,26998000,0.0,0.0
2016-09-06 00:00:00-04:00,39.62014215915034,40.240455284688544,39.473253192283245,40.0980339050293,39790000,0.0,0.0
2016-09-07 00:00:00-04:00,40.09355889075095,40.22605690173716,39.88463865003114,40.09653854370117,22906000,0.0,0.0
2016-09-08 00:00:00-04:00,39.95908378895613,40.11788379533845,39.75015972648589,39.840972900390625,23554000,0.0,0.0
2016-09-09 00:00:00-04:00,39.63899833518388,39.786883035206195,39.10701852680097,39.12835693359375,37752000,0.0,0.0
2016-09-12 00:00:00-04:00,38.93184495855765,39.70847439668912,38.88122492517434,39.641483306884766,37274000,0.0,0.0
2016-09-13 00:00:00-04:00,39.402786414339865,39.491119699933996,38.922414779621576,39.1402702331543,36180000,0.0,0.0
2016-09-14 00:00:00-04:00,39.08121487248913,39.51791773630002,39.08121487248913,39.22661590576172,25842000,0.0,0.0
2016-09-15 00:00:00-04:00,39.20428402273063,39.88116889209936,39.13728914761188,39.761077880859375,31144000,0.0,0.0
2016-09-16 00:00:00-04:00,39.65140453409231,39.65140453409231,39.38342883090761,39.59929656982422,42612000,0.0,0.0
2016-09-19 00:00:00-04:00,39.755122278434975,39.89804341636421,39.38045452860479,39.47126770019531,22990000,0.0,0.0
2016-09-20 00:00:00-04:00,39.70003651669637,39.836506149440616,39.61368715023783,39.689117431640625,20984000,0.0,0.0
2016-09-21 00:00:00-04:00,39.762560136450716,39.99331854620065,39.5030198692311,39.94964599609375,26970000,0.0,0.0
2016-09-22 00:00:00-04:00,40.196288436832035,40.645890488382086,40.082648925777185,40.49155807495117,35186000,0.0,0.0
2016-09-23 00:00:00-04:00,40.451363792006376,40.54366490214864,40.33176875253905,40.44243240356445,28234000,0.0,0.0
2016-09-26 00:00:00-04:00,40.18736367057849,40.20026666966185,39.72237486998499,39.83155059814453,29454000,0.0,0.0
2016-09-27 00:00:00-04:00,39.790850811853275,40.36947904221922,39.790850811853275,40.232513427734375,27346000,0.0,0.0
2016-09-28 00:00:00-04:00,39.902506952979145,40.20869567824468,39.83799575392633,40.19926452636719,29406000,0.0,0.0
2016-09-29 00:00:00-04:00,40.05882967497996,40.390324651932666,39.74271758545197,39.831050872802734,27000000,0.0,0.0
2016-09-30 00:00:00-04:00,39.87868580693293,40.101501013469054,39.77447366848317,39.901512145996094,33204000,0.0,0.0
2016-10-03 00:00:00-04:00,39.826578944823616,39.87570725530058,39.51295056512413,39.718894958496094,29784000,0.0,0.0
2016-10-04 00:00:00-04:00,39.94815738987062,40.02259570744244,39.68365734898335,39.83848571777344,25174000,0.0,0.0
2016-10-05 00:00:00-04:00,39.997788058157994,40.12185067855309,39.735271886577976,39.761077880859375,24276000,0.0,0.0
2016-10-06 00:00:00-04:00,39.90250667541786,40.04493183353091,39.725347921671634,39.852882385253906,21998000,0.0,0.0
2016-10-07 00:00:00-04:00,39.994311937868844,39.99480791569887,39.54222625274888,39.735267639160156,23262000,0.0,0.0
2016-10-10 00:00:00-04:00,39.89506342743224,40.562520923946174,39.8111977329862,40.40322494506836,29922000,0.0,0.0
2016-10-11 00:00:00-04:00,40.403224407767155,40.685591046230755,40.065773936868496,40.174949645996094,34432000,0.0,0.0
2016-10-12 00:00:00-04:00,40.29355364759973,40.4196001794308,40.124334323432066,40.28412628173828,18158000,0.0,0.0
2016-10-13 00:00:00-04:00,40.00126034912596,40.02557462163713,39.63155240822839,39.902503967285156,27380000,0.0,0.0
2016-10-14 00:00:00-04:00,40.06974741680068,40.20075751665259,39.815170671603966,39.928314208984375,22238000,0.0,0.0
2016-10-17 00:00:00-04:00,39.99729364904683,40.36948152483003,39.89010563074342,40.03947448730469,21128000,0.0,0.0
2016-10-18 00:00:00-04:00,40.40520317044521,41.12972830967736,40.3615344067951,40.766475677490234,45786000,0.0,0.0
2016-10-19 00:00:00-04:00,40.83545773945552,41.178863714771445,40.83545773945552,41.0319709777832,30002000,0.0,0.0
2016-10-20 00:00:00-04:00,41.06770377505458,41.112864265659525,40.71983396978358,40.77342987060547,27878000,0.0,0.0
2016-10-21 00:00:00-04:00,40.69253944892191,40.905431329349284,40.608673753681884,40.89401626586914,32316000,0.0,0.0
2016-10-24 00:00:00-04:00,41.19325388991674,41.58280851450001,41.14114592811114,41.4736328125,28952000,0.0,0.0
2016-10-25 00:00:00-04:00,41.6105956476895,41.6105956476895,40.95554526538859,41.11682891845703,37814000,0.0,0.0
2016-10-26 00:00:00-04:00,41.04587013414104,41.07515176062275,40.51141040816944,40.7967529296875,35898000,0.0,0.0
2016-10-27 00:00:00-04:00,40.84191387983384,41.019072643956065,40.4250614886426,40.56103515625,59470000,0.0,0.0
2016-10-28 00:00:00-04:00,41.18581287194011,41.63541491643057,40.54366161795539,40.67070388793945,87098000,0.0,0.0
2016-10-31 00:00:00-04:00,40.81312331407042,40.823050443143075,40.097037317012415,40.191322326660156,44854000,0.0,0.0
2016-11-01 00:00:00-04:00,40.239468458739196,40.39281273006137,39.61369571041388,39.971988677978516,47118000,0.0,0.0
2016-11-02 00:00:00-04:00,40.0355007579485,40.0355007579485,38.955658585139375,39.1253776550293,47014000,0.0,0.0
2016-11-03 00:00:00-04:00,38.930846978309965,39.20378624508538,38.639548958523115,38.81621551513672,43504000,0.0,0.0
2016-11-04 00:00:00-04:00,38.275795999079094,39.12835542657127,38.26090909129383,38.762123107910156,39412000,0.0,0.0
2016-11-07 00:00:00-05:00,39.44943201577227,39.94816236931584,39.34769976194644,39.800777435302734,39852000,0.0,0.0
2016-11-08 00:00:00-05:00,39.80077366327302,40.49601719627724,39.6811748593452,40.29454040527344,35382000,0.0,0.0
2016-11-09 00:00:00-05:00,39.79084997995276,40.28114491967384,39.30502262707691,39.977439880371094,61970000,0.0,0.0
2016-11-10 00:00:00-05:00,40.19628812436219,40.19926399159507,38.12344893912965,38.721927642822266,118192000,0.0,0.0
2016-11-11 00:00:00-05:00,38.549231127786086,38.57304942295509,37.98995741521665,38.29813003540039,71852000,0.0,0.0
2016-11-14 00:00:00-05:00,38.29862461145487,38.29961656712263,36.90068647707908,37.37857437133789,73766000,0.0,0.0
2016-11-15 00:00:00-05:00,37.98648243293769,38.71944684458934,37.974079200334565,38.467350006103516,58878000,0.0,0.0
2016-11-16 00:00:00-05:00,38.232126904638434,38.88122182394265,38.02916216767748,38.70654296875,35968000,0.0,0.0
2016-11-17 00:00:00-05:00,38.831599216389655,39.14919921380259,38.70009314493386,39.01322555541992,30674000,0.0,0.0
2016-11-18 00:00:00-05:00,39.063347327242795,39.267799994654,38.47677970064302,38.507545471191406,36126000,0.0,0.0
2016-11-21 00:00:00-05:00,38.61325282569625,39.03258513255645,38.52392757816336,38.945743560791016,32616000,0.0,0.0
2016-11-22 00:00:00-05:00,39.15366674041165,39.390872889319226,38.89313448725489,38.95566177368164,27884000,0.0,0.0
2016-11-23 00:00:00-05:00,39.179969683000955,39.179969683000955,38.34279309262319,38.65791320800781,26260000,0.0,0.0
2016-11-25 00:00:00-05:00,38.837059277296895,38.85145020792031,38.61771590062323,38.71895217895508,12270000,0.0,0.0
2016-11-28 00:00:00-05:00,38.62565722447838,39.68713701400045,38.61325020475658,38.994869232177734,51508000,0.0,0.0
2016-11-29 00:00:00-05:00,39.123390933103416,39.52336866675731,38.972530375237625,39.175994873046875,31240000,0.0,0.0
2016-11-30 00:00:00-05:00,39.15912852164099,39.27872355867141,38.36760837343348,38.503082275390625,45582000,0.0,0.0
2016-12-01 00:00:00-05:00,38.635583087431,38.63806297685768,37.385525725757915,37.92991256713867,57342000,0.0,0.0
2016-12-02 00:00:00-05:00,37.80932473476723,38.2361004442691,37.66541164332212,37.936363220214844,34376000,0.0,0.0
2016-12-05 00:00:00-05:00,38.211288263024024,38.70753875994642,38.06092366581583,38.619205474853516,33770000,0.0,0.0
2016-12-06 00:00:00-05:00,38.71696031343343,38.96955311114852,38.3760380299774,38.51796340942383,34682000,0.0,0.0
2016-12-07 00:00:00-05:00,38.70506022337349,39.303039215638044,38.38646445520646,39.27674102783203,40588000,0.0,0.0
2016-12-08 00:00:00-05:00,39.35018236538926,39.65041558282734,39.10007320456806,39.460350036621094,32250000,0.0,0.0
2016-12-09 00:00:00-05:00,39.665297202997664,40.193805124916956,39.60326589896358,40.16899108886719,38090000,0.0,0.0
2016-12-12 00:00:00-05:00,39.93923087169484,40.26328236335778,39.92483994144819,40.09207534790039,32572000,0.0,0.0
2016-12-13 00:00:00-05:00,40.31488405381752,40.90591919858052,40.29255369525697,40.46127700805664,42564000,0.0,0.0
2016-12-14 00:00:00-05:00,40.49006894588856,40.903941647693976,40.33424481733955,40.58782958984375,35994000,0.0,0.0
2016-12-15 00:00:00-05:00,40.56153078021334,40.84141754554619,40.295538968262576,40.4766731262207,35394000,0.0,0.0
2016-12-16 00:00:00-05:00,40.60867105289414,40.65283579804835,40.102989453491496,40.18834686279297,51978000,0.0,0.0
2016-12-19 00:00:00-05:00,40.160562492013334,40.50496047158546,39.92335253407247,40.32035446166992,25272000,0.0,0.0
2016-12-20 00:00:00-05:00,40.36352490087307,40.51835708231239,40.24591377764941,40.45433807373047,25438000,0.0,0.0
2016-12-21 00:00:00-05:00,40.48014456958401,40.48014456958401,39.95312830209719,40.30546569824219,29192000,0.0,0.0
2016-12-22 00:00:00-05:00,40.15162661739674,40.24938726157445,39.999274333530465,40.1804084777832,22632000,0.0,0.0
2016-12-23 00:00:00-05:00,40.097535534257176,40.2444244923585,39.953622443389605,40.08711242675781,15310000,0.0,0.0
2016-12-27 00:00:00-05:00,40.13078637113699,40.49404288330109,39.987869003674696,40.19281768798828,19520000,0.0,0.0
2016-12-28 00:00:00-05:00,40.36153392601731,40.36153392601731,39.82111878444647,39.92681884765625,24296000,0.0,0.0
2016-12-29 00:00:00-05:00,39.81566642926072,39.98538173439257,39.607738109925165,39.842960357666016,21148000,0.0,0.0
2016-12-30 00:00:00-05:00,39.85933451989293,39.86330612904933,39.184929539720855,39.32537078857422,34718000,0.0,0.0
2017-01-03 00:00:00-05:00,39.730805875367494,40.26774928119872,39.54570767929019,40.097537994384766,39180000,0.0,0.0
2017-01-04 00:00:00-05:00,40.19082879563864,40.366503401669846,39.903998354295574,40.08562469482422,30306000,0.0,0.0
2017-01-05 00:00:00-05:00,40.07222584262852,40.38188641152178,39.993819691175254,40.34615707397461,26810000,0.0,0.0
2017-01-06 00:00:00-05:00,40.44391838306494,41.13718188276882,40.27072744913276,40.951087951660156,40342000,0.0,0.0
2017-01-09 00:00:00-05:00,41.0086502746762,41.210127085503736,40.772932060539,41.04884719848633,28178000,0.0,0.0
2017-01-10 00:00:00-05:00,41.04338381446413,41.159506988128165,40.84835852025762,40.990779876708984,23948000,0.0,0.0
2017-01-11 00:00:00-05:00,41.021058888553455,41.18382671550217,40.76549019150774,41.18184280395508,26508000,0.0,0.0
2017-01-12 00:00:00-05:00,41.10839858849833,41.20765096242631,40.74266220393062,41.165470123291016,26990000,0.0,0.0
2017-01-13 00:00:00-05:00,41.2384113529282,41.419541705821715,41.16496877051085,41.235435485839844,25804000,0.0,0.0
2017-01-17 00:00:00-05:00,41.18878684829836,41.19771823560679,40.851336394965074,41.062740325927734,28818000,0.0,0.0
2017-01-18 00:00:00-05:00,41.17886096363709,41.17935694145192,40.89500263776526,41.14015197753906,20554000,0.0,0.0
2017-01-19 00:00:00-05:00,41.139163600564935,41.33766454038061,40.889054460886065,40.90939712524414,21410000,0.0,0.0
2017-01-20 00:00:00-05:00,41.14362554729283,41.151072787007934,40.92081034420513,41.09797286987305,26124000,0.0,0.0
2017-01-23 00:00:00-05:00,41.26868854642984,41.959964358364125,41.12427947209764,41.90488052368164,49148000,0.0,0.0
2017-01-24 00:00:00-05:00,42.03142032387728,42.256719213077204,41.79818200283484,42.15796661376953,33768000,0.0,0.0
2017-01-25 00:00:00-05:00,42.35746240353827,42.61749490502919,42.16838881561796,42.600624084472656,33108000,0.0,0.0
2017-01-26 00:00:00-05:00,42.63039602473197,42.72716471495005,42.20709594878447,42.527671813964844,69866000,0.0,0.0
2017-01-27 00:00:00-05:00,42.62791774368355,43.02491586305554,41.7793298621954,41.934654235839844,75050000,0.0,0.0
2017-01-30 00:00:00-05:00,41.53914494795873,41.547580358366034,40.74365318616884,40.882606506347656,70338000,0.0,0.0
2017-01-31 00:00:00-05:00,40.667727740416986,40.844890292997185,40.36501462672483,40.701969146728516,40404000,0.0,0.0
2017-02-01 00:00:00-05:00,40.891036827172215,40.891036827172215,40.307941048389026,40.456321716308594,45020000,0.0,0.0
2017-02-02 00:00:00-05:00,40.444410059881044,40.91882610719877,40.298017091638854,40.60618591308594,33784000,0.0,0.0
2017-02-03 00:00:00-05:00,40.84786652297752,40.996739391700366,40.660280877807196,40.69898986816406,30562000,0.0,0.0
2017-02-06 00:00:00-05:00,40.738196577165525,40.81114318799051,40.40918150334489,40.77293395996094,27018000,0.0,0.0
2017-02-07 00:00:00-05:00,40.965475556248926,41.28406749235418,40.8558038752445,41.15057373046875,33332000,0.0,0.0
2017-02-08 00:00:00-05:00,41.21508448286233,41.39969044638971,40.94611686139863,41.18282699584961,26044000,0.0,0.0
2017-02-09 00:00:00-05:00,41.27463856907488,41.287045588029244,41.01510205722818,41.19176483154297,23884000,0.0,0.0
2017-02-10 00:00:00-05:00,41.335185069080474,41.543609373344424,41.21410209588038,41.429473876953125,28302000,0.0,0.0
2017-02-13 00:00:00-05:00,41.570903218410955,41.7713918757338,41.498948560926706,41.6334342956543,25914000,0.0,0.0
2017-02-14 00:00:00-05:00,41.67362425540763,41.784287897768046,41.47810296426607,41.686527252197266,27266000,0.0,0.0
2017-02-15 00:00:00-05:00,41.6259862972604,41.7728790491817,41.497459871942795,41.55204772949219,27144000,0.0,0.0
2017-02-16 00:00:00-05:00,41.610602315701875,41.81853063238226,41.54906698310284,41.792728424072266,20102000,0.0,0.0
2017-02-17 00:00:00-05:00,41.75004597303008,42.02943673981585,41.674119712939536,42.01008224487305,29224000,0.0,0.0
2017-02-21 00:00:00-05:00,42.081546064238914,42.29046633418327,42.010083602609015,42.14506530761719,25206000,0.0,0.0
2017-02-22 00:00:00-05:00,42.082039871822275,42.36936627888974,42.01802086777558,42.248779296875,24488000,0.0,0.0
2017-02-23 00:00:00-05:00,42.23488667872054,42.311308919426196,41.80910291900999,42.23091506958008,27734000,0.0,0.0
2017-02-24 00:00:00-05:00,42.064665701982115,42.09989905705104,41.83192338131245,42.07260513305664,26924000,0.0,0.0
2017-02-27 00:00:00-05:00,41.93069049280978,42.214545103373645,41.83441776746308,42.164920806884766,20206000,0.0,0.0
2017-02-28 00:00:00-05:00,42.04978228999186,42.12322865919275,41.756496577131536,41.9296875,27662000,0.0,0.0
2017-03-01 00:00:00-05:00,42.24977427038242,42.578293365415064,42.13265912497911,42.51626205444336,36374000,0.0,0.0
2017-03-02 00:00:00-05:00,42.49442306896897,42.50335824298564,42.11777140935039,42.17384719848633,25018000,0.0,0.0
2017-03-03 00:00:00-05:00,42.1286878993732,42.22198474867026,41.91877566759099,42.13563537597656,20100000,0.0,0.0
2017-03-06 00:00:00-05:00,42.02546424922019,42.12868443399256,41.74309762117766,42.04581069946289,20958000,0.0,0.0
2017-03-07 00:00:00-05:00,42.04531234482657,42.34653747252494,41.95896677020723,42.23835372924805,20774000,0.0,0.0
2017-03-08 00:00:00-05:00,42.33611722477396,42.525190799363294,42.243320146074254,42.36192321777344,20576000,0.0,0.0
2017-03-09 00:00:00-05:00,42.364406227644714,42.71277198330302,42.31378619815778,42.57034683227539,26954000,0.0,0.0
2017-03-10 00:00:00-05:00,42.81152421968965,42.887450477189084,42.55893519659828,42.74750900268555,26732000,0.0,0.0
2017-03-13 00:00:00-04:00,42.71872557848673,43.03136198435917,42.71822960065847,42.90481948852539,23332000,0.0,0.0
2017-03-14 00:00:00-04:00,42.86363720517168,43.053702753161105,42.68399476535968,42.970829010009766,21234000,0.0,0.0
2017-03-15 00:00:00-04:00,43.07156840772372,43.167841132912265,42.74205732472036,43.09389877319336,26658000,0.0,0.0
2017-03-16 00:00:00-04:00,43.200099583064876,43.30828335332877,43.05072692651623,43.173797607421875,22090000,0.0,0.0
2017-03-17 00:00:00-04:00,43.35640808375141,43.393133161851445,43.09289996924788,43.29140090942383,37366000,0.0,0.0
2017-03-20 00:00:00-04:00,43.14798234227901,43.19065915324346,42.90928827314721,43.070072174072266,30844000,0.0,0.0
2017-03-21 00:00:00-04:00,43.17677334779496,43.34599648006403,42.0666611192656,42.1882438659668,50760000,0.0,0.0
2017-03-22 00:00:00-04:00,42.15548499471337,42.44678681434154,42.03241432992479,42.17136764526367,27334000,0.0,0.0
2017-03-23 00:00:00-04:00,41.754016754607136,41.76890366239411,41.33766417006349,41.667667388916016,65754000,0.0,0.0
2017-03-24 00:00:00-04:00,41.78428926311717,41.88354163163041,41.14412947013777,41.44386291503906,42114000,0.0,0.0
2017-03-27 00:00:00-04:00,41.094010085325046,41.75352823516695,40.90593222079652,41.61110305786133,38692000,0.0,0.0
2017-03-28 00:00:00-04:00,41.669660167196625,41.95301878582398,41.30144010609161,41.71630859375,30384000,0.0,0.0
2017-03-29 00:00:00-04:00,41.82150967990313,42.26019264790651,41.75352284968886,42.17483901977539,29146000,0.0,0.0
2017-03-30 00:00:00-04:00,42.27954586125871,42.28053781698494,42.02100130922451,42.15548324584961,18988000,0.0,0.0
2017-03-31 00:00:00-04:00,42.02398430298459,42.15946200440128,41.94508216237245,42.072120666503906,28820000,0.0,0.0
2017-04-03 00:00:00-04:00,42.11926014978814,42.627917656974276,42.058716772484146,42.51626205444336,39388000,0.0,0.0
2017-04-04 00:00:00-04:00,42.08203962767055,42.3301648523948,42.05772156861287,42.3088264465332,26970000,0.0,0.0
2017-04-05 00:00:00-04:00,42.41502344136857,42.70681744000787,42.05821848190618,42.127197265625,37104000,0.0,0.0
2017-04-06 00:00:00-04:00,42.15647706326983,42.359445600964506,41.8835415689709,41.93812942504883,30672000,0.0,0.0
2017-04-07 00:00:00-04:00,41.93316633104035,41.97683510195683,41.55105512029424,41.78925323486328,22232000,0.0,0.0
2017-04-10 00:00:00-04:00,41.76146593215507,42.01951832279848,41.72424865758679,41.769405364990234,20924000,0.0,0.0
2017-04-11 00:00:00-04:00,41.76939814842842,41.91479916222082,41.417060794388895,41.679080963134766,19486000,0.0,0.0
2017-04-12 00:00:00-04:00,41.60861921761759,41.86964746185861,41.565446424204374,41.75749588012695,22716000,0.0,0.0
2017-04-13 00:00:00-04:00,41.736654176088756,41.87014796610157,41.57835391646069,41.69397735595703,21474000,0.0,0.0
2017-04-17 00:00:00-04:00,41.75352665661129,42.46118114272395,41.73615607101999,42.43587112426758,20982000,0.0,0.0
2017-04-18 00:00:00-04:00,42.30733691002721,42.54801869331661,42.2433216891391,42.379295349121094,18724000,0.0,0.0
2017-04-19 00:00:00-04:00,42.54801752336051,42.68746302464382,42.35646405774925,42.50434875488281,21606000,0.0,0.0
2017-04-20 00:00:00-04:00,42.66464013301642,42.87256845708981,42.55348050529568,42.681514739990234,23776000,0.0,0.0
2017-04-21 00:00:00-04:00,42.708308617818545,42.79862960082511,42.56489528300526,42.62543487548828,23458000,0.0,0.0
2017-04-24 00:00:00-04:00,43.096374823312495,43.66805555194461,42.980747620740054,43.616939544677734,33930000,0.0,0.0
2017-04-25 00:00:00-04:00,43.78218755512156,44.27794198631676,43.63430665969497,44.10872268676758,40760000,0.0,0.0
2017-04-26 00:00:00-04:00,44.23527468840342,44.31467658823856,43.9256140940101,44.123619079589844,26466000,0.0,0.0
2017-04-27 00:00:00-04:00,44.16628852333417,44.33401989750991,44.02634705224293,44.23774719238281,46846000,0.0,0.0
2017-04-28 00:00:00-04:00,46.10166798930321,46.444078228433774,45.814833772687244,45.87934875488281,76918000,0.0,0.0
2017-05-01 00:00:00-04:00,45.860993088826795,46.44011736526523,45.69474961595374,46.29124069213867,46556000,0.0,0.0
2017-05-02 00:00:00-04:00,46.31356990747987,46.795925430806086,46.20091856573446,46.503135681152344,35026000,0.0,0.0
2017-05-03 00:00:00-04:00,46.45152594781824,47.15371701656006,46.40984109093424,47.06687545776367,36496000,0.0,0.0
2017-05-04 00:00:00-04:00,47.158185702399734,47.59736842959079,47.0132806556512,47.37802505493164,38752000,0.0,0.0
2017-05-05 00:00:00-04:00,47.477275880911044,47.56263329824186,47.04950819673691,47.157691955566406,32310000,0.0,0.0
2017-05-08 00:00:00-04:00,47.01725309770915,47.68917440011859,47.014769422210726,47.57503890991211,37534000,0.0,0.0
2017-05-09 00:00:00-04:00,47.70604661993539,47.74921941001433,47.36214466069312,47.476776123046875,33758000,0.0,0.0
2017-05-10 00:00:00-04:00,47.45246260358555,47.476776877223294,47.13585456579633,47.38397979736328,22920000,0.0,0.0
2017-05-11 00:00:00-04:00,47.207806188550954,47.54029685494925,47.07481219364583,47.43608093261719,20622000,0.0,0.0
2017-05-12 00:00:00-04:00,47.5333542891766,47.539802001668946,47.246024078515006,47.398868560791016,24298000,0.0,0.0
2017-05-15 00:00:00-04:00,47.40631211349413,47.77403238912884,47.283737426252316,47.60133743286133,26754000,0.0,0.0
2017-05-16 00:00:00-04:00,47.8162162181547,47.93283159665836,47.65741621748658,47.86881637573242,22030000,0.0,0.0
2017-05-17 00:00:00-04:00,47.62515228307591,47.68916749534291,46.6505142399577,46.755226135253906,48982000,0.0,0.0
2017-05-18 00:00:00-04:00,46.80633753220968,47.35122025887239,46.71056081134706,47.168601989746094,36010000,0.0,0.0
2017-05-19 00:00:00-04:00,47.28373669498251,47.61821130278275,47.243043792492934,47.374549865722656,27206000,0.0,0.0
2017-05-22 00:00:00-04:00,47.49116868009444,47.8792391845147,47.46933429537857,47.842018127441406,27748000,0.0,0.0
2017-05-23 00:00:00-04:00,48.13431163878371,48.360102725018464,47.863356277557,48.16358947753906,30908000,0.0,0.0
2017-05-24 00:00:00-04:00,48.39732736133703,48.53925276477097,48.217188942461085,48.513946533203125,22660000,0.0,0.0
2017-05-25 00:00:00-04:00,48.58292396167472,49.415632984536856,48.52436449538357,49.221099853515625,39082000,0.0,0.0
2017-05-26 00:00:00-04:00,49.22804960381865,49.4459050641852,48.997790909442244,49.29107666015625,32728000,0.0,0.0
2017-05-30 00:00:00-04:00,49.252859979540474,49.50694073938105,49.19628821251165,49.43498229980469,30324000,0.0,0.0
2017-05-31 00:00:00-04:00,49.43696813545812,49.60519549656907,48.7159147636656,48.9843864440918,34482000,0.0,0.0
2017-06-01 00:00:00-04:00,49.17643570727521,49.28461945806462,48.69656009093499,49.04393768310547,26128000,0.0,0.0
2017-06-02 00:00:00-04:00,49.058826951613746,49.45036930865034,48.98339666636543,49.43250274658203,34710000,0.0,0.0
2017-06-05 00:00:00-04:00,49.520339072768635,49.992271484562316,49.39925232202065,49.81759262084961,27578000,0.0,0.0
2017-06-06 00:00:00-04:00,49.78930788618503,50.052320036613125,49.366999754627315,49.46029281616211,31042000,0.0,0.0
2017-06-07 00:00:00-04:00,49.57988696106635,49.81908081046018,49.42009500491669,49.699485778808594,27482000,0.0,0.0
2017-06-08 00:00:00-04:00,49.83496062990177,49.902947461120334,49.4573170101493,49.83744430541992,33758000,0.0,0.0
2017-06-09 00:00:00-04:00,49.89748920728695,49.89798518514761,47.311029027469736,48.142250061035156,72958000,0.0,0.0
2017-06-12 00:00:00-04:00,47.57652557253585,48.037046702383286,46.48874388291965,47.72986602783203,84042000,0.0,0.0
2017-06-13 00:00:00-04:00,48.23753216399073,48.52883019214543,47.739789971222606,48.161109924316406,40108000,0.0,0.0
2017-06-14 00:00:00-04:00,48.40923280364804,48.6176570835201,47.615725034402175,48.0335693359375,30110000,0.0,0.0
2017-06-15 00:00:00-04:00,47.04554067148325,47.67379322634323,46.66590934347437,47.64897918701172,48552000,0.0,0.0
2017-06-16 00:00:00-04:00,47.5363265484606,47.63756282047895,47.07928106997453,47.57155990600586,51184000,0.0,0.0
2017-06-19 00:00:00-04:00,48.11892885428555,48.59781256489888,48.046974196261225,48.39534378051758,29376000,0.0,0.0
2017-06-20 00:00:00-04:00,48.39980239152941,48.6717497013078,48.04696904390916,48.08617401123047,25946000,0.0,0.0
2017-06-21 00:00:00-04:00,48.175497741058905,48.61021285475798,48.1089988492639,48.56257247924805,23232000,0.0,0.0
2017-06-22 00:00:00-04:00,48.477216464930635,48.65735865136736,48.30055369567204,48.464813232421875,20190000,0.0,0.0
2017-06-23 00:00:00-04:00,48.40923653512779,48.96106683451977,48.35762454598657,48.93476486206055,31280000,0.0,0.0
2017-06-26 00:00:00-04:00,49.12880180620966,49.32680679482114,48.15267560331807,48.24001693725586,30358000,0.0,0.0
2017-06-27 00:00:00-04:00,47.719448391080846,47.99833940653162,46.999386939253284,47.04901123046875,48872000,0.0,0.0
2017-06-28 00:00:00-04:00,47.176545420399115,47.80082629514785,46.45698000842025,47.690162658691406,54912000,0.0,0.0
2017-06-29 00:00:00-04:00,47.21078913788872,47.226172023960025,46.13144286001968,46.53936004638672,64134000,0.0,0.0
2017-06-30 00:00:00-04:00,46.84555228724542,46.89567255825816,46.13194230680851,46.13541793823242,45754000,0.0,0.0
2017-07-03 00:00:00-04:00,46.31108669671117,46.36170672945465,45.42230190340284,45.62824630737305,33896000,0.0,0.0
2017-07-05 00:00:00-04:00,45.863465255325515,46.46343186208333,45.587054150990404,46.26344299316406,41882000,0.0,0.0
2017-07-06 00:00:00-04:00,45.903173058940816,46.4559953502194,45.6476043442567,46.03666305541992,40298000,0.0,0.0
2017-07-07 00:00:00-04:00,46.2004212518277,46.878797813798506,46.14086983342769,46.687740325927734,33266000,0.0,0.0
2017-07-10 00:00:00-04:00,46.74431054819273,47.29912045428234,46.74431054819273,47.193416595458984,29030000,0.0,0.0
2017-07-11 00:00:00-04:00,47.169600878601486,47.386460578325476,46.90162516913599,47.3189697265625,29224000,0.0,0.0
2017-07-12 00:00:00-04:00,47.68271786221216,48.117928942045616,47.493152107047464,48.02016830444336,32042000,0.0,0.0
2017-07-13 00:00:00-04:00,48.175996136913994,48.56803445929512,47.878246614600265,48.079227447509766,30492000,0.0,0.0
2017-07-14 00:00:00-04:00,48.33479321193438,48.51046401862382,48.143735734015266,48.47920227050781,21592000,0.0,0.0
2017-07-17 00:00:00-04:00,48.44992680298946,48.79878854424115,48.17599557974904,48.43206024169922,33210000,0.0,0.0
2017-07-18 00:00:00-04:00,48.30303115542886,49.1709734305983,48.23752800682058,48.97743606567383,28266000,0.0,0.0
2017-07-19 00:00:00-04:00,49.129292625079735,49.406695699521066,48.98041596928831,49.266258239746094,28242000,0.0,0.0
2017-07-20 00:00:00-04:00,49.47617426575243,49.559543987855115,48.861816650110406,49.23748016357422,28368000,0.0,0.0
2017-07-21 00:00:00-04:00,49.079173018907035,49.38238209117647,48.83948319000982,49.319358825683594,29266000,0.0,0.0
2017-07-24 00:00:00-04:00,49.33226319593974,49.9322298586571,49.14219765232108,49.54118347167969,79690000,0.0,0.0
2017-07-25 00:00:00-04:00,48.17103138870945,48.47026883727376,47.82861736411109,48.088157653808594,118672000,0.0,0.0
2017-07-26 00:00:00-04:00,48.27425677033935,48.332316474369,47.65146374690554,47.90355682373047,44432000,0.0,0.0
2017-07-27 00:00:00-04:00,48.095601938273454,48.11247654391243,46.501646453008206,47.26835250854492,74358000,0.0,0.0
2017-07-28 00:00:00-04:00,47.04404958365928,47.728873861858474,46.9110517937302,47.55717086791992,36276000,0.0,0.0
2017-07-31 00:00:00-04:00,47.640048163224336,47.699103608517916,46.73339677016054,46.92048645019531,45670000,0.0,0.0
2017-08-01 00:00:00-04:00,47.03511098495856,47.36660590772958,46.89368158160399,46.973079681396484,28052000,0.0,0.0
2017-08-02 00:00:00-04:00,47.06290149048355,47.09913058907893,46.27634500557477,47.026676177978516,40788000,0.0,0.0
2017-08-03 00:00:00-04:00,47.09912878390261,47.143789504004154,46.61974918604085,46.66242599487305,22478000,0.0,0.0
2017-08-04 00:00:00-04:00,46.843562552511514,47.02171705092121,46.63762193437322,46.93487548828125,25092000,0.0,0.0
2017-08-07 00:00:00-04:00,47.020725335952655,47.09218779849019,46.82123242927371,46.93288803100586,28916000,0.0,0.0
2017-08-08 00:00:00-04:00,46.86043612951046,47.267361364108034,46.77061491545383,46.855472564697266,30102000,0.0,0.0
2017-08-09 00:00:00-04:00,46.57062232617494,46.83413042679429,46.34581942696124,46.651512145996094,28018000,0.0,0.0
2017-08-10 00:00:00-04:00,46.399415906369235,46.463927100251865,45.74337352463318,45.833194732666016,54148000,0.0,0.0
2017-08-11 00:00:00-04:00,45.839161250747,46.318041220507226,45.71559458956405,46.15576934814453,32334000,0.0,0.0
2017-08-14 00:00:00-04:00,46.601395566462045,46.699156220448366,46.37411274165074,46.59444808959961,23012000,0.0,0.0
2017-08-15 00:00:00-04:00,46.69865432601505,46.79989059865185,46.48080268131924,46.55226135253906,22130000,0.0,0.0
2017-08-16 00:00:00-04:00,46.70957885726091,47.138834484661764,46.64953145566643,46.85944747924805,26906000,0.0,0.0
2017-08-17 00:00:00-04:00,46.793934282893545,46.83661109376019,46.034175738409836,46.0351676940918,33914000,0.0,0.0
2017-08-18 00:00:00-04:00,46.00142427318592,46.20190912629163,45.82624943543366,45.96172332763672,26748000,0.0,0.0
2017-08-21 00:00:00-04:00,45.941380937995106,46.06444781218914,45.585567931692054,45.69821548461914,26024000,0.0,0.0
2017-08-22 00:00:00-04:00,46.00043500831304,46.74481074349614,45.96123003833307,46.667396545410156,35502000,0.0,0.0
2017-08-23 00:00:00-04:00,46.4986704603811,46.91701078397568,46.41133291639971,46.77558135986328,22690000,0.0,0.0
2017-08-24 00:00:00-04:00,46.83164840914505,46.96067078942028,46.18800929683892,46.49320602416992,25892000,0.0,0.0
2017-08-25 00:00:00-04:00,46.608340792297135,46.68377107831637,46.15625884016076,46.176109313964844,23746000,0.0,0.0
2017-08-28 00:00:00-04:00,46.244588485793926,46.39197341493008,45.95825025095941,46.058494567871094,20988000,0.0,0.0
2017-08-29 00:00:00-04:00,45.652564985174116,46.55772463302447,45.62080346980942,46.43663787841797,23172000,0.0,0.0
2017-08-30 00:00:00-04:00,46.43266452050314,46.938342313979845,46.35227067894128,46.82767868041992,22406000,0.0,0.0
2017-08-31 00:00:00-04:00,46.96018494273795,47.50109997367631,46.95770505315194,47.40383529663086,33866000,0.0,0.0
2017-09-01 00:00:00-04:00,47.51450106531284,47.557177884638435,47.157696050225596,47.2425537109375,20858000,0.0,0.0
2017-09-05 00:00:00-04:00,46.987969186022546,47.2127720964175,46.42919144524409,46.72098922729492,29148000,0.0,0.0
2017-09-06 00:00:00-04:00,46.83959259897241,46.870854348551845,46.28428669963663,46.74778747558594,27830000,0.0,0.0
2017-09-07 00:00:00-04:00,46.85845700417256,47.168613580090856,46.52497432151314,47.13833999633789,22332000,0.0,0.0
2017-09-08 00:00:00-04:00,47.128903002913844,47.17852728770605,46.64803546746153,46.71751022338867,19998000,0.0,0.0
2017-09-11 00:00:00-04:00,47.004843440445214,47.27678696180678,46.69716679707367,46.81081008911133,26748000,0.0,0.0
2017-09-12 00:00:00-04:00,46.990949481105986,47.049009179940434,46.52348087888303,46.9775505065918,25696000,0.0,0.0
2017-09-13 00:00:00-04:00,46.920480957237665,47.28522533617417,46.88276392446798,47.165626525878906,21908000,0.0,0.0
2017-09-14 00:00:00-04:00,46.945297377766416,47.0460376849171,46.56616201931172,46.65399932861328,28548000,0.0,0.0
2017-09-15 00:00:00-04:00,46.65201262584589,46.7343903871149,46.21332586958531,46.41381072998047,39886000,0.0,0.0
2017-09-18 00:00:00-04:00,46.39991755941593,46.4917226900335,45.92302155757706,46.13888931274414,29474000,0.0,0.0
2017-09-19 00:00:00-04:00,46.32052266816866,46.545321827246,45.985552044165146,46.49172592163086,24854000,0.0,0.0
2017-09-20 00:00:00-04:00,46.5348977415989,47.14379578047466,46.523482678099995,47.0217170715332,40080000,0.0,0.0
2017-09-21 00:00:00-04:00,47.05100244685802,47.28274907785375,46.61678324059044,47.022216796875,27414000,0.0,0.0
2017-09-22 00:00:00-04:00,46.78500426928739,47.14379313555057,46.6892275379007,46.80931854248047,21496000,0.0,0.0
2017-09-25 00:00:00-04:00,46.62025390229481,46.63514081178571,45.87885400648442,46.36369323730469,37468000,0.0,0.0
2017-09-26 00:00:00-04:00,46.4832829808281,46.850011277574154,46.40537281078783,46.52000427246094,33454000,0.0,0.0
2017-09-27 00:00:00-04:00,46.783518515945815,47.90950945539698,46.74431354698791,47.63508224487305,46692000,0.0,0.0
2017-09-28 00:00:00-04:00,47.45394664840734,47.946721440016304,47.41920927027826,47.87873840332031,28018000,0.0,0.0
2017-09-29 00:00:00-04:00,47.937789253910445,48.42461230351583,47.937789253910445,48.32089614868164,40622000,0.0,0.0
2017-10-02 00:00:00-04:00,48.416675441604816,48.5203916019427,47.73681097508973,48.0107421875,30782000,0.0,0.0
2017-10-03 00:00:00-04:00,48.01521406331161,48.257387590200004,47.774536042381584,48.23952102661133,21666000,0.0,0.0
2017-10-04 00:00:00-04:00,48.22363473292049,48.35464482078487,47.91843798169234,47.97650146484375,21156000,0.0,0.0
2017-10-05 00:00:00-04:00,48.27474905020129,48.95560551159922,48.149694477185655,48.890098571777344,35618000,0.0,0.0
2017-10-06 00:00:00-04:00,48.63254433908038,49.34019872609693,48.558601991850274,49.30942916870117,31060000,0.0,0.0
2017-10-09 00:00:00-04:00,49.376924897623525,49.64787649017325,49.20323797932242,49.24343490600586,25910000,0.0,0.0
2017-10-10 00:00:00-04:00,49.391810670282275,49.49949845019626,48.6876318609449,49.019622802734375,23268000,0.0,0.0
2017-10-11 00:00:00-04:00,49.08115626282671,50.00071059689556,49.02656840811587,49.90542984008789,36300000,0.0,0.0
2017-10-12 00:00:00-04:00,49.81560862596943,50.19771982285468,49.67963496706493,49.90542984008789,30614000,0.0,0.0
2017-10-13 00:00:00-04:00,50.07712980972066,50.357508734418346,49.97539756062706,50.015594482421875,26552000,0.0,0.0
2017-10-16 00:00:00-04:00,50.10293380114631,50.22054491757551,49.70047616319536,50.08903884887695,21420000,0.0,0.0
2017-10-17 00:00:00-04:00,49.99425855270142,50.34758788475635,49.92527976825698,50.170921325683594,20260000,0.0,0.0
2017-10-18 00:00:00-04:00,50.173408928479745,50.43443339240217,49.889054572520564,50.25727462768555,25596000,0.0,0.0
2017-10-19 00:00:00-04:00,49.86076343345676,49.98830167758808,49.49105926962207,49.71635437011719,34284000,0.0,0.0
2017-10-20 00:00:00-04:00,49.97490457320311,50.05430267976816,49.737694637071314,49.87664794921875,32120000,0.0,0.0
2017-10-23 00:00:00-04:00,49.882097329115155,49.91237090590861,48.78637633873693,48.90746307373047,32786000,0.0,0.0
2017-10-24 00:00:00-04:00,48.95511092107929,49.09207653905142,48.48764229958939,49.053863525390625,28902000,0.0,0.0
2017-10-25 00:00:00-04:00,48.94369559147272,49.3486369224814,48.51940355088725,49.20125198364258,30574000,0.0,0.0
2017-10-26 00:00:00-04:00,49.549118183641085,49.94810396498932,49.152116313676444,49.19926071166992,47396000,0.0,0.0
2017-10-27 00:00:00-04:00,51.16293112366168,52.78219678889337,50.95748268447673,51.29592514038086,103682000,0.0,0.0
2017-10-30 00:00:00-04:00,51.07211007918639,51.601609961020664,50.73317169757723,51.26912307739258,46804000,0.0,0.0
2017-10-31 00:00:00-04:00,51.26267215552125,51.65967023733136,50.93018148206614,51.26465606689453,30326000,0.0,0.0
2017-11-01 00:00:00-04:00,51.427434023526644,52.000106771021215,51.31230278610582,51.739078521728516,43262000,0.0,0.0
2017-11-02 00:00:00-04:00,51.60955392842729,51.883981140435175,51.04730052943399,51.7574348449707,26694000,0.0,0.0
2017-11-03 00:00:00-04:00,51.74651579191872,52.13905007475341,51.49342700543893,52.10580062866211,27770000,0.0,0.0
2017-11-06 00:00:00-05:00,52.06163772643483,52.23482865285594,51.709296567056526,51.7430419921875,18294000,0.0,0.0
2017-11-07 00:00:00-05:00,52.08892564155223,52.27551932057107,51.75892243055798,52.22489929199219,26104000,0.0,0.0
2017-11-08 00:00:00-05:00,52.108779631309304,52.73604019981871,51.959906760843886,52.51769256591797,24276000,0.0,0.0
2017-11-09 00:00:00-05:00,52.00705138585244,52.14996873634093,51.404105088900465,51.99315643310547,35892000,0.0,0.0
2017-11-10 00:00:00-05:00,51.80209549617476,51.93906110303014,51.6705894316979,51.81599044799805,19442000,0.0,0.0
2017-11-13 00:00:00-05:00,51.64975478009218,52.04377705500041,51.57333253355834,51.66960525512695,18814000,0.0,0.0
2017-11-14 00:00:00-05:00,51.49690742358137,51.72419023886882,51.08055102110331,51.691436767578125,21012000,0.0,0.0
2017-11-15 00:00:00-05:00,51.3619254664512,51.59168817008283,51.151513472674566,51.4318962097168,18106000,0.0,0.0
2017-11-16 00:00:00-05:00,51.54801710655975,52.19364020404737,51.5107998360815,52.030372619628906,23768000,0.0,0.0
2017-11-17 00:00:00-05:00,52.09637741576298,52.15592505067583,51.29890176821728,51.406089782714844,26712000,0.0,0.0
2017-11-20 00:00:00-05:00,51.41154591875335,51.545535660609886,51.2467904057093,51.34505081176758,17526000,0.0,0.0
2017-11-21 00:00:00-05:00,51.61203184522961,52.12565288958636,51.567371121071915,52.121185302734375,22206000,0.0,0.0
2017-11-22 00:00:00-05:00,52.16386682481524,52.37576675998986,51.969833452571024,52.20158386230469,14538000,0.0,0.0
2017-11-24 00:00:00-05:00,52.32415526773204,52.60602593101643,52.20158058272845,52.42985534667969,16492000,0.0,0.0
2017-11-27 00:00:00-05:00,52.531585840905464,53.249659556822905,52.343008243811624,53.198543548583984,35430000,0.0,0.0
2017-11-28 00:00:00-05:00,53.29679971641899,53.59504518806566,52.33159280405901,52.765811920166016,36424000,0.0,0.0
2017-11-29 00:00:00-05:00,52.412983451889076,52.541513664144034,51.0964309354443,51.48003387451172,55866000,0.0,0.0
2017-11-30 00:00:00-05:00,51.607072576658794,51.81549686363573,51.117273609217705,51.41998291015625,45092000,0.0,0.0
2017-12-01 00:00:00-05:00,51.13414430633142,51.473082707312884,50.463710958450505,50.86914825439453,37762000,0.0,0.0
2017-12-04 00:00:00-05:00,51.00462424291862,51.18029885308843,50.082589993697184,50.21409606933594,38778000,0.0,0.0
2017-12-05 00:00:00-05:00,50.170430302905835,51.44529799637257,49.74018271194746,50.59770202636719,38998000,0.0,0.0
2017-12-06 00:00:00-05:00,50.444852185282436,51.58920562972724,50.38480478897441,51.248779296875,28710000,0.0,0.0
2017-12-07 00:00:00-05:00,51.41502560950752,52.05270552003554,51.379792248779296,51.83683776855469,30866000,0.0,0.0
2017-12-08 00:00:00-05:00,52.196121809743886,52.42489255494484,51.90085216727183,52.07553482055664,31170000,0.0,0.0
2017-12-11 00:00:00-05:00,52.16138659924124,52.40405230745998,51.814508739827055,52.204063415527344,23254000,0.0,0.0
2017-12-12 00:00:00-05:00,52.10629691851809,52.72660997707188,51.85172019697783,52.045257568359375,33882000,0.0,0.0
2017-12-13 00:00:00-05:00,52.209519113266865,52.37824245436875,51.936579842554295,52.17527770996094,27680000,0.0,0.0
2017-12-14 00:00:00-05:00,52.37874837032207,52.95390103175052,52.28495553709253,52.47700500488281,30962000,0.0,0.0
2017-12-15 00:00:00-05:00,52.7901304576841,53.35933130860984,52.60701618899297,53.19804763793945,63760000,0.0,0.0
2017-12-18 00:00:00-05:00,53.41887760717587,53.917115750781115,53.11716027393845,53.84764099121094,30292000,0.0,0.0
2017-12-19 00:00:00-05:00,53.74492084914787,53.84168954201535,53.21144930757319,53.58413314819336,26350000,0.0,0.0
2017-12-20 00:00:00-05:00,53.64070729562258,53.65609018183929,53.02932559511545,53.27546691894531,28728000,0.0,0.0
2017-12-21 00:00:00-05:00,53.36628248659549,53.47198256946399,53.04917845189917,53.14098358154297,25640000,0.0,0.0
2017-12-22 00:00:00-05:00,53.098800464990056,53.18415409225254,52.98168532339537,53.04222869873047,17788000,0.0,0.0
2017-12-26 00:00:00-05:00,53.03131014770581,53.04222923320552,52.535059671069966,52.89285659790039,18376000,0.0,0.0
2017-12-27 00:00:00-05:00,52.930083989834564,53.01295773848468,52.522162959771,52.61248016357422,22324000,0.0,0.0
2017-12-28 00:00:00-05:00,52.714205801835746,52.84273600720423,52.27403111683675,52.40156936645508,19884000,0.0,0.0
2017-12-29 00:00:00-05:00,52.37874054780052,52.505779027442706,52.240283219299755,52.275020599365234,23606000,0.0,0.0
2018-01-02 00:00:00-05:00,52.25616650977731,53.39555637599077,52.25616650977731,53.258094787597656,31766000,0.0,0.0
2018-01-03 00:00:00-05:00,53.29381935166568,54.39400793815307,53.26900910273076,54.166725158691406,31318000,0.0,0.0
2018-01-04 00:00:00-05:00,54.44314296338079,54.79002080218762,54.30270550308476,54.377140045166016,26052000,0.0,0.0
2018-01-05 00:00:00-05:00,54.75875973348972,55.26146171123271,54.67687795009025,55.09819412231445,30250000,0.0,0.0
2018-01-08 00:00:00-05:00,55.13342482258022,55.53836613302585,55.08380053427195,55.292720794677734,24644000,0.0,0.0
2018-01-09 00:00:00-05:00,55.50263459976359,55.50263459976359,54.99447312387298,55.222251892089844,26808000,0.0,0.0
2018-01-10 00:00:00-05:00,54.93492751056001,55.2217617465006,54.78506268002627,55.09075164794922,20734000,0.0,0.0
2018-01-11 00:00:00-05:00,55.19843842798299,55.324484959266414,54.90912430783334,55.1855354309082,22424000,0.0,0.0
2018-01-12 00:00:00-05:00,55.08876756824838,56.14081617656425,54.985051398298886,56.10856246948242,38586000,0.0,0.0
2018-01-16 00:00:00-05:00,56.587934163341046,57.01322191950671,55.910553359462554,56.11103820800781,36462000,0.0,0.0
2018-01-17 00:00:00-05:00,56.39192321282243,56.53881218114401,55.75324754031765,56.527896881103516,27830000,0.0,0.0
2018-01-18 00:00:00-05:00,56.540293788359044,56.60182911673487,55.80137765608824,56.372562408447266,27498000,0.0,0.0
2018-01-19 00:00:00-05:00,56.474794960223306,56.76013747627442,56.200367743826874,56.74624252319336,30552000,0.0,0.0
2018-01-22 00:00:00-05:00,56.762124043174204,57.90647752409935,56.662871675936096,57.7714958190918,29550000,0.0,0.0
2018-01-23 00:00:00-05:00,58.092069703809194,58.483612044433706,57.92483429799457,58.367488861083984,39138000,0.0,0.0
2018-01-24 00:00:00-05:00,58.80468510693005,58.90740931133954,57.932275229255815,58.12531661987305,37128000,0.0,0.0
2018-01-25 00:00:00-05:00,58.592787000499854,58.805678869563444,58.15261233236536,58.66374969482422,29984000,0.0,0.0
2018-01-26 00:00:00-05:00,58.931232250686385,58.93272018432617,57.96354533212695,58.93272018432617,42170000,0.0,0.0
2018-01-29 00:00:00-05:00,58.954557786460356,59.45080826013059,58.75903270702499,58.879127502441406,31494000,0.0,0.0
2018-01-30 00:00:00-05:00,58.44441068350131,58.9510804641053,58.28511092397453,58.427040100097656,37338000,0.0,0.0
2018-01-31 00:00:00-05:00,58.74662673993285,58.871189124546724,58.16551860611946,58.667724609375,36022000,0.0,0.0
2018-02-01 00:00:00-05:00,58.35855649396602,58.92726136028972,58.029541444345845,58.63645553588867,73514000,0.0,0.0
2018-02-02 00:00:00-05:00,55.94826521593821,56.14081062798635,55.14185825504949,55.540348052978516,117842000,0.0,0.0
2018-02-05 00:00:00-05:00,54.6178258240209,55.33143581319407,52.44077811074088,52.72115707397461,83550000,0.0,0.0
2018-02-06 00:00:00-05:00,51.31130538623033,53.961280974732674,51.11429238235661,53.81488800048828,76630000,0.0,0.0
2018-02-07 00:00:00-05:00,53.84168814584848,53.91910234091689,52.335566149712285,52.37477111816406,51942000,0.0,0.0
2018-02-08 00:00:00-05:00,52.596100374751174,52.79757719506311,49.85828727297066,50.007659912109375,66792000,0.0,0.0
2018-02-09 00:00:00-05:00,50.9093405758253,52.19165157410531,49.47616901467817,51.92119598388672,98360000,0.0,0.0
2018-02-12 00:00:00-05:00,52.43730013636036,52.878962767049636,51.8824939696113,52.33259201049805,56240000,0.0,0.0
2018-02-13 00:00:00-05:00,52.106300080249994,52.66309393318882,51.953455599699886,52.31174850463867,31586000,0.0,0.0
2018-02-14 00:00:00-05:00,52.3206809627639,53.370249682886836,52.09637780222555,53.2327880859375,41304000,0.0,0.0
2018-02-15 00:00:00-05:00,53.766260082746875,54.294768067501664,52.96134096810648,54.15879440307617,37396000,0.0,0.0
2018-02-16 00:00:00-05:00,54.25903085622459,54.99993469208462,54.1682176895131,54.36423873901367,39948000,0.0,0.0
2018-02-20 00:00:00-05:00,54.22826954668161,55.39594538576637,54.09130392551664,54.765708923339844,33754000,0.0,0.0
2018-02-21 00:00:00-05:00,55.03914280401336,56.38398115658834,54.960236887413046,55.2698974609375,41486000,0.0,0.0
2018-02-22 00:00:00-05:00,55.53886350117299,55.85100395495353,54.843120133455834,55.07883834838867,28010000,0.0,0.0
2018-02-23 00:00:00-05:00,55.51355320929471,56.0266782802514,55.00638744491953,55.98151779174805,25292000,0.0,0.0
2018-02-26 00:00:00-05:00,56.168601178902755,56.78097480128656,56.04354661241557,56.75616455078125,30912000,0.0,0.0
2018-02-27 00:00:00-05:00,56.75616735890439,56.78346128607395,55.4207564112541,55.456485748291016,42964000,0.0,0.0
2018-02-28 00:00:00-05:00,55.67930567388649,55.959688423416,54.73643273432952,54.78208541870117,49292000,0.0,0.0
2018-03-01 00:00:00-05:00,55.060970642319035,55.14682023908377,52.96430957522401,53.168766021728516,55338000,0.0,0.0
2018-03-02 00:00:00-05:00,52.50230900743212,53.93697242268826,52.11176237540531,53.80050277709961,50162000,0.0,0.0
2018-03-05 00:00:00-05:00,53.50225291516991,54.64610659754565,53.21144708473962,54.3275146484375,28648000,0.0,0.0
2018-03-06 00:00:00-05:00,54.69175737548371,54.866935981750686,54.314606002787414,54.632205963134766,23382000,0.0,0.0
2018-03-07 00:00:00-05:00,54.23124327929116,55.391479404261325,54.08683420927705,55.33391189575195,30748000,0.0,0.0
2018-03-08 00:00:00-05:00,55.44109805825202,56.1477566640328,55.44109805825202,56.0455322265625,33862000,0.0,0.0
2018-03-09 00:00:00-05:00,56.54773172549608,57.61467084573168,56.28918720484297,57.60673141479492,42662000,0.0,0.0
2018-03-12 00:00:00-04:00,57.815664294190796,58.46625101462743,57.525358200223764,57.859336853027344,44306000,0.0,0.0
2018-03-13 00:00:00-04:00,58.152120769167716,58.45830950368578,56.30309246479134,56.56808853149414,43140000,0.0,0.0
2018-03-14 00:00:00-04:00,56.86038100642698,57.553144739239166,56.68917398475328,57.01372146606445,41870000,0.0,0.0
2018-03-15 00:00:00-04:00,57.04745949228501,57.689110917346184,56.35717573842854,57.09906768798828,33382000,0.0,0.0
2018-03-16 00:00:00-04:00,57.33429617046719,57.40674679593542,56.14379033991324,56.2956428527832,58656000,0.0,0.0
2018-03-19 00:00:00-04:00,55.468888101777054,55.548782178998444,54.03770054047427,54.59102249145508,63656000,0.0,0.0
2018-03-20 00:00:00-04:00,54.508149898872496,54.86297095428456,53.715141858503905,54.379127502441406,54598000,0.0,0.0
2018-03-21 00:00:00-04:00,54.21883604453977,55.019287487041886,53.952844264742374,54.289798736572266,44898000,0.0,0.0
2018-03-22 00:00:00-04:00,53.59554628557859,53.78957964222537,52.08843234878068,52.26261901855469,69312000,0.0,0.0
2018-03-23 00:00:00-04:00,52.17428743778185,52.93900961222988,50.85922290334337,50.94259262084961,49880000,0.0,0.0
2018-03-26 00:00:00-04:00,52.13607040179566,52.566321717256976,50.150076671372986,52.309261322021484,65984000,0.0,0.0
2018-03-27 00:00:00-04:00,52.796086489942425,52.82784800374254,49.50693923683964,49.969444274902344,60816000,0.0,0.0
2018-03-28 00:00:00-04:00,49.719831124387454,50.8651765277223,48.83104636258187,49.882102966308594,77698000,0.0,0.0
2018-03-29 00:00:00-04:00,50.181345719506616,52.00953154308469,49.825532702903686,51.46812057495117,69338000,0.0,0.0
2018-04-02 00:00:00-04:00,50.99568784301467,51.58672305151779,49.33970113683525,50.251808166503906,65068000,0.0,0.0
2018-04-03 00:00:00-04:00,50.42649335644149,50.86567610781931,49.488580216950425,50.55204391479492,51322000,0.0,0.0
2018-04-04 00:00:00-04:00,49.537213120812204,51.249775610183725,49.45185948793269,51.09941101074219,50724000,0.0,0.0
2018-04-05 00:00:00-04:00,51.927152589186726,51.943031453160124,50.816048581015046,51.244808197021484,35836000,0.0,0.0
2018-04-06 00:00:00-04:00,50.77138701791852,51.411550611883996,49.93520614397591,50.11882019042969,40134000,0.0,0.0
2018-04-09 00:00:00-04:00,50.61953323122258,51.837829076941425,50.57784837233873,50.62201690673828,33220000,0.0,0.0
2018-04-10 00:00:00-04:00,51.12670264682606,51.67009753042963,50.38977037811584,51.436363220214844,36620000,0.0,0.0
2018-04-11 00:00:00-04:00,51.213046472913256,51.40509591777414,50.57784648349582,50.868648529052734,34060000,0.0,0.0
2018-04-12 00:00:00-04:00,51.18674869899539,51.84080342477513,50.91778103567387,51.475563049316406,32896000,0.0,0.0
2018-04-13 00:00:00-04:00,51.951967353092115,52.254180681132055,51.121242272639556,51.41353225708008,25410000,0.0,0.0
2018-04-16 00:00:00-04:00,51.885471573778354,52.1772655978723,51.308331238358484,51.91276550292969,29776000,0.0,0.0
2018-04-17 00:00:00-04:00,52.66209787876608,53.8431725590033,52.45813740388683,53.56328582763672,54584000,0.0,0.0
2018-04-18 00:00:00-04:00,53.5459220284732,53.69429891878459,53.12460586736447,53.36627960205078,31126000,0.0,0.0
2018-04-19 00:00:00-04:00,53.05016746800002,54.463984559405986,53.05016746800002,54.06400680541992,39884000,0.0,0.0
2018-04-20 00:00:00-04:00,53.80694912151603,54.32701787255593,53.20301089344784,53.46205520629883,42434000,0.0,0.0
2018-04-23 00:00:00-04:00,53.74293007635519,53.99205104578485,52.93404319728805,53.28786849975586,69590000,0.0,0.0
2018-04-24 00:00:00-04:00,52.56284888476104,52.825365050270115,50.263226659685515,50.748558044433594,128220000,0.0,0.0
2018-04-25 00:00:00-04:00,51.10139295954509,51.41502514411271,50.469168811542865,50.76593017578125,57860000,0.0,0.0
2018-04-26 00:00:00-04:00,51.273585427559595,52.20653864442341,50.63987342636872,51.7743034362793,50926000,0.0,0.0
2018-04-27 00:00:00-04:00,51.88497573496711,52.190664713408836,50.99420698696241,51.18575668334961,40746000,0.0,0.0
2018-04-30 00:00:00-04:00,51.333141552859146,51.5291588217463,50.53318604113238,50.547080993652344,34492000,0.0,0.0
2018-05-01 00:00:00-04:00,50.43393040958253,51.69589490391238,50.15156379055698,51.64726257324219,35326000,0.0,0.0
2018-05-02 00:00:00-04:00,51.31230389441947,51.8075624524882,50.77436851908485,50.91778564453125,34698000,0.0,0.0
2018-05-03 00:00:00-04:00,50.88403856416642,51.14804267801984,50.016592148829915,50.9301872253418,39282000,0.0,0.0
2018-05-04 00:00:00-04:00,50.59818809111484,52.19959067204122,50.520773904358805,52.15591812133789,36892000,0.0,0.0
2018-05-07 00:00:00-04:00,52.2993411382258,52.85067544475037,52.11969870907081,52.57575225830078,34400000,0.0,0.0
2018-05-08 00:00:00-04:00,52.83181496413261,52.862088543844074,52.18768359971397,52.53257751464844,26030000,0.0,0.0
2018-05-09 00:00:00-04:00,52.80601328926523,54.28980110521576,52.707256903428735,54.03919219970703,47160000,0.0,0.0
2018-05-10 00:00:00-04:00,54.33942457481275,55.054522416158676,54.28384476641588,54.8589973449707,36414000,0.0,0.0
2018-05-11 00:00:00-04:00,54.607894614828446,55.03467029427952,54.449590603994636,54.755279541015625,30504000,0.0,0.0
2018-05-14 00:00:00-04:00,54.86396501263832,55.48824973417262,54.825755784553216,54.91508102416992,39338000,0.0,0.0
2018-05-15 00:00:00-04:00,54.43371794094132,54.54388561127285,53.534510015766045,53.836727142333984,35738000,0.0,0.0
2018-05-16 00:00:00-04:00,53.847639852220205,54.308656930960375,53.6759368683171,53.798011779785156,25628000,0.0,0.0
2018-05-17 00:00:00-04:00,53.66750464416077,54.14092498301683,53.41739171406392,53.65757751464844,25738000,0.0,0.0
2018-05-18 00:00:00-04:00,52.9003020391115,53.28390497437442,52.834798881924954,53.080936431884766,35482000,0.0,0.0
2018-05-21 00:00:00-04:00,53.545427093560406,54.255065425365196,53.49580280320083,53.79404830932617,25180000,0.0,0.0
2018-05-22 00:00:00-04:00,54.08138184480761,54.180630431635564,53.21095576102281,53.36231231689453,22226000,0.0,0.0
2018-05-23 00:00:00-04:00,53.09879966095015,53.99205201080423,52.94793909581521,53.89081573486328,23740000,0.0,0.0
2018-05-24 00:00:00-04:00,53.937463655345056,53.948378954377326,53.212938438795966,53.86550521850586,20604000,0.0,0.0
2018-05-25 00:00:00-04:00,53.9200943680781,54.0699629796909,53.72407709774085,53.79751968383789,22224000,0.0,0.0
2018-05-29 00:00:00-04:00,53.396547482289485,53.661547311615664,52.755391993922906,53.003021240234375,36076000,0.0,0.0
2018-05-30 00:00:00-04:00,53.27149652325068,53.544931780637256,52.927594545512974,53.46950149536133,28686000,0.0,0.0
2018-05-31 00:00:00-04:00,53.69430251832289,55.08380543101918,53.495805347444154,54.587554931640625,79368000,0.0,0.0
2018-06-01 00:00:00-04:00,55.22622753620622,56.48124464641408,55.18354693646333,56.32442855834961,63202000,0.0,0.0
2018-06-04 00:00:00-04:00,56.49811991781622,57.45886320901613,56.42368158395108,57.219669342041016,44754000,0.0,0.0
2018-06-05 00:00:00-04:00,57.30005726377672,57.61964116647464,56.94275632709376,57.11941909790039,32964000,0.0,0.0
2018-06-06 00:00:00-04:00,57.20626426653391,57.30253697655367,56.38993392889462,56.91744613647461,34934000,0.0,0.0
2018-06-07 00:00:00-04:00,56.79983272229504,56.86384793840168,55.88375408059004,56.2956428527832,36108000,0.0,0.0
2018-06-08 00:00:00-04:00,56.136350399231766,56.51201009610915,55.74034046530058,56.21078872680664,27284000,0.0,0.0
2018-06-11 00:00:00-04:00,56.22220379881585,56.956656208456494,56.14578155460053,56.617218017578125,24796000,0.0,0.0
2018-06-12 00:00:00-04:00,56.623175600610935,57.00677855546037,56.623175600610935,56.97898864746094,26092000,0.0,0.0
2018-06-13 00:00:00-04:00,57.18194867586223,57.34869189613274,56.74028605200182,56.782466888427734,34302000,0.0,0.0
2018-06-14 00:00:00-04:00,57.17847256040723,57.862304852280296,57.09857469445111,57.57051086425781,35422000,0.0,0.0
2018-06-15 00:00:00-04:00,57.56108518921858,57.759090164402316,57.2519243750655,57.528831481933594,44438000,0.0,0.0
2018-06-18 00:00:00-04:00,57.202294283493984,58.762508160811514,57.11842858976017,58.73521423339844,33038000,0.0,0.0
2018-06-19 00:00:00-04:00,58.06676234623113,58.69699875352033,57.64495021983217,58.49254608154297,47282000,0.0,0.0
2018-06-20 00:00:00-04:00,58.721316074434654,59.62399575518171,58.658292813107096,58.759525299072266,51686000,0.0,0.0
2018-06-21 00:00:00-04:00,58.830991567764976,59.07018163238132,57.737750312571556,58.03351593017578,44966000,0.0,0.0
2018-06-22 00:00:00-04:00,58.13524916841904,58.30943205905109,57.5476857463178,58.02607345581055,34220000,0.0,0.0
2018-06-25 00:00:00-04:00,57.31692830151886,57.36605661258628,55.575088121601105,56.53682327270508,57682000,0.0,0.0
2018-06-26 00:00:00-04:00,56.77800247453239,56.91347637029559,56.026679286981775,56.206321716308594,34688000,0.0,0.0
2018-06-27 00:00:00-04:00,56.3740522795533,56.88072585384283,55.41628872704481,55.428199768066406,34538000,0.0,0.0
2018-06-28 00:00:00-04:00,55.20240562030966,56.27480443799909,54.88877722932603,55.91651153564453,29726000,0.0,0.0
2018-06-29 00:00:00-04:00,56.19094211063061,56.64004821016823,55.928425927662815,56.036109924316406,31562000,0.0,0.0
2018-07-02 00:00:00-04:00,55.349297647265566,56.720933907593775,54.91507848869472,56.67726135253906,23216000,0.0,0.0
2018-07-03 00:00:00-04:00,57.04002625087778,57.06434052658334,55.30364546010263,55.395450592041016,16448000,0.0,0.0
2018-07-05 00:00:00-04:00,55.808328561233935,56.77800318101828,55.734882187732985,56.63656997680664,28594000,0.0,0.0
2018-07-06 00:00:00-04:00,56.6603937332104,57.376483591202785,56.43559080513098,57.32090377807617,21820000,0.0,0.0
2018-07-09 00:00:00-04:00,57.5650541720491,57.95858042891574,57.427592580668914,57.92632293701172,21584000,0.0,0.0
2018-07-10 00:00:00-04:00,58.0608133999503,58.23499629826715,57.692097364685694,57.91938018798828,21334000,0.0,0.0
2018-07-11 00:00:00-04:00,57.347697970846205,58.579392820643186,57.33529473733857,58.13376235961914,33252000,0.0,0.0
2018-07-12 00:00:00-04:00,58.302482234052356,59.64880847515142,58.215140910265625,59.61258316040039,44148000,0.0,0.0
2018-07-13 00:00:00-04:00,59.68900769963741,60.06814303969566,59.31632385819068,59.76940155029297,32612000,0.0,0.0
2018-07-16 00:00:00-04:00,59.73913378528371,59.98229927247107,59.22253679863087,59.37687301635742,26784000,0.0,0.0
2018-07-17 00:00:00-04:00,58.69352788722529,60.481020740249086,58.656802808962865,60.19915008544922,40162000,0.0,0.0
2018-07-18 00:00:00-04:00,59.97336012864759,60.621463160786206,59.77635089113543,60.19071960449219,38948000,0.0,0.0
2018-07-19 00:00:00-04:00,59.880069390562646,60.36788449932176,59.43741477524738,59.505401611328125,38338000,0.0,0.0
2018-07-20 00:00:00-04:00,59.5123417714929,60.084518489559265,59.38083191678865,59.44485092163086,37938000,0.0,0.0
2018-07-23 00:00:00-04:00,59.33468547129474,60.299396519727274,59.15355132120641,60.09593200683594,65446000,0.0,0.0
2018-07-24 00:00:00-04:00,63.07343659497237,63.271937548420865,61.74050926143322,62.43575668334961,107600000,0.0,0.0
2018-07-25 00:00:00-04:00,62.161327962628526,63.43271993200098,61.9841654210931,63.31858444213867,51104000,0.0,0.0
2018-07-26 00:00:00-04:00,62.883864285097005,63.88728424784716,62.676431965043435,63.79299545288086,54686000,0.0,0.0
2018-07-27 00:00:00-04:00,63.97264053973768,64.08776798099251,61.757872223898254,62.17472457885742,48362000,0.0,0.0
2018-07-30 00:00:00-04:00,61.78566608778071,62.17472856308017,60.7494963335451,61.040794372558594,43896000,0.0,0.0
2018-07-31 00:00:00-04:00,61.12367125839894,61.595111521282604,60.353493272737445,60.900856018066406,39382000,0.0,0.0
2018-08-01 00:00:00-04:00,61.490892233737846,61.8278429337004,60.7877054234707,61.18718719482422,36994000,0.0,0.0
2018-08-02 00:00:00-04:00,60.46811807908729,61.75390472318255,60.446283694807484,61.59113311767578,34704000,0.0,0.0
2018-08-03 00:00:00-04:00,61.79211807702051,61.858616976120445,61.0100290831596,61.44375228881836,21264000,0.0,0.0
2018-08-06 00:00:00-04:00,61.61495485292469,61.65713568765559,61.065108495658905,61.419429779052734,22114000,0.0,0.0
2018-08-07 00:00:00-04:00,62.131055673270545,62.82928274626681,62.1206363514822,62.32112121582031,42506000,0.0,0.0
2018-08-08 00:00:00-04:00,62.364788550559744,63.10916426676246,62.136513785255126,62.593563079833984,34344000,0.0,0.0
2018-08-09 00:00:00-04:00,62.663040313567365,63.12107779586632,62.53252619053932,62.7488899230957,27326000,0.0,0.0
2018-08-10 00:00:00-04:00,62.48686750920722,62.587111832515546,61.89037649252938,62.15586853027344,26602000,0.0,0.0
2018-08-13 00:00:00-04:00,62.09085986663556,62.82382050483645,61.88392351252076,61.96381759643555,27500000,0.0,0.0
2018-08-14 00:00:00-04:00,62.155370213974635,62.55683589780346,61.512230798050766,62.43525695800781,28080000,0.0,0.0
2018-08-15 00:00:00-04:00,61.74745022216092,62.129561393702396,60.852214007589026,61.14897155761719,37052000,0.0,0.0
2018-08-16 00:00:00-04:00,61.63381440833147,61.71867584838752,60.52419826363136,60.74403762817383,32176000,0.0,0.0
2018-08-17 00:00:00-04:00,60.643801044956014,60.887458722865965,59.74856466338291,60.33662033081055,33092000,0.0,0.0
2018-08-20 00:00:00-04:00,60.57530896994104,60.835841215995266,59.98179384989175,60.63932418823242,22218000,0.0,0.0
2018-08-21 00:00:00-04:00,60.69241932354191,61.175766743920576,60.29591345427574,60.41402053833008,23082000,0.0,0.0
2018-08-22 00:00:00-04:00,60.25572259168166,60.86660830823275,60.20609830233034,60.62940216064453,22296000,0.0,0.0
2018-08-23 00:00:00-04:00,60.53660130261147,61.29536793158742,60.51029933128536,60.600120544433594,24666000,0.0,0.0
2018-08-24 00:00:00-04:00,60.84030398056331,61.40602918665708,60.61302118521179,61.373775482177734,24454000,0.0,0.0
2018-08-27 00:00:00-04:00,61.7405062738133,62.42185870960041,61.56880327920677,62.34245681762695,28580000,0.0,0.0
2018-08-28 00:00:00-04:00,62.3240972866056,62.35685075793018,61.682445765832874,61.825862884521484,27330000,0.0,0.0
2018-08-29 00:00:00-04:00,62.27943235167429,62.883370581395624,62.170256645363004,62.7583122253418,36926000,0.0,0.0
2018-08-30 00:00:00-04:00,62.696286459497806,62.99850358999853,61.89285904912853,62.25164794921875,30104000,0.0,0.0
2018-08-31 00:00:00-04:00,62.14097923791253,62.15785005739838,60.827898672018804,61.12813186645508,42308000,0.0,0.0
2018-09-04 00:00:00-04:00,60.667610722556915,60.933106536119695,59.87559465480536,60.11131286621094,41458000,0.0,0.0
2018-09-05 00:00:00-04:00,60.00760386588591,60.28798662095611,58.32630686348863,59.505401611328125,53988000,0.0,0.0
2018-09-06 00:00:00-04:00,59.479095121995066,59.49993755136597,57.74420234710536,58.75556182861328,46854000,0.0,0.0
2018-09-07 00:00:00-04:00,58.16055091645619,58.9818485871572,58.02507702800154,58.437957763671875,32658000,0.0,0.0
2018-09-10 00:00:00-04:00,58.7659821220933,58.888060833037734,58.09157713064064,58.312408447265625,27670000,0.0,0.0
2018-09-11 00:00:00-04:00,58.11588577144208,59.10044715957925,57.86031711338398,59.05330276489258,29254000,0.0,0.0
2018-09-12 00:00:00-04:00,58.65680224993664,59.08804553080049,57.8707417111718,58.14070510864258,35716000,0.0,0.0
2018-09-13 00:00:00-04:00,58.542666734402324,58.947608044302676,58.02259419835304,58.66374969482422,40068000,0.0,0.0
2018-09-14 00:00:00-04:00,58.95455976983742,58.95455976983742,58.23598624293688,58.457313537597656,24176000,0.0,0.0
2018-09-17 00:00:00-04:00,58.446898170095906,58.64787902651702,57.48863852952278,57.55662536621094,34096000,0.0,0.0
2018-09-18 00:00:00-04:00,57.69705733073759,58.62355915123923,57.636017976925245,57.91788864135742,32314000,0.0,0.0
2018-09-19 00:00:00-04:00,58.00969668275123,58.37245338284922,57.49657160778667,58.2732048034668,25962000,0.0,0.0
2018-09-20 00:00:00-04:00,58.59081025226573,59.252312279981524,58.37146685816614,59.13172149658203,29244000,0.0,0.0
2018-09-21 00:00:00-04:00,59.29796204904034,59.38033981225615,58.163535668290564,58.16651153564453,91222000,0.0,0.0
2018-09-24 00:00:00-04:00,57.53577268577425,58.81510397636205,57.14323840953058,58.53571701049805,31150000,0.0,0.0
2018-09-25 00:00:00-04:00,58.768465137754866,59.39423400008724,58.26427143492876,59.246849060058594,33152000,0.0,0.0
2018-09-26 00:00:00-04:00,59.23692841561244,59.90934573249935,58.825535563980054,59.255287170410156,37650000,0.0,0.0
2018-09-27 00:00:00-04:00,59.55005428398629,60.386731062528824,59.45328559721843,59.9152946472168,36274000,0.0,0.0
2018-09-28 00:00:00-04:00,59.75302464821123,59.96939216775572,59.44237210838228,59.901405334472656,35612000,0.0,0.0
2018-10-01 00:00:00-04:00,60.19518138123791,60.75097946474196,59.708358294227565,59.97335433959961,33164000,0.0,0.0
2018-10-02 00:00:00-04:00,59.88105523330002,60.76686413751253,59.53318544167417,59.92919158935547,40180000,0.0,0.0
2018-10-03 00:00:00-04:00,60.14555666318422,60.25374041879871,59.6567496374838,60.12223434448242,26246000,0.0,0.0
2018-10-04 00:00:00-04:00,59.79967030122548,59.84284309311647,57.756112718630625,58.41215515136719,46576000,0.0,0.0
2018-10-05 00:00:00-04:00,58.35905055407577,58.65680005865001,57.28317997159755,57.95361328125,31852000,0.0,0.0
2018-10-08 00:00:00-04:00,57.5650519194436,58.352104402378345,56.34427627272418,57.36258316040039,46190000,0.0,0.0
2018-10-09 00:00:00-04:00,57.133813836283075,57.641975370596384,56.779492529239974,56.82911682128906,33690000,0.0,0.0
2018-10-10 00:00:00-04:00,56.3939040754082,56.42467363442066,54.16623646486712,54.19849395751953,58980000,0.0,0.0
2018-10-11 00:00:00-04:00,53.547409112755275,55.38453003561712,53.3910890068607,54.128021240234375,67696000,0.0,0.0
2018-10-12 00:00:00-04:00,55.56218897171443,55.86936966423178,54.340917228377016,55.60685348510742,49370000,0.0,0.0
2018-10-15 00:00:00-04:00,55.48080283059739,55.669376642024666,54.499217211619204,54.70863723754883,30074000,0.0,0.0
2018-10-16 00:00:00-04:00,55.25650212450962,56.39242028011602,55.17065251188405,56.22915267944336,38378000,0.0,0.0
2018-10-17 00:00:00-04:00,56.5725524894266,56.91992629729388,55.28230204951744,55.95670700073242,35652000,0.0,0.0
2018-10-18 00:00:00-04:00,56.07630082458417,56.19291998316856,53.909672693570016,54.48383331298828,46152000,0.0,0.0
2018-10-19 00:00:00-04:00,54.77166169889283,55.62719702430532,54.44016674849358,54.844608306884766,41286000,0.0,0.0
2018-10-22 00:00:00-04:00,55.208358568020756,55.66391611788438,54.58754952735813,55.15178680419922,27116000,0.0,0.0
2018-10-23 00:00:00-04:00,54.155317844664424,55.48080548899434,53.54592382682703,55.32746124267578,37686000,0.0,0.0
2018-10-24 00:00:00-04:00,55.331931822749944,55.41232567743511,52.35740463248994,52.459632873535156,49286000,0.0,0.0
2018-10-25 00:00:00-04:00,53.60994033985448,55.47187165088253,53.374222112076126,54.765708923339844,72956000,0.0,0.0
2018-10-26 00:00:00-04:00,52.02342416355418,55.43117444083791,51.720711082397315,53.78114318847656,106438000,0.0,0.0
2018-10-29 00:00:00-04:00,54.4158501143808,55.025743896294486,49.98234923945792,51.34852600097656,81290000,0.0,0.0
2018-10-30 00:00:00-04:00,50.61804798397232,52.15096426421509,50.31831452362724,52.08198547363281,59768000,0.0,0.0
2018-10-31 00:00:00-04:00,53.00947108669426,54.98454947535803,53.00947108669426,54.120079040527344,70916000,0.0,0.0
2018-11-01 00:00:00-04:00,54.160779049904754,54.58259121599493,53.48687002552307,53.89181137084961,40132000,0.0,0.0
2018-11-02 00:00:00-04:00,54.04167908584754,54.48830528379817,52.98267920811792,53.17274475097656,43438000,0.0,0.0
2018-11-05 00:00:00-05:00,53.22435654801406,53.265049454381995,51.31230485710096,52.390655517578125,45358000,0.0,0.0
2018-11-06 00:00:00-05:00,52.355419671681815,53.58612257675971,52.28544892671322,53.07746505737305,28660000,0.0,0.0
2018-11-07 00:00:00-05:00,53.76824455416379,55.080329473469874,53.62433145586528,54.996463775634766,43388000,0.0,0.0
2018-11-08 00:00:00-05:00,54.949816279666464,54.99546896044465,53.811414549994645,54.32106399536133,33694000,0.0,0.0
2018-11-09 00:00:00-05:00,53.79454407480447,54.00941986361557,52.813954168357405,53.44717025756836,34860000,0.0,0.0
2018-11-12 00:00:00-05:00,53.2541298232068,53.30226618062105,51.62742080099039,52.07453918457031,34002000,0.0,0.0
2018-11-13 00:00:00-05:00,52.345000015364555,52.93355162007457,51.62990211094706,52.00556182861328,25750000,0.0,0.0
2018-11-14 00:00:00-05:00,52.60254766997012,52.88987786161632,51.66513060074401,52.333580017089844,34666000,0.0,0.0
2018-11-15 00:00:00-05:00,52.178754913456274,53.538976148928775,51.67406523636363,53.150909423828125,41584000,0.0,0.0
2018-11-16 00:00:00-05:00,52.86208652584949,53.21988342358048,52.349457462655934,53.01294708251953,35366000,0.0,0.0
2018-11-19 00:00:00-05:00,52.77077652878864,52.99955105177673,50.759972466189616,50.98576354980469,45684000,0.0,0.0
2018-11-20 00:00:00-05:00,49.986810473684365,51.478541499064086,49.73471742212414,51.13612747192383,54458000,0.0,0.0
2018-11-21 00:00:00-05:00,51.87356269205299,52.340039396577424,51.58325658958547,51.780269622802734,29698000,0.0,0.0
2018-11-23 00:00:00-05:00,51.28748631573186,51.7589265430641,51.04035303166369,51.1187629699707,14178000,0.0,0.0
2018-11-26 00:00:00-05:00,51.80854649684427,52.453669794744776,51.59863050188676,52.40106964111328,31558000,0.0,0.0
2018-11-27 00:00:00-05:00,52.17279582590606,52.93801392428901,51.882985746599815,52.21944046020508,33048000,0.0,0.0
2018-11-28 00:00:00-05:00,52.47649912817237,54.23322610694607,51.75643775426736,54.18012619018555,46042000,0.0,0.0
2018-11-29 00:00:00-05:00,53.77022222662298,54.5949917281322,53.69429597005507,54.318580627441406,31004000,0.0,0.0
2018-11-30 00:00:00-05:00,54.370693350743345,55.06643295288086,53.752860137267156,55.06643295288086,59668000,0.0,0.0
2018-12-03 00:00:00-05:00,56.18349839177899,56.324431837830055,55.169655196071915,55.39942169189453,57532000,0.0,0.0
2018-12-04 00:00:00-05:00,55.23218269592703,55.29421400450673,52.641258665994336,52.72512435913086,45630000,0.0,0.0
2018-12-06 00:00:00-05:00,51.858171497904195,53.56626619579473,51.7331169309723,53.4997673034668,47436000,0.0,0.0
2018-12-07 00:00:00-05:00,53.20946433467188,53.844664335294944,51.57878373321062,51.936580657958984,42682000,0.0,0.0
2018-12-10 00:00:00-05:00,51.755945245640824,52.582698700226054,51.26267443502636,52.26410675048828,33652000,0.0,0.0
2018-12-11 00:00:00-05:00,52.94694915573629,53.11865215603475,52.11126428129302,52.68443298339844,33852000,0.0,0.0
2018-12-12 00:00:00-05:00,53.450140837856594,54.17714589276505,53.196556083311975,53.283897399902344,28960000,0.0,0.0
2018-12-13 00:00:00-05:00,53.38017514737877,54.0128952559157,52.850179249932424,53.274471282958984,24986000,0.0,0.0
2018-12-14 00:00:00-05:00,52.6035430815478,53.18415523719888,52.07503510632937,52.191158294677734,36358000,0.0,0.0
2018-12-17 00:00:00-05:00,51.95791813973228,52.72065637642869,50.45031201389184,50.89793014526367,49932000,0.0,0.0
2018-12-18 00:00:00-05:00,51.31229755726115,52.587165091175336,51.13761491426649,51.77927017211914,43640000,0.0,0.0
2018-12-19 00:00:00-05:00,51.97181401022016,53.38215927998337,50.58926243191868,51.38475036621094,58264000,0.0,0.0
2018-12-20 00:00:00-05:00,50.91529898932836,51.97926242167568,50.015102911737074,50.79520797729492,53674000,0.0,0.0
2018-12-21 00:00:00-05:00,51.21503320586026,51.494420183045044,48.69160009322577,49.190826416015625,104656000,0.0,0.0
2018-12-24 00:00:00-05:00,48.846921562533424,50.226497141724,48.516418596920985,48.86429214477539,36360000,0.0,0.0
2018-12-26 00:00:00-05:00,49.525302223421406,52.02938090270089,49.26030238369198,51.99960708618164,46318000,0.0,0.0
2018-12-27 00:00:00-05:00,50.92522574682431,52.27204800815776,49.9724219454336,52.250213623046875,45996000,0.0,0.0
2018-12-28 00:00:00-05:00,52.57773552759089,52.812461786743754,51.70929720929407,51.94154357910156,34398000,0.0,0.0
2018-12-31 00:00:00-05:00,52.49486542452971,52.75093389414254,51.26466227780044,51.85619354248047,33110000,0.0,0.0
2019-01-02 00:00:00-05:00,50.97484988928361,52.64175582636701,50.87956913081294,52.33854675292969,31868000,0.0,0.0
2019-01-03 00:00:00-05:00,52.13954944438551,52.91320299775853,50.73515968820897,50.88899612426758,41960000,0.0,0.0
2019-01-04 00:00:00-05:00,51.73708481873224,53.59504812257249,51.45422221619562,53.499271392822266,46022000,0.0,0.0
2019-01-07 00:00:00-05:00,53.64318323120799,53.72903282984325,52.73355609470905,53.392578125,47446000,0.0,0.0
2019-01-08 00:00:00-05:00,53.89279586635476,54.257540234788266,53.0169141615016,53.861534118652344,35414000,0.0,0.0
2019-01-09 00:00:00-05:00,53.991557423634816,54.17268778759912,53.31566073031168,53.67693328857422,26998000,0.0,0.0
2019-01-10 00:00:00-05:00,53.34394971663049,53.585623453477346,52.83479624922909,53.536991119384766,26598000,0.0,0.0
2019-01-11 00:00:00-05:00,53.09384263904463,53.26604163189244,52.42539312092203,52.824378967285156,30864000,0.0,0.0
2019-01-14 00:00:00-05:00,52.27204944129279,52.52563423166074,52.0343473018788,52.181236267089844,28490000,0.0,0.0
2019-01-15 00:00:00-05:00,52.50379682218738,54.0054512176976,52.326634285051185,53.91810989379883,37518000,0.0,0.0
2019-01-16 00:00:00-05:00,54.09130414535982,54.70466978962712,53.99255153834507,54.066986083984375,38280000,0.0,0.0
2019-01-17 00:00:00-05:00,53.99155800550626,54.62229042996936,53.75682795333171,54.54388427734375,24896000,0.0,0.0
2019-01-18 00:00:00-05:00,55.01383287939406,55.48080552292405,54.551823800800285,54.9498176574707,44892000,0.0,0.0
2019-01-22 00:00:00-05:00,54.38905212286188,54.53644084839105,53.142966373841496,53.52706527709961,39632000,0.0,0.0
2019-01-23 00:00:00-05:00,53.935475116784644,54.23769221739753,52.97821135737118,53.81389617919922,25194000,0.0,0.0
2019-01-24 00:00:00-05:00,53.719613857335524,53.992057175232375,53.09979669576332,53.793556213378906,29114000,0.0,0.0
2019-01-25 00:00:00-05:00,54.3012144700217,54.754292157150836,54.1806274814527,54.6624870300293,23260000,0.0,0.0
2019-01-28 00:00:00-05:00,54.094777834646884,54.25853761526493,53.32757198939038,53.588104248046875,29334000,0.0,0.0
2019-01-29 00:00:00-05:00,53.64665507289479,53.829773118643324,52.90128746617696,53.10177230834961,19704000,0.0,0.0
2019-01-30 00:00:00-05:00,53.46404173079753,54.563734490383474,53.42831239288675,54.48780822753906,29452000,0.0,0.0
2019-01-31 00:00:00-05:00,55.19496034233582,55.96067443398866,54.84808251474567,55.87234115600586,40232000,0.0,0.0
2019-02-01 00:00:00-05:00,55.69369229446657,56.29465467435647,55.29471027760024,55.51156997680664,33116000,0.0,0.0
2019-02-04 00:00:00-05:00,55.53092465281359,56.68867709695987,55.45648632466018,56.64302062988281,78408000,0.0,0.0
2019-02-05 00:00:00-05:00,56.057941442436395,57.20626653202553,55.75870397938561,57.16160202026367,82296000,0.0,0.0
2019-02-06 00:00:00-05:00,57.03258164416233,57.26730791642464,55.49866966697885,55.723472595214844,48256000,0.0,0.0
2019-02-07 00:00:00-05:00,55.174122254739345,55.18255766508734,54.26945856973418,54.88084030151367,38298000,0.0,0.0
2019-02-08 00:00:00-05:00,54.33347390092957,54.84064348388017,54.30171617106462,54.70566177368164,21766000,0.0,0.0
2019-02-11 00:00:00-05:00,54.773646480231115,55.254018093652185,54.58755255107971,54.69275665283203,18498000,0.0,0.0
2019-02-12 00:00:00-05:00,55.13392519968207,56.21823510549405,55.13392519968207,55.956214904785156,35036000,0.0,0.0
2019-02-13 00:00:00-05:00,56.227159605716324,56.71398267481857,55.87779811887205,56.0083122253418,28042000,0.0,0.0
2019-02-14 00:00:00-05:00,55.82817773205907,56.38050398884658,55.43564342956175,56.03660202026367,21106000,0.0,0.0
2019-02-15 00:00:00-05:00,56.53782128475045,56.53782128475045,55.4172860173834,55.56169509887695,27826000,0.0,0.0
2019-02-19 00:00:00-05:00,55.41331154725843,56.05843486725791,55.41331154725843,55.90311050415039,21980000,0.0,0.0
2019-02-20 00:00:00-05:00,56.02071819231957,56.1224504380565,55.170642486836535,55.60932540893555,24090000,0.0,0.0
2019-02-21 00:00:00-05:00,55.519507922867554,55.53787046194015,54.4873060615558,54.796470642089844,33272000,0.0,0.0
2019-02-22 00:00:00-05:00,55.06891736818785,55.44358512437713,54.612367826985526,55.40934371948242,29436000,0.0,0.0
2019-02-25 00:00:00-05:00,55.67582264688323,55.84802159974305,55.287755977206764,55.447547912597656,26208000,0.0,0.0
2019-02-26 00:00:00-05:00,55.30066279110513,55.89963748185123,54.920039522350315,55.6797981262207,35026000,0.0,0.0
2019-02-27 00:00:00-05:00,55.28280191306643,55.86440603971526,55.01234630178223,55.723472595214844,22092000,0.0,0.0
2019-02-28 00:00:00-05:00,55.53042641790857,56.27430611915208,55.501148580147834,55.905094146728516,27422000,0.0,0.0
2019-03-01 00:00:00-05:00,56.12592723769561,57.0688038851908,56.12592723769561,56.995357513427734,34086000,0.0,0.0
2019-03-04 00:00:00-05:00,57.29508952199313,57.83898031923312,56.485702930902185,57.23851776123047,35490000,0.0,0.0
2019-03-05 00:00:00-05:00,57.36655601573174,58.38337505906222,57.21867509583672,58.02111053466797,40094000,0.0,0.0
2019-03-06 00:00:00-05:00,58.148645977068384,58.29652688981277,57.716410729812935,57.810203552246094,23602000,0.0,0.0
2019-03-07 00:00:00-05:00,57.58987232054816,57.74271680894225,56.657414930799895,57.11098861694336,30086000,0.0,0.0
2019-03-08 00:00:00-05:00,56.26984231087346,57.24001291977249,56.08622826804049,57.067317962646484,23694000,0.0,0.0
2019-03-11 00:00:00-04:00,57.16805429945581,58.55308958341536,57.14671589208721,58.520835876464844,30032000,0.0,0.0
2019-03-12 00:00:00-04:00,58.67169364703401,59.833413885860075,58.67169364703401,59.4135856628418,42220000,0.0,0.0
2019-03-13 00:00:00-04:00,59.84433261856899,59.90338427255776,59.4463387821069,59.5034065246582,25888000,0.0,0.0
2019-03-14 00:00:00-04:00,59.50142320150544,59.783293858123756,59.11484442416776,59.17935562133789,27302000,0.0,0.0
2019-03-15 00:00:00-04:00,59.45081390427072,59.63541612970674,58.90543128045856,59.06869888305664,51886000,0.0,0.0
2019-03-18 00:00:00-04:00,59.03842143494167,59.299449659667964,58.631000234216486,58.981849670410156,24442000,0.0,0.0
2019-03-19 00:00:00-04:00,59.139158856692326,59.71927879928031,59.02700728161701,59.67213439941406,29788000,0.0,0.0
2019-03-20 00:00:00-04:00,59.619526910163195,61.03830747817524,59.52970570265518,60.86164093017578,41508000,0.0,0.0
2019-03-21 00:00:00-04:00,60.54255467605238,61.358389019553314,60.37283559921016,61.3430061340332,28150000,0.0,0.0
2019-03-22 00:00:00-04:00,60.98173985576471,61.21894600459302,59.84780571840149,59.9296875,34422000,0.0,0.0
2019-03-25 00:00:00-04:00,59.52822388744899,60.018518852319644,59.05380778714615,59.420040130615234,27576000,0.0,0.0
2019-03-26 00:00:00-04:00,59.80761430485935,59.92969302170035,58.64490198564993,59.04587173461914,30752000,0.0,0.0
2019-03-27 00:00:00-04:00,59.14908507905514,59.14908507905514,57.7749651721613,58.45880126953125,29428000,0.0,0.0
2019-03-28 00:00:00-04:00,58.33424573270985,58.421087295493514,57.73527103686355,58.173954010009766,22402000,0.0,0.0
2019-03-29 00:00:00-04:00,58.566481099449064,58.754562704815285,57.88165688105751,58.40321731567383,30890000,0.0,0.0
2019-04-01 00:00:00-04:00,58.931726317742886,59.559978827615936,58.87317064108429,59.49943923950195,27706000,0.0,0.0
2019-04-02 00:00:00-04:00,59.55253838480203,59.838380664635665,59.115343340939816,59.824981689453125,18288000,0.0,0.0
2019-04-03 00:00:00-04:00,60.18029493005075,60.572333269355546,59.802155329903904,60.08650588989258,22180000,0.0,0.0
2019-04-04 00:00:00-04:00,60.110325075873405,60.569854275755624,59.99866947179568,60.51526641845703,21022000,0.0,0.0
2019-04-05 00:00:00-04:00,60.50782169206307,60.56191357032855,60.04779652395437,60.118263244628906,20012000,0.0,0.0
2019-04-08 00:00:00-04:00,60.101390217094846,60.24232365326811,59.78329424387949,59.96095275878906,21750000,0.0,0.0
2019-04-09 00:00:00-04:00,59.643854624563815,59.90487909395222,59.4696679375448,59.68355178833008,19668000,0.0,0.0
2019-04-10 00:00:00-04:00,59.80264919567973,59.993702900560606,59.58280984381281,59.87013626098633,15510000,0.0,0.0
2019-04-11 00:00:00-04:00,59.99171761210864,60.18227912083499,59.77535389639726,60.02595901489258,16998000,0.0,0.0
2019-04-12 00:00:00-04:00,60.32519858859302,60.69391460033964,60.20957516572621,60.678035736083984,24312000,0.0,0.0
2019-04-15 00:00:00-04:00,60.745520918072685,61.00406925558365,60.272596561487696,60.866607666015625,23796000,0.0,0.0
2019-04-16 00:00:00-04:00,61.03880973123557,61.33556730961512,60.79266839997401,61.13359451293945,22622000,0.0,0.0
2019-04-17 00:00:00-04:00,61.386187115320936,61.78815260651682,61.18272637318928,61.54201126098633,30366000,0.0,0.0
2019-04-18 00:00:00-04:00,61.783184181163996,61.829832604219995,61.50578110439343,61.608009338378906,24750000,0.0,0.0
2019-04-22 00:00:00-04:00,61.36980367920217,62.24667736726507,61.20604012372181,62.2178955078125,19084000,0.0,0.0
2019-04-23 00:00:00-04:00,62.360817611550296,63.24364683367848,62.12906722658227,63.05308532714844,31868000,0.0,0.0
2019-04-24 00:00:00-04:00,63.0530968672495,63.22231999875086,62.518141113591774,62.53004837036133,23396000,0.0,0.0
2019-04-25 00:00:00-04:00,63.038696513815154,63.16275913114883,62.428310556744194,62.891807556152344,31344000,0.0,0.0
2019-04-26 00:00:00-04:00,63.19154014016387,63.465967342647225,62.77568352459379,63.392024993896484,27228000,0.0,0.0
2019-04-29 00:00:00-04:00,63.545365145430786,64.36219903675915,63.108666103374446,64.32398223876953,72368000,0.0,0.0
2019-04-30 00:00:00-04:00,59.08507069125952,59.59868795220461,58.70643134530683,59.49844741821289,133178000,0.0,0.0
2019-05-01 00:00:00-04:00,59.4259960943342,59.51284144439897,58.144676967482674,58.2260627746582,74340000,0.0,0.0
2019-05-02 00:00:00-04:00,58.19033588006245,58.52679442258354,57.482185432841945,57.888118743896484,45098000,0.0,0.0
2019-05-03 00:00:00-04:00,58.429020984533544,59.12327637113165,58.237471315699175,59.031471252441406,41588000,0.0,0.0
2019-05-06 00:00:00-04:00,58.16055802052,59.323274111682785,58.11887315958226,59.22551345825195,31774000,0.0,0.0
2019-05-07 00:00:00-04:00,58.845874282849785,59.29051274028248,57.81317647726565,58.500980377197266,36604000,0.0,0.0
2019-05-08 00:00:00-04:00,58.42306948603235,58.76945512946755,57.94369362397736,58.100013732910156,25520000,0.0,0.0
2019-05-09 00:00:00-04:00,57.694079675982636,58.26327674387024,57.299061704059284,57.96056365966797,29556000,0.0,0.0
2019-05-10 00:00:00-04:00,58.00374239955809,58.3729506059401,56.88866675392275,57.944190979003906,31650000,0.0,0.0
2019-05-13 00:00:00-04:00,56.83259114889159,57.166565996341326,55.85299318344786,56.4033317565918,45626000,0.0,0.0
2019-05-14 00:00:00-04:00,56.68768240154964,56.81422490303131,55.755225112335225,55.82122802734375,40392000,0.0,0.0
2019-05-15 00:00:00-04:00,55.706594780540094,58.473193404251774,55.64952703697073,58.10100555419922,59302000,0.0,0.0
2019-05-16 00:00:00-04:00,58.152612216792654,59.26024434993122,57.98438485774405,58.78086471557617,35308000,0.0,0.0
2019-05-17 00:00:00-04:00,58.35061659974741,58.869693387821954,57.883643988575166,58.00075912475586,25362000,0.0,0.0
2019-05-20 00:00:00-04:00,57.217682845355235,57.217682845355235,56.48025458906698,56.803810119628906,30602000,0.0,0.0
2019-05-21 00:00:00-04:00,57.29112652024029,57.46580917920083,56.73681631931188,57.28914260864258,20562000,0.0,0.0
2019-05-22 00:00:00-04:00,57.130837017392196,57.752638056558965,57.11842999806387,57.35911178588867,18826000,0.0,0.0
2019-05-23 00:00:00-04:00,56.873780219049515,57.071285427584336,56.23312066384092,56.83755111694336,25214000,0.0,0.0
2019-05-24 00:00:00-04:00,57.16805220096117,57.28516734129185,56.4092855711958,56.50357437133789,18554000,0.0,0.0
2019-05-28 00:00:00-04:00,56.64600479427791,57.390876540823676,56.50655549256968,56.550724029541016,20948000,0.0,0.0
2019-05-29 00:00:00-04:00,56.21028824722078,56.324427519527866,55.180570051498236,55.57707595825195,36230000,0.0,0.0
2019-05-30 00:00:00-04:00,55.587497126280056,55.91750414928831,55.37658915817779,55.6500244140625,18088000,0.0,0.0
2019-05-31 00:00:00-04:00,54.86743747559679,55.25252453201234,54.753794181505,54.91011428833008,31582000,0.0,0.0
2019-06-03 00:00:00-04:00,52.946457664546436,52.94992951003201,50.966419129641345,51.54752731323242,96890000,0.0,0.0
2019-06-04 00:00:00-04:00,51.832858772888834,52.525130227612316,51.41303058523407,52.32910919189453,60512000,0.0,0.0
2019-06-05 00:00:00-04:00,52.354422337948215,52.44424354800819,51.26267286524235,51.84030532836914,46988000,0.0,0.0
2019-06-06 00:00:00-04:00,51.918221858095734,52.10629969708444,51.38723400310241,51.995140075683594,29020000,0.0,0.0
2019-06-07 00:00:00-04:00,52.31869855805791,53.26901872256651,52.16337039437409,53.017913818359375,43828000,0.0,0.0
2019-06-10 00:00:00-04:00,53.44617144683089,54.331484331208706,53.36081782409409,53.73201370239258,28510000,0.0,0.0
2019-06-11 00:00:00-04:00,54.43818384060775,54.786553427555084,53.57371705136141,53.646663665771484,33508000,0.0,0.0
2019-06-12 00:00:00-04:00,53.59256917046261,53.72010362901701,53.078948132983314,53.55038833618164,23670000,0.0,0.0
2019-06-13 00:00:00-04:00,53.82878583415128,54.41832937159558,53.722589776777944,54.141422271728516,20814000,0.0,0.0
2019-06-14 00:00:00-04:00,54.07839535714609,54.32751253464041,53.66849427776035,53.907684326171875,24582000,0.0,0.0
2019-06-17 00:00:00-04:00,54.04664158720511,54.651072036648614,53.99205373152484,54.28434371948242,19770000,0.0,0.0
2019-06-18 00:00:00-04:00,55.158240104858095,55.51950886943129,54.62675627931569,54.84758758544922,34526000,0.0,0.0
2019-06-19 00:00:00-04:00,54.9468370875542,55.05551681990926,54.39053921490505,54.81135940551758,26714000,0.0,0.0
2019-06-20 00:00:00-04:00,55.66441160911046,55.715031638268655,54.934922847847666,55.24259948730469,24018000,0.0,0.0
2019-06-21 00:00:00-04:00,55.07685284867732,55.906086175008376,55.06990537261878,55.84653854370117,50774000,0.0,0.0
2019-06-24 00:00:00-04:00,55.580057676501916,55.75722023102869,55.24806671805109,55.41629409790039,24236000,0.0,0.0
2019-06-25 00:00:00-04:00,55.335895367610604,55.3666611379772,53.82332197509087,53.97120666503906,31644000,0.0,0.0
2019-06-26 00:00:00-04:00,54.140923457310606,54.34537991528839,53.28191631927332,53.61092758178711,34698000,0.0,0.0
2019-06-27 00:00:00-04:00,53.9300204660367,54.01487811376861,53.38910549375229,53.42781448364258,24078000,0.0,0.0
2019-06-28 00:00:00-04:00,53.45759383221051,53.734004974365234,53.28737875517691,53.734004974365234,33672000,0.0,0.0
2019-07-01 00:00:00-04:00,54.63916313596366,55.01383468609261,54.35580452486069,54.587554931640625,29196000,0.0,0.0
2019-07-02 00:00:00-04:00,54.82724275399014,55.22722052062033,54.571178081216495,55.21282958984375,20630000,0.0,0.0
2019-07-03 00:00:00-04:00,55.50561650228309,55.976560761147326,55.32448613369188,55.72843551635742,20154000,0.0,0.0
2019-07-05 00:00:00-04:00,55.54878723421806,56.307057893583014,55.45599015285598,56.20880126953125,29794000,0.0,0.0
2019-07-08 00:00:00-04:00,55.87135130201756,55.93785019845802,55.171144122246865,55.42075729370117,29888000,0.0,0.0
2019-07-09 00:00:00-04:00,55.09967859618882,55.97010457775343,54.942366537807125,55.79294204711914,29472000,0.0,0.0
2019-07-10 00:00:00-04:00,56.19143041409027,56.68867280509499,56.10905266009297,56.61771011352539,30710000,0.0,0.0
2019-07-11 00:00:00-04:00,56.87824078481194,57.22958619761573,56.549229519899086,56.775020599365234,26004000,0.0,0.0
2019-07-12 00:00:00-04:00,56.71795608325862,56.944742917427156,56.5010963789597,56.83755111694336,21878000,0.0,0.0
2019-07-15 00:00:00-04:00,56.83755177030159,57.10255162116014,56.5725557055338,57.0941162109375,21164000,0.0,0.0
2019-07-16 00:00:00-04:00,56.906526603224165,57.49458596594316,56.906526603224165,57.24050521850586,25352000,0.0,0.0
2019-07-17 00:00:00-04:00,57.11445670268782,57.487636486009706,56.90106886339431,56.90702438354492,19538000,0.0,0.0
2019-07-18 00:00:00-04:00,56.671802710632605,56.97799143438814,56.21823283580338,56.93183898925781,25450000,0.0,0.0
2019-07-19 00:00:00-04:00,57.03506229909685,57.147213882726206,56.13833803578368,56.15322494506836,23184000,0.0,0.0
2019-07-22 00:00:00-04:00,56.34775013685135,56.57354500725381,55.838600460858665,56.533348083496094,28914000,0.0,0.0
2019-07-23 00:00:00-04:00,56.7437634955171,57.012235195228826,56.21773918200493,56.97203826904297,20648000,0.0,0.0
2019-07-24 00:00:00-04:00,56.206321153848776,56.84350506009228,56.00236066629564,56.55915451049805,27192000,0.0,0.0
2019-07-25 00:00:00-04:00,56.52044734299529,56.75070980948168,55.76416435986441,56.37107849121094,54762000,0.0,0.0
2019-07-26 00:00:00-04:00,60.93955835741268,62.94391091786699,60.93955835741268,61.79410171508789,121216000,0.0,0.0
2019-07-29 00:00:00-04:00,61.65912294737773,61.98119054293162,61.04873318310525,61.62636947631836,41382000,0.0,0.0
2019-07-30 00:00:00-04:00,60.88993186007591,61.38171853493081,60.806562143614634,60.93955993652344,28616000,0.0,0.0
2019-07-31 00:00:00-04:00,60.78423461812994,61.28246902864512,59.95599317150628,60.4532356262207,39960000,0.0,0.0
2019-08-01 00:00:00-04:00,60.42494580862854,61.351443824494446,59.897429805871845,60.134639739990234,35426000,0.0,0.0
2019-08-02 00:00:00-04:00,59.69893422702038,60.02149400997808,59.05380708892359,59.36743927001953,34910000,0.0,0.0
2019-08-05 00:00:00-04:00,58.208691146682185,58.40272829512704,56.70902440596299,57.30452346801758,47840000,0.0,0.0
2019-08-06 00:00:00-04:00,57.83898734854081,58.62703184457215,57.64098237571722,58.11490249633789,36014000,0.0,0.0
2019-08-07 00:00:00-04:00,57.455875700470024,58.55110079193506,57.11048581608974,58.35458755493164,30686000,0.0,0.0
2019-08-08 00:00:00-04:00,58.87664505680203,59.86170257050078,58.25980758304627,59.85723876953125,30116000,0.0,0.0
2019-08-09 00:00:00-04:00,59.54956418323278,59.771387460692296,58.80022486609972,58.99922180175781,20418000,0.0,0.0
2019-08-12 00:00:00-04:00,58.5575538283192,58.83594885008432,57.997784131552514,58.28461456298828,22064000,0.0,0.0
2019-08-13 00:00:00-04:00,58.27717122757567,59.81951849658045,58.209684163982665,59.387779235839844,28434000,0.0,0.0
2019-08-14 00:00:00-04:00,58.362526641457315,58.69600548341399,57.61815098115511,57.77595901489258,35430000,0.0,0.0
2019-08-15 00:00:00-04:00,57.9833964394035,58.37989857697073,57.71393279011932,58.02756118774414,28506000,0.0,0.0
2019-08-16 00:00:00-04:00,58.596754808410694,58.7481113386878,58.2101760625332,58.51834487915039,24916000,0.0,0.0
2019-08-19 00:00:00-04:00,59.144620092536506,60.016038082984736,59.07365739481806,59.57189178466797,24450000,0.0,0.0
2019-08-20 00:00:00-04:00,59.31930231899427,59.45080839192116,58.70891256914688,58.732730865478516,20206000,0.0,0.0
2019-08-21 00:00:00-04:00,59.342629412494915,59.57785167184377,58.95059105154985,59.13221740722656,14152000,0.0,0.0
2019-08-22 00:00:00-04:00,59.24237784247647,59.48951111379449,58.50346170389062,59.129234313964844,17352000,0.0,0.0
2019-08-23 00:00:00-04:00,58.81412126647175,59.33518582013697,57.068809058396305,57.24646759033203,36254000,0.0,0.0
2019-08-26 00:00:00-04:00,57.537761518563784,58.153607029039634,57.30948675302142,58.1198616027832,21166000,0.0,0.0
2019-08-27 00:00:00-04:00,58.70643159354652,58.805680172227966,57.791344856628456,58.10199737548828,23460000,0.0,0.0
2019-08-28 00:00:00-04:00,57.80672772087879,58.48311659031229,57.577461005391356,58.247398376464844,16810000,0.0,0.0
2019-08-29 00:00:00-04:00,58.87614687758333,59.5098589340244,58.81957511202527,59.264217376708984,19636000,0.0,0.0
2019-08-30 00:00:00-04:00,59.56742773091327,59.56742773091327,58.84141077023284,59.080108642578125,18064000,0.0,0.0
2019-09-03 00:00:00-04:00,58.64936072126614,59.008149599886224,57.74916466854388,58.03897476196289,25908000,0.0,0.0
2019-09-04 00:00:00-04:00,58.53025887269184,58.799722502190875,58.13722860917999,58.67020034790039,21312000,0.0,0.0
2019-09-05 00:00:00-04:00,59.23543299199942,60.244808550216014,59.18729663524469,60.15498733520508,26394000,0.0,0.0
2019-09-06 00:00:00-04:00,60.00362708254267,60.192696866650635,59.71182930668091,59.863685607910156,18972000,0.0,0.0
2019-09-09 00:00:00-04:00,59.9013980515206,60.56984745309452,59.21111426670487,59.81157684326172,31854000,0.0,0.0
2019-09-10 00:00:00-04:00,59.356020306997124,60.0463041034778,59.352048698117684,59.832916259765625,27922000,0.0,0.0
2019-09-11 00:00:00-04:00,59.74309723285985,60.66513144541207,59.663199363226745,60.54255676269531,23522000,0.0,0.0
2019-09-12 00:00:00-04:00,60.71476113861916,61.655154188121536,60.66960064609169,61.28544998168945,31644000,0.0,0.0
2019-09-13 00:00:00-04:00,61.14351452746078,61.58716483025713,60.89390136458125,61.53654479980469,23676000,0.0,0.0
2019-09-16 00:00:00-04:00,61.06064212934276,61.4864258802319,60.80010987565315,61.11969757080078,28218000,0.0,0.0
2019-09-17 00:00:00-04:00,61.119701339497205,61.286936758492395,60.70880447158138,61.03285598754883,20806000,0.0,0.0
2019-09-18 00:00:00-04:00,61.050715949239574,61.34846545986885,60.367379629726905,61.170310974121094,17440000,0.0,0.0
2019-09-19 00:00:00-04:00,61.15393834771832,61.750429346275254,61.153442369852456,61.473026275634766,16554000,0.0,0.0
2019-09-20 00:00:00-04:00,61.21943851986746,61.67400410484187,60.720212212596586,61.03086471557617,37692000,0.0,0.0
2019-09-23 00:00:00-04:00,60.86859560962073,61.51918230832186,60.73014205515717,61.27155303955078,20798000,0.0,0.0
2019-09-24 00:00:00-04:00,61.535064887082044,61.88789828220672,60.078074834871074,60.45969009399414,35804000,0.0,0.0
2019-09-25 00:00:00-04:00,60.34455437030646,61.93305417641819,60.00660791020394,61.829833984375,26798000,0.0,0.0
2019-09-26 00:00:00-04:00,61.64125344535884,61.76680778075008,61.129124118688836,61.64869689941406,23166000,0.0,0.0
2019-09-27 00:00:00-04:00,61.6754983898568,61.78269019215181,60.30435804001419,60.83782958984375,34122000,0.0,0.0
2019-09-30 00:00:00-04:00,60.572330773891714,60.91027722067132,60.2160255738023,60.59912872314453,24470000,0.0,0.0
2019-10-01 00:00:00-04:00,60.666126932569135,61.180739967134514,59.82547847431544,59.847808837890625,24504000,0.0,0.0
2019-10-02 00:00:00-04:00,59.37636846440927,59.48852003887032,58.19181809812556,58.4543342590332,33030000,0.0,0.0
2019-10-03 00:00:00-04:00,58.72330321156918,59.10343049789209,57.720878923332165,59.02552032470703,28368000,0.0,0.0
2019-10-04 00:00:00-04:00,59.26669514408734,60.16838287393575,59.10193963198159,60.09394454956055,24282000,0.0,0.0
2019-10-07 00:00:00-04:00,59.897429903730114,60.48846514938345,59.76641981061871,59.9594612121582,17040000,0.0,0.0
2019-10-08 00:00:00-04:00,59.48901657316592,59.89097823911531,59.027999466165745,59.06025695800781,20086000,0.0,0.0
2019-10-09 00:00:00-04:00,59.6160589862627,59.96988429727848,59.45675922423016,59.66915512084961,15948000,0.0,0.0
2019-10-10 00:00:00-04:00,59.48058101672487,60.32519724822251,59.443859724165584,60.02000427246094,12842000,0.0,0.0
2019-10-11 00:00:00-04:00,60.74254689680836,60.97677718184017,60.22694192579406,60.32966613769531,22330000,0.0,0.0
2019-10-14 00:00:00-04:00,60.239346974498716,60.834350033369816,60.13960241921279,60.43189239501953,13296000,0.0,0.0
2019-10-15 00:00:00-04:00,60.61699512250634,61.88888303633193,60.58821326185716,61.646217346191406,27584000,0.0,0.0
2019-10-16 00:00:00-04:00,61.62487781814139,62.239235368386765,61.46210621454887,61.68393325805664,22986000,0.0,0.0
2019-10-17 00:00:00-04:00,62.100786616671584,62.71365628063968,62.024860351544284,62.17026138305664,20958000,0.0,0.0
2019-10-18 00:00:00-04:00,62.26405552353277,62.433770833812865,61.542010129709624,61.753910064697266,31624000,0.0,0.0
2019-10-21 00:00:00-04:00,61.966795147808796,62.205489221809074,61.53455991481383,61.74745178222656,18094000,0.0,0.0
2019-10-22 00:00:00-04:00,61.75737612513315,61.96828408455127,61.527613434843985,61.594608306884766,22862000,0.0,0.0
2019-10-23 00:00:00-04:00,61.54548351305433,62.4302967080527,61.54548351305433,62.409950256347656,21282000,0.0,0.0
2019-10-24 00:00:00-04:00,62.4833984375,62.67147628716954,62.14793185665674,62.4833984375,20224000,0.0,0.0
2019-10-25 00:00:00-04:00,62.13055797308663,62.924561762183096,61.989128556438885,62.74094772338867,27104000,0.0,0.0
2019-10-28 00:00:00-04:00,63.271931165928116,64.4748402346858,63.13844119071029,63.9656867980957,65428000,0.0,0.0
2019-10-29 00:00:00-04:00,63.32155299915998,63.559754867258036,62.30969766322395,62.560306549072266,52654000,0.0,0.0
2019-10-30 00:00:00-04:00,62.286878653382274,62.92555429284906,62.0635674519653,62.56229782104492,29204000,0.0,0.0
2019-10-31 00:00:00-04:00,62.52755373350321,62.85110922357382,62.00549731563199,62.46800231933594,31904000,0.0,0.0
2019-11-01 00:00:00-04:00,62.8153838353089,63.17268477057608,62.51316673112723,63.13546371459961,28812000,0.0,0.0
2019-11-04 00:00:00-05:00,63.32701472229099,64.1403691605057,63.32701472229099,63.996952056884766,30632000,0.0,0.0
2019-11-05 00:00:00-05:00,64.07585751373018,64.3755947325822,63.98554410909074,64.0877685546875,25148000,0.0,0.0
2019-11-06 00:00:00-05:00,64.02077645871792,64.16468575930595,63.63270975280702,64.0664291381836,24626000,0.0,0.0
2019-11-07 00:00:00-05:00,64.22870020115927,65.6365655154242,64.20240201673944,64.8569564819336,45140000,0.0,0.0
2019-11-08 00:00:00-05:00,64.58799443261223,65.36165184435728,64.58799443261223,64.95919036865234,30392000,0.0,0.0
2019-11-11 00:00:00-05:00,64.71105107196551,64.75571936416215,64.3076053000996,64.42720031738281,17234000,0.0,0.0
2019-11-12 00:00:00-05:00,64.44159821603563,64.97655770642851,64.22672241687813,64.37410736083984,28852000,0.0,0.0
2019-11-13 00:00:00-05:00,64.17412137638439,64.63762220937356,64.12300914781964,64.322998046875,20538000,0.0,0.0
2019-11-14 00:00:00-05:00,64.26443792254808,65.29267201875889,64.21183397776251,64.96662902832031,28948000,0.0,0.0
2019-11-15 00:00:00-05:00,65.25941254214587,66.1769790649414,65.10259268766069,66.1769790649414,39286000,0.0,0.0
2019-11-18 00:00:00-05:00,66.11742915048329,66.19583908399201,65.31449780142827,65.49711608886719,27984000,0.0,0.0
2019-11-19 00:00:00-05:00,65.83407592862483,65.83407592862483,65.09665145673138,65.13734436035156,21864000,0.0,0.0
2019-11-20 00:00:00-05:00,65.07630246017649,65.16810758563217,63.97710948579548,64.60486602783203,28892000,0.0,0.0
2019-11-21 00:00:00-05:00,64.47533983135945,65.06438734597921,64.05352392914187,64.5195083618164,25546000,0.0,0.0
2019-11-22 00:00:00-05:00,64.66144160145485,64.85497899337908,63.984556707621046,64.19844055175781,27776000,0.0,0.0
2019-11-25 00:00:00-05:00,64.32697278344668,65.02916393054878,64.29471528841627,64.79244995117188,23590000,0.0,0.0
2019-11-26 00:00:00-05:00,65.00434009297838,65.20780459082586,64.713045870139,65.15768432617188,21910000,0.0,0.0
2019-11-27 00:00:00-05:00,65.27778094932138,65.38794861074426,64.98251132326297,65.11450958251953,18808000,0.0,0.0
2019-11-29 00:00:00-05:00,64.8400851416472,65.006324800764,64.67284595465377,64.71552276611328,12802000,0.0,0.0
2019-12-02 00:00:00-05:00,64.63960041458883,64.78252533740228,63.5389157070264,63.959739685058594,26538000,0.0,0.0
2019-12-03 00:00:00-05:00,63.45355436186496,64.37509629118345,63.37366028625145,64.25152587890625,25270000,0.0,0.0
2019-12-04 00:00:00-05:00,64.81526974961815,65.71695745819278,64.66390942910238,65.45245361328125,35506000,0.0,0.0
2019-12-05 00:00:00-05:00,65.85243251978387,65.90106863745048,65.22319186246219,65.85044860839844,24408000,0.0,0.0
2019-12-06 00:00:00-05:00,66.13777413827592,66.62012962490077,66.06234764572054,66.46728515625,32968000,0.0,0.0
2019-12-09 00:00:00-05:00,66.4410016277124,67.36849553710647,66.30254427196631,66.64595031738281,30842000,0.0,0.0
2019-12-10 00:00:00-05:00,66.49459059389076,66.89456837249547,66.19981313481495,66.64098358154297,17606000,0.0,0.0
2019-12-11 00:00:00-05:00,66.90945404695505,66.98835617819118,66.55215309066824,66.7084732055664,20480000,0.0,0.0
2019-12-12 00:00:00-05:00,66.65684887061983,67.22108229845031,66.40823148145861,66.91886901855469,29114000,0.0,0.0
2019-12-13 00:00:00-05:00,66.88959794149217,67.06080496049667,66.57994115975089,66.83848571777344,33170000,0.0,0.0
2019-12-16 00:00:00-05:00,67.24194436457637,67.66524447622663,67.02409269178868,67.52481079101562,28128000,0.0,0.0
2019-12-17 00:00:00-05:00,67.60966820159027,67.70494897121948,67.03203184854294,67.23648834228516,32948000,0.0,0.0
2019-12-18 00:00:00-05:00,67.34120066026632,67.46178767056288,67.01665690759376,67.08860778808594,23330000,0.0,0.0
2019-12-19 00:00:00-05:00,67.08858973815528,67.36748829817319,66.93177744777162,67.31339263916016,28922000,0.0,0.0
2019-12-20 00:00:00-05:00,67.64389911091128,67.68855983506695,67.03003753311336,67.05435180664062,50090000,0.0,0.0
2019-12-23 00:00:00-05:00,67.42703948197932,67.58186786917857,66.89456370617594,67.02507781982422,19936000,0.0,0.0
2019-12-24 00:00:00-05:00,67.00422616501139,67.09355517833812,66.70449654438652,66.71739196777344,13468000,0.0,0.0
2019-12-26 00:00:00-05:00,66.82259684964178,67.64885800412652,66.7709848696846,67.61262512207031,23662000,0.0,0.0
2019-12-27 00:00:00-05:00,67.6885604829738,67.83992081252498,67.14268951409021,67.22407531738281,23212000,0.0,0.0
2019-12-30 00:00:00-05:00,67.33176120761757,67.34118857344946,66.39037247271645,66.48316955566406,19994000,0.0,0.0
2019-12-31 00:00:00-05:00,66.28863469556742,66.53030841671966,66.10700836784599,66.46728515625,19514000,0.0,0.0
2020-01-02 00:00:00-05:00,66.91490324811264,67.9207992553711,66.81962250301638,67.9207992553711,27278000,0.0,0.0
2020-01-03 00:00:00-05:00,66.89457272632518,68.17241632220487,66.86082351055772,67.56549835205078,23408000,0.0,0.0
2020-01-06 00:00:00-05:00,67.07469616252293,69.3916926420359,67.0434381998988,69.36638641357422,46768000,0.0,0.0
2020-01-07 00:00:00-05:00,69.49790245994367,69.64876304104823,69.05623980301026,69.23240661621094,34330000,0.0,0.0
2020-01-08 00:00:00-05:00,69.21801197598803,70.0631280606545,69.10933602043706,69.72518157958984,35314000,0.0,0.0
2020-01-09 00:00:00-05:00,70.56333795807842,70.8983085315508,69.98173387535881,70.45714569091797,33200000,0.0,0.0
2020-01-10 00:00:00-05:00,70.93752236021759,71.20896992621299,70.44772336560568,70.9122085571289,26258000,0.0,0.0
2020-01-13 00:00:00-05:00,71.22434937620667,71.53351398026712,70.73405818738722,71.46156311035156,30730000,0.0,0.0
2020-01-14 00:00:00-05:00,71.46006422047215,71.5905783300735,70.85314635097474,70.99309539794922,26076000,0.0,0.0
2020-01-15 00:00:00-05:00,71.11367588079757,71.49876667630856,71.0461850388047,71.42035675048828,21550000,0.0,0.0
2020-01-16 00:00:00-05:00,71.73051821248909,71.991054234151,71.46006263409811,71.9642562866211,26080000,0.0,0.0
2020-01-17 00:00:00-05:00,72.57861703888604,73.47236161437567,72.28136348423534,73.42124938964844,52424000,0.0,0.0
2020-01-21 00:00:00-05:00,73.39545232281576,73.93537921396435,72.95924918566347,73.5567398071289,48930000,0.0,0.0
2020-01-22 00:00:00-05:00,73.92793275973034,74.46636033692931,73.5770832763965,73.63712310791016,28458000,0.0,0.0
2020-01-23 00:00:00-05:00,73.81975128317777,74.11502095938191,73.46095856974544,73.67781829833984,26650000,0.0,0.0
2020-01-24 00:00:00-05:00,74.08126273759932,74.1497455459025,72.61037407881075,72.75875854492188,29786000,0.0,0.0
2020-01-27 00:00:00-05:00,71.04024762156224,71.29035678349074,70.44275705144024,71.04967498779297,34132000,0.0,0.0
2020-01-28 00:00:00-05:00,71.54642116350121,72.19452422773547,70.98168782396866,71.98114013671875,29724000,0.0,0.0
2020-01-29 00:00:00-05:00,72.37614063669027,72.65801507586868,71.72754546979097,72.28880310058594,21566000,0.0,0.0
2020-01-30 00:00:00-05:00,71.36577389032585,72.21684156955847,71.2119374669288,72.16722106933594,27110000,0.0,0.0
2020-01-31 00:00:00-05:00,72.842628440091,72.93244966534068,70.81792535833127,71.1017837524414,43822000,0.0,0.0
2020-02-03 00:00:00-05:00,72.53443622934418,73.75769921758885,72.28432711867222,73.57408142089844,71636000,0.0,0.0
2020-02-04 00:00:00-05:00,72.17914397442904,72.81682013376593,70.56831370623127,71.72854614257812,95880000,0.0,0.0
2020-02-05 00:00:00-05:00,72.63170618173763,72.67984253452366,70.94793336208039,71.76029205322266,36376000,0.0,0.0
2020-02-06 00:00:00-05:00,72.05456565445883,73.52247823589383,71.98013112225189,73.24507141113281,37822000,0.0,0.0
2020-02-07 00:00:00-05:00,72.81931282925349,73.70561412082363,72.72105618397926,73.40091705322266,28360000,0.0,0.0
2020-02-10 00:00:00-05:00,73.30762192172601,74.87825154536428,73.20688160848441,74.8673324584961,38302000,0.0,0.0
2020-02-11 00:00:00-05:00,75.09610172081878,75.92037918006768,74.70803495822373,74.93680572509766,34852000,0.0,0.0
2020-02-12 00:00:00-05:00,75.22462568128545,75.44496101891976,74.86782448844302,75.36209106445312,31042000,0.0,0.0
2020-02-13 00:00:00-05:00,74.93381963355475,75.72533972486248,74.63606632799268,75.10205078125,22914000,0.0,0.0
2020-02-14 00:00:00-05:00,75.15862587664202,75.43255711257372,74.71298785427767,75.36705017089844,23198000,0.0,0.0
2020-02-18 00:00:00-05:00,75.14920530095509,75.95412068903994,74.98394999818117,75.40229034423828,25642000,0.0,0.0
2020-02-19 00:00:00-05:00,75.7873725080763,75.9630471132219,75.47870768352672,75.67174530029297,22746000,0.0,0.0
2020-02-20 00:00:00-05:00,75.38094121635825,75.78091896387954,74.64896876279927,75.28070068359375,25962000,0.0,0.0
2020-02-21 00:00:00-05:00,74.66484088299715,74.98095669681864,73.37012676714123,73.61676025390625,42520000,0.0,0.0
2020-02-24 00:00:00-05:00,70.61892109008193,71.28042685845558,69.81202186636781,70.46061706542969,49560000,0.0,0.0
2020-02-25 00:00:00-05:00,71.01345207622762,71.30375438851503,68.50341762530834,68.79620361328125,51580000,0.0,0.0
2020-02-26 00:00:00-05:00,69.22594718689604,70.15344093186029,68.31135643850625,69.00213623046875,49776000,0.0,0.0
2020-02-27 00:00:00-05:00,67.4473896252563,67.95654311110967,65.21922220576265,65.25445556640625,62290000,0.0,0.0
2020-02-28 00:00:00-05:00,63.23769763901328,66.61914625982655,62.934984529715464,66.4603500366211,80198000,0.0,0.0
2020-03-02 00:00:00-05:00,67.06280243372319,68.85326757659175,65.76312069292557,68.79620361328125,55430000,0.0,0.0
2020-03-03 00:00:00-05:00,69.3599333673379,69.88149002953965,65.9635907304917,66.38441467285156,56602000,0.0,0.0
2020-03-04 00:00:00-05:00,67.4384436314038,68.6205139833395,66.34867815746905,68.56195831298828,47598000,0.0,0.0
2020-03-05 00:00:00-05:00,66.77297041597613,67.17394765388372,64.5939392228994,65.2450180053711,54380000,0.0,0.0
2020-03-06 00:00:00-05:00,63.02132406345207,64.64902106500841,62.38909999241039,64.30115509033203,64640000,0.0,0.0
2020-03-09 00:00:00-04:00,59.796201666927104,62.16679053047271,59.45279565268837,60.333641052246094,69252000,0.0,0.0
2020-03-10 00:00:00-04:00,62.249166437969265,63.3141180465607,60.27011622097382,63.280372619628906,54872000,0.0,0.0
2020-03-11 00:00:00-04:00,61.9454606818698,62.37521226684703,59.11037916246386,60.09096908569336,54732000,0.0,0.0
2020-03-12 00:00:00-04:00,55.710067367843244,58.99177101016054,55.00787254144613,55.16071701049805,94326000,0.0,0.0
2020-03-13 00:00:00-04:00,58.308932915533035,60.26465691209083,55.19744041947914,60.25820541381836,79400000,0.0,0.0
2020-03-16 00:00:00-04:00,54.071942763433945,56.84399695833139,52.95389135443465,53.24767303466797,96520000,0.0,0.0
2020-03-17 00:00:00-04:00,54.12306272429023,55.87780214419819,52.06163860584557,55.48377990722656,83194000,0.0,0.0
2020-03-18 00:00:00-04:00,52.59956987937254,54.835176710600784,51.46116823932487,54.150352478027344,93044000,0.0,0.0
2020-03-19 00:00:00-04:00,54.00296014841746,57.19831794729275,52.38171094521785,55.16666793823242,74064000,0.0,0.0
2020-03-20 00:00:00-04:00,56.120960417669764,56.49711985632716,52.706758754959296,53.00996780395508,82878000,0.0,0.0
2020-03-23 00:00:00-04:00,52.422412216355276,52.94546064378,50.06522244779054,52.31125259399414,83672000,0.0,0.0
2020-03-24 00:00:00-04:00,54.78506285069466,56.24155682605298,53.9141408183896,56.07680130004883,72468000,0.0,0.0
2020-03-25 00:00:00-04:00,55.807335766211146,56.87873884091762,53.74442370156079,54.667945861816406,90324000,0.0,0.0
2020-03-26 00:00:00-04:00,55.318030110125996,58.13474890041743,54.19203923465437,57.709957122802734,76562000,0.0,0.0
2020-03-27 00:00:00-04:00,55.950749927564374,57.12090932887696,54.78605006867187,55.096702575683594,62794000,0.0,0.0
2020-03-30 00:00:00-04:00,56.207312192064094,57.1184273116547,54.51261641318761,56.885684967041016,58736000,0.0,0.0
2020-03-31 00:00:00-04:00,57.00578461859055,58.230032247878725,56.409785764989586,57.661827087402344,65228000,0.0,0.0
2020-04-01 00:00:00-04:00,55.778546811008695,56.04751444221686,54.264485569081124,54.69175720214844,51970000,0.0,0.0
2020-04-02 00:00:00-04:00,54.58755830148699,55.71752097034887,54.24663594411396,55.432674407958984,56410000,0.0,0.0
2020-04-03 00:00:00-04:00,55.31753769881237,55.520006471483256,53.35089831480392,54.22528839111328,51374000,0.0,0.0
2020-04-06 00:00:00-04:00,56.22518244004085,59.09102601174513,55.82818053071941,58.71586227416992,63320000,0.0,0.0
2020-04-07 00:00:00-04:00,60.394179822540586,60.58126950041357,58.421088880395914,58.68459701538086,61620000,0.0,0.0
2020-04-08 00:00:00-04:00,59.703893038845585,60.28946874689685,58.75357293120654,59.897430419921875,40334000,0.0,0.0
2020-04-09 00:00:00-04:00,60.45223548466913,60.64130526356233,59.17389237351014,59.8760871887207,54028000,0.0,0.0
2020-04-13 00:00:00-04:00,59.62449181891167,60.270610868569676,58.67317980519801,60.066650390625,38702000,0.0,0.0
2020-04-14 00:00:00-04:00,61.533568790759,63.309150595298796,60.96635185248098,62.7870979309082,63358000,0.0,0.0
2020-04-15 00:00:00-04:00,61.858118318287886,63.277394976794355,61.2373092479215,62.39357376098633,42236000,0.0,0.0
2020-04-16 00:00:00-04:00,62.881880136039015,63.19054874433473,61.44573267770072,62.400020599365234,57896000,0.0,0.0
2020-04-17 00:00:00-04:00,63.60442205768856,64.01631085791675,62.825308968458316,63.470436096191406,51050000,0.0,0.0
2020-04-20 00:00:00-04:00,63.01834841560059,63.362250375613705,62.35089094601759,62.584625244140625,35292000,0.0,0.0
2020-04-21 00:00:00-04:00,61.669544964144556,62.03130971478895,59.79818256505655,60.153499603271484,49648000,0.0,0.0
2020-04-22 00:00:00-04:00,61.590139235921335,63.51410167305656,61.396105886699345,62.44865417480469,46296000,0.0,0.0
2020-04-23 00:00:00-04:00,62.81240358554889,63.92450330392023,62.553859038058,63.08186721801758,34202000,0.0,0.0
2020-04-24 00:00:00-04:00,62.27943458992633,63.40642126585509,61.73355982484232,63.35133743286133,37402000,0.0,0.0
2020-04-27 00:00:00-04:00,64.11555518415383,64.21977110807052,62.77865638075434,63.06648254394531,44186000,0.0,0.0
2020-04-28 00:00:00-04:00,63.678865309374004,63.75627571988888,61.05766763555547,61.16733932495117,80700000,0.0,0.0
2020-04-29 00:00:00-04:00,66.74569252820935,67.49751173595581,65.83904492056368,66.60575103759766,108358000,0.0,0.0
2020-04-30 00:00:00-04:00,66.06880865105774,66.99381881368947,65.57950183208328,66.8300552368164,55842000,0.0,0.0
2020-05-01 00:00:00-04:00,65.70802521248906,67.064778326554,64.99193919376505,65.37206268310547,48872000,0.0,0.0
2020-05-04 00:00:00-04:00,64.91601469955403,65.72688930286978,64.31455634139917,65.64897155761719,30806000,0.0,0.0
2020-05-05 00:00:00-04:00,66.37349822196448,68.03643246348844,66.25092732812242,66.94517517089844,39666000,0.0,0.0
2020-05-06 00:00:00-04:00,67.39080984704172,67.92130167738333,66.75213427208723,66.76702117919922,31732000,0.0,0.0
2020-05-07 00:00:00-04:00,67.55507422258476,68.28407086121807,67.11986308544923,67.9505844116211,30652000,0.0,0.0
2020-05-08 00:00:00-04:00,68.57289006017024,69.3083306365863,68.08606692584334,68.69794464111328,33326000,0.0,0.0
2020-05-11 00:00:00-04:00,68.32327341716166,70.24574435202634,68.25925819267765,69.6532211303711,32718000,0.0,0.0
2020-05-12 00:00:00-04:00,69.88298973182424,70.18619502601786,68.21012823629849,68.24337768554688,33918000,0.0,0.0
2020-05-13 00:00:00-04:00,68.29200962513352,68.74707504318368,65.90256218086446,66.91094207763672,40368000,0.0,0.0
2020-05-14 00:00:00-04:00,66.17598785756756,67.35954237194446,65.66881835817256,67.33423614501953,36660000,0.0,0.0
2020-05-15 00:00:00-04:00,66.90746926388243,68.21359483390582,66.44793629114194,68.13816833496094,41544000,0.0,0.0
2020-05-18 00:00:00-04:00,67.56846513316054,69.11577202095012,67.20222906240221,68.73961639404297,47094000,0.0,0.0
2020-05-19 00:00:00-04:00,68.7545048182942,69.10237078740617,68.17290078356297,68.20465850830078,31586000,0.0,0.0
2020-05-20 00:00:00-04:00,68.93712559506159,70.07205161178385,68.85078001844624,69.92962646484375,38262000,0.0,0.0
2020-05-21 00:00:00-04:00,70.02044390375272,70.29189145435492,69.19666631420762,69.8100357055664,30894000,0.0,0.0
2020-05-22 00:00:00-04:00,69.66859460782679,70.31868143198587,69.27407644138323,70.13209533691406,28544000,0.0,0.0
2020-05-26 00:00:00-04:00,71.55732784975878,71.713647949531,70.43778849540769,70.5355453491211,44590000,0.0,0.0
2020-05-27 00:00:00-04:00,70.46756561892757,70.73306143347727,69.20709277694024,70.48146057128906,31684000,0.0,0.0
2020-05-28 00:00:00-04:00,69.47507783570163,71.68140738349891,69.42942514707342,70.38024139404297,35170000,0.0,0.0
2020-05-29 00:00:00-04:00,70.48890927787944,71.297800014484,70.26808174332169,71.13850402832031,37044000,0.0,0.0
2020-06-01 00:00:00-04:00,70.75043231360314,71.53847677860361,70.580709445191,71.20549011230469,25162000,0.0,0.0
2020-06-02 00:00:00-04:00,71.21194652362176,71.60894843679606,70.54746486486832,71.57470703125,23442000,0.0,0.0
2020-06-03 00:00:00-04:00,71.59406623087197,71.90719868035602,71.04421979441429,71.42285919189453,27732000,0.0,0.0
2020-06-04 00:00:00-04:00,71.30027160879436,71.52557428848117,69.77331097931382,70.18470001220703,26982000,0.0,0.0
2020-06-05 00:00:00-04:00,70.25120666904046,71.77271549614922,69.85321278073467,71.46106719970703,42642000,0.0,0.0
2020-06-08 00:00:00-04:00,70.77921607068053,71.90669115835331,70.68988704719936,71.85905456542969,33878000,0.0,0.0
2020-06-09 00:00:00-04:00,71.72010917378914,72.83964867996534,71.5771842424127,72.05953979492188,33624000,0.0,0.0
2020-06-10 00:00:00-04:00,72.52749464201499,73.08626854872666,72.17267741381319,72.68579864501953,31762000,0.0,0.0
2020-06-11 00:00:00-04:00,71.51118424615481,72.03572441713648,69.39616788575559,69.5693588256836,47144000,0.0,0.0
2020-06-12 00:00:00-04:00,70.75836989233277,71.18762928156453,68.77039211409114,70.11622619628906,36676000,0.0,0.0
2020-06-15 00:00:00-04:00,68.95350509114319,70.71568786340231,68.8398618016423,70.50428771972656,30468000,0.0,0.0
2020-06-16 00:00:00-04:00,71.90668995328939,72.31212725295,70.91369682317725,71.78114318847656,30648000,0.0,0.0
2020-06-17 00:00:00-04:00,72.1022135717086,72.56173892847367,71.21838864270325,72.08235931396484,30610000,0.0,0.0
2020-06-18 00:00:00-04:00,71.94887494859431,72.10370333903218,70.77722376842894,71.16827392578125,34862000,0.0,0.0
2020-06-19 00:00:00-04:00,71.46006869153939,71.68337989176418,70.41793966091524,70.69783020019531,52784000,0.0,0.0
2020-06-22 00:00:00-04:00,70.71618350159525,72.00345416311006,70.42736539823349,71.98905944824219,29442000,0.0,0.0
2020-06-23 00:00:00-04:00,72.05555555937595,73.20686010594555,71.70818179866274,72.65006256103516,37752000,0.0,0.0
2020-06-24 00:00:00-04:00,72.61533435670397,73.23613958578959,70.96381147221909,71.0978012084961,31592000,0.0,0.0
2020-06-25 00:00:00-04:00,71.02435732770277,71.5751956563901,70.44473713789317,71.51465606689453,23958000,0.0,0.0
2020-06-26 00:00:00-04:00,71.09433269950638,71.31218435810231,67.24193998415596,67.6161117553711,97640000,0.0,0.0
2020-06-29 00:00:00-04:00,67.50692798302207,69.3758102765899,67.07568473216418,69.3346176147461,45074000,0.0,0.0
2020-06-30 00:00:00-04:00,69.3202318055594,70.66605818577068,68.82645747874786,70.37078857421875,40286000,0.0,0.0
2020-07-01 00:00:00-04:00,70.42637638438264,71.88088628212557,70.17874335966512,71.55931091308594,42182000,0.0,0.0
2020-07-02 00:00:00-04:00,72.04763818332158,73.86788472318719,72.00942138081768,72.94535064697266,57218000,0.0,0.0
2020-07-06 00:00:00-04:00,73.84951154751805,74.93381756362824,73.29519761693808,74.42019653320312,44712000,0.0,0.0
2020-07-07 00:00:00-04:00,74.24552002438814,75.49557348396944,73.9264283274638,73.93734741210938,42364000,0.0,0.0
2020-07-08 00:00:00-04:00,74.4772614303608,74.99187437067073,74.05544555871522,74.6162109375,31766000,0.0,0.0
2020-07-09 00:00:00-04:00,74.93034396940267,75.88364370968078,74.21872553346911,75.36357116699219,41836000,0.0,0.0
2020-07-10 00:00:00-04:00,75.09510790320913,76.48907845135179,74.47331060985266,76.37345123291016,35918000,0.0,0.0
2020-07-13 00:00:00-04:00,76.91584554850776,78.22693841771529,74.76311232191661,75.04448699951172,42954000,0.0,0.0
2020-07-14 00:00:00-04:00,74.07977692160784,75.56902051449428,73.73934679927795,75.47274780273438,38108000,0.0,0.0
2020-07-15 00:00:00-04:00,75.59036199992138,76.24044892666795,74.32988909406994,75.2752456665039,31026000,0.0,0.0
2020-07-16 00:00:00-04:00,74.51200517404082,75.2271068276227,73.85546677030331,75.177978515625,26484000,0.0,0.0
2020-07-17 00:00:00-04:00,75.2767261723641,75.60028547250893,74.34328068659873,75.27375030517578,34264000,0.0,0.0
2020-07-20 00:00:00-04:00,75.18194052229816,77.86218959279846,74.57155461054553,77.60562896728516,30166000,0.0,0.0
2020-07-21 00:00:00-04:00,78.6571989280485,78.75743947318507,77.04884475758148,77.21260833740234,27486000,0.0,0.0
2020-07-22 00:00:00-04:00,77.20218043875396,77.76145416596226,76.58285931506369,77.65575408935547,24482000,0.0,0.0
2020-07-23 00:00:00-04:00,77.70935063528133,77.92869400834472,74.86384609206827,75.26879119873047,33910000,0.0,0.0
2020-07-24 00:00:00-04:00,74.39738681396435,75.20329416614082,73.8217343783056,74.84500122070312,29902000,0.0,0.0
2020-07-27 00:00:00-04:00,75.09560151396478,76.30148653573652,75.04944906873521,75.89803314208984,27124000,0.0,0.0
2020-07-28 00:00:00-04:00,75.67819005490078,75.72831031816976,74.46336997984878,74.61869812011719,30910000,0.0,0.0
2020-07-29 00:00:00-04:00,74.68569706970071,76.0915709811105,74.58694068015295,75.60425567626953,22676000,0.0,0.0
2020-07-30 00:00:00-04:00,74.33681896840072,76.46672935903464,74.19786946357056,76.3416748046875,36042000,0.0,0.0
2020-07-31 00:00:00-04:00,74.29116639861185,74.68667651013513,72.15480450754133,73.8395767211914,91468000,0.0,0.0
2020-08-03 00:00:00-04:00,73.9909441597244,74.32491519567483,73.03416882186066,73.58203125,45482000,0.0,0.0
2020-08-04 00:00:00-04:00,73.77805289203164,74.09565287557423,72.65255421158827,73.11257934570312,37212000,0.0,0.0
2020-08-05 00:00:00-04:00,73.28727382126195,73.94132862440738,73.00936716512784,73.39991760253906,29134000,0.0,0.0
2020-08-06 00:00:00-04:00,73.25401607153279,74.74871922040799,73.04310810672321,74.68321228027344,33306000,0.0,0.0
2020-08-07 00:00:00-04:00,74.88618940652373,75.4345440924859,73.75622301234296,74.356689453125,27718000,0.0,0.0
2020-08-10 00:00:00-04:00,73.98101701743722,74.79238376648463,73.32050325505837,74.2797622680664,20546000,0.0,0.0
2020-08-11 00:00:00-04:00,74.13982012855085,74.95566211247646,73.35525125440243,73.47187042236328,31098000,0.0,0.0
2020-08-12 00:00:00-04:00,73.79839948066032,75.01669524033613,73.69319159902035,74.7968521118164,22512000,0.0,0.0
2020-08-13 00:00:00-04:00,74.84499955940771,76.27221957426538,74.84499955940771,75.26383209228516,22388000,0.0,0.0
2020-08-14 00:00:00-04:00,75.1129659624535,75.41965445670148,74.38794473023643,74.6673355102539,21942000,0.0,0.0
2020-08-17 00:00:00-04:00,75.23008930724868,75.6176638667911,74.68570243226462,75.24348449707031,19990000,0.0,0.0
2020-08-18 00:00:00-04:00,75.73377735195302,77.28456008844866,75.51294982781033,77.20565795898438,28378000,0.0,0.0
2020-08-19 00:00:00-04:00,77.04239455744786,77.85476097119604,76.4225811626794,76.65135192871094,30472000,0.0,0.0
2020-08-20 00:00:00-04:00,76.42108908080341,78.41601831022678,76.14765758595809,78.22148895263672,26382000,0.0,0.0
2020-08-21 00:00:00-04:00,78.00064306227968,78.99711936961243,77.52970640732595,78.18773651123047,34838000,0.0,0.0
2020-08-24 00:00:00-04:00,79.02639966986824,79.83579016442737,78.16143693431773,78.66314697265625,25638000,0.0,0.0
2020-08-25 00:00:00-04:00,78.41253291150737,79.84074471193138,78.30236524817361,79.69038391113281,25150000,0.0,0.0
2020-08-26 00:00:00-04:00,79.71270905754783,82.01977833827368,79.44870497954882,81.59001922607422,52188000,0.0,0.0
2020-08-27 00:00:00-04:00,81.71310399920995,81.78158681274915,80.33352817007399,80.81539154052734,31350000,0.0,0.0
2020-08-28 00:00:00-04:00,80.86252205843827,81.45206175495011,80.67096860459195,81.35678100585938,22418000,0.0,0.0
2020-08-31 00:00:00-04:00,81.5622406146684,81.60839306205602,80.65708473224421,80.86550903320312,26422000,0.0,0.0
2020-09-01 00:00:00-04:00,80.9960281439505,82.3388789271627,80.86551401234203,82.13343048095703,22652000,0.0,0.0
2020-09-02 00:00:00-04:00,82.77507634607451,85.6577983212411,82.38700960960998,85.2255630493164,49522000,0.0,0.0
2020-09-03 00:00:00-04:00,84.33876290318153,84.36258498681123,79.7826871845487,80.86451721191406,63726000,0.0,0.0
2020-09-04 00:00:00-04:00,79.84669677227816,81.13645124591334,76.32183129516275,78.46762084960938,55850000,0.0,0.0
2020-09-08 00:00:00-04:00,75.67820126859465,77.19424291181993,75.25638531461833,75.60872650146484,54032000,0.0,0.0
2020-09-09 00:00:00-04:00,76.86422675417148,77.35154199805463,75.68662396992484,76.78135681152344,39242000,0.0,0.0
2020-09-10 00:00:00-04:00,76.92775807382651,78.09295018003152,75.43007148898609,75.73030090332031,33024000,0.0,0.0
2020-09-11 00:00:00-04:00,75.83451909086573,76.35805971799056,74.09119089442812,75.21966552734375,30706000,0.0,0.0
2020-09-14 00:00:00-04:00,76.0081899539607,77.26618654802343,74.69114549828926,74.87574768066406,42660000,0.0,0.0
2020-09-15 00:00:00-04:00,75.82161195068608,76.96794929706259,75.53428554034802,76.1803970336914,23042000,0.0,0.0
2020-09-16 00:00:00-04:00,76.54565029872481,77.13568986155084,75.01273021019952,75.03754425048828,22128000,0.0,0.0
2020-09-17 00:00:00-04:00,73.73338661244166,74.37107027229393,72.57464602616677,73.79442596435547,40008000,0.0,0.0
2020-09-18 00:00:00-04:00,73.85695079374413,74.19936479452035,71.04420378135279,72.0103988647461,63056000,0.0,0.0
2020-09-21 00:00:00-04:00,71.04421437886803,71.46304688740663,69.60806684484395,70.97077178955078,56908000,0.0,0.0
2020-09-22 00:00:00-04:00,71.97220517706418,72.64958987142754,70.93901121787594,72.44364166259766,33950000,0.0,0.0
2020-09-23 00:00:00-04:00,72.06002372533587,72.10915203002553,69.60805336058911,69.94103240966797,37726000,0.0,0.0
2020-09-24 00:00:00-04:00,69.608060937413,71.3603166157109,69.58175518077466,70.60948944091797,34552000,0.0,0.0
2020-09-25 00:00:00-04:00,70.7181666964046,71.75482846616116,69.85617998146562,71.41341400146484,30326000,0.0,0.0
2020-09-28 00:00:00-04:00,73.04757600974902,73.09719651380165,71.77171646612977,72.38607025146484,30784000,0.0,0.0
2020-09-29 00:00:00-04:00,72.64660413596586,73.0480660321558,72.15481369174223,72.75131225585938,31816000,0.0,0.0
2020-09-30 00:00:00-04:00,72.49921433138267,73.75274352180791,72.2421614908849,72.73046875,40924000,0.0,0.0
2020-10-01 00:00:00-04:00,73.62669659515059,74.19292159737675,73.28626646757014,73.83710479736328,32884000,0.0,0.0
2020-10-02 00:00:00-04:00,72.4342036548503,73.39693074596006,71.824809673111,72.23421478271484,31222000,0.0,0.0
2020-10-05 00:00:00-04:00,72.58408167311056,73.67831497337035,72.4570431761626,73.58551788330078,21602000,0.0,0.0
2020-10-06 00:00:00-04:00,73.22176300740041,73.6693773856631,71.70869722745235,72.00694274902344,26096000,0.0,0.0
2020-10-07 00:00:00-04:00,72.41833226107926,72.89771194466147,71.12411009707938,72.40989685058594,36108000,0.0,0.0
2020-10-08 00:00:00-04:00,72.72302733778457,73.84355876633454,72.72302733778457,73.61528778076172,26076000,0.0,0.0
2020-10-09 00:00:00-04:00,74.08324039010259,75.02562099842726,73.79243836136804,74.95614624023438,32966000,0.0,0.0
2020-10-12 00:00:00-04:00,76.32332446809873,78.82541548276977,75.89158140633867,77.64285278320312,55344000,0.0,0.0
2020-10-13 00:00:00-04:00,78.2591971477664,78.66364249122451,77.34709005860579,77.76592254638672,39072000,0.0,0.0
2020-10-14 00:00:00-04:00,78.13960670707321,78.59863235974427,76.7153626294545,77.58578491210938,33174000,0.0,0.0
2020-10-15 00:00:00-04:00,76.64588265062753,77.9807976103411,76.47865102987744,77.19026947021484,31210000,0.0,0.0
2020-10-16 00:00:00-04:00,77.50588599458379,78.29393046378365,77.29895342687239,77.79718780517578,34194000,0.0,0.0
2020-10-19 00:00:00-04:00,78.20560677367027,78.60260869103162,75.57498539804158,75.92384338378906,29734000,0.0,0.0
2020-10-20 00:00:00-04:00,75.58440861018742,78.10188630763496,75.45488644834482,76.97241973876953,41670000,0.0,0.0
2020-10-21 00:00:00-04:00,77.90388645043627,80.1514084583867,77.76940450098931,78.704833984375,60322000,0.0,0.0
2020-10-22 00:00:00-04:00,78.65570442381038,80.0660459854062,78.28252459218282,79.73058319091797,30512000,0.0,0.0
2020-10-23 00:00:00-04:00,80.1469434481856,81.09329204821135,79.9911155131261,81.0367202758789,30548000,0.0,0.0
2020-10-26 00:00:00-04:00,80.14444517053825,80.86797460880413,77.80115055828723,78.6204605102539,35826000,0.0,0.0
2020-10-27 00:00:00-04:00,78.85073087185503,79.49932607502853,78.25820767241161,79.34449768066406,25902000,0.0,0.0
2020-10-28 00:00:00-04:00,76.91933463208973,77.1079046910693,74.858406168751,74.9735336303711,45174000,0.0,0.0
2020-10-29 00:00:00-04:00,75.28218061851324,78.84128724607514,75.25885830217857,77.26023864746094,55406000,0.0,0.0
2020-10-30 00:00:00-04:00,82.74679062825668,83.4355865281123,79.47798597119375,80.19953155517578,99878000,0.0,0.0
2020-11-02 00:00:00-05:00,80.56825511870791,82.29024494886494,80.10673821901906,80.60696411132812,44228000,0.0,0.0
2020-11-03 00:00:00-05:00,80.92654621228101,82.32795255609419,80.00103633038269,81.66595458984375,31432000,0.0,0.0
2020-11-04 00:00:00-05:00,84.63948898890001,87.83782697800774,84.5114585454135,86.63789367675781,71342000,0.0,0.0
2020-11-05 00:00:00-05:00,87.85866004494117,88.91915155799254,86.39869055413503,87.46414184570312,39758000,0.0,0.0
2020-11-06 00:00:00-05:00,86.91032668013082,87.76189413906489,86.18282183232226,87.3266830444336,28622000,0.0,0.0
2020-11-09 00:00:00-05:00,89.1256068735313,90.16326086287928,87.218514922663,87.41056060791016,53440000,0.0,0.0
2020-11-10 00:00:00-05:00,85.83992542478141,87.30932243182015,85.16254076469718,86.23444366455078,43022000,0.0,0.0
2020-11-11 00:00:00-05:00,86.76443103612137,87.4839927088133,86.49943497923725,86.70637512207031,31838000,0.0,0.0
2020-11-12 00:00:00-05:00,86.44682541087165,87.58721098528301,86.24683654348757,86.48751831054688,26474000,0.0,0.0
2020-11-13 00:00:00-05:00,86.74457768582197,88.19015241863731,86.14808672166791,87.94847869873047,29744000,0.0,0.0
2020-11-16 00:00:00-05:00,87.54553261179751,89.0442111765779,87.40608331966793,88.03632354736328,25468000,0.0,0.0
2020-11-17 00:00:00-05:00,87.73014299490731,88.19066796443818,87.31478609146299,87.42247009277344,21314000,0.0,0.0
2020-11-18 00:00:00-05:00,87.1733372217032,87.58820185881903,86.2766092924887,86.37933349609375,20108000,0.0,0.0
2020-11-19 00:00:00-05:00,86.01162222429092,87.51327668318758,85.85232624194083,87.26911926269531,20106000,0.0,0.0
2020-11-20 00:00:00-05:00,87.43933790525898,87.75495401552938,86.099463049473,86.1679458618164,27694000,0.0,0.0
2020-11-23 00:00:00-05:00,86.35850382471271,86.64483829608162,84.86776845214185,85.7302474975586,22530000,0.0,0.0
2020-11-24 00:00:00-05:00,85.72727127928064,87.66165318603427,85.39130873171393,87.53362274169922,27984000,0.0,0.0
2020-11-25 00:00:00-05:00,87.72765454815004,87.85518522073961,86.7624437790224,87.54502868652344,19600000,0.0,0.0
2020-11-27 00:00:00-05:00,87.56538232050816,89.1767122831429,87.56538232050816,88.68095397949219,14790000,0.0,0.0
2020-11-30 00:00:00-05:00,88.1167194862883,88.34945805842784,86.73664396560041,87.06218719482422,32418000,0.0,0.0
2020-12-01 00:00:00-05:00,87.67058926121352,90.40294282397186,87.49044706213408,89.0948257446289,37350000,0.0,0.0
2020-12-02 00:00:00-05:00,89.09482724425072,90.94981487855388,88.58914937963489,90.56422424316406,29424000,0.0,0.0
2020-12-03 00:00:00-05:00,90.34438241647054,91.50014714254405,90.16870781369849,90.40889739990234,24728000,0.0,0.0
2020-12-04 00:00:00-05:00,90.32850630008762,90.7890236553359,89.99948744675892,90.50418090820312,20544000,0.0,0.0
2020-12-07 00:00:00-05:00,90.09674637845352,90.77859855213794,89.4759411272012,90.17019653320312,22288000,0.0,0.0
2020-12-08 00:00:00-05:00,89.7478950094271,90.11759919688177,88.89235965969378,89.88733673095703,19936000,0.0,0.0
2020-12-09 00:00:00-05:00,89.83919334116746,90.73294542075456,87.43932691550214,88.22637939453125,31728000,0.0,0.0
2020-12-10 00:00:00-05:00,87.46910240104222,88.08395592677938,86.0265034805042,87.71971130371094,28688000,0.0,0.0
2020-12-11 00:00:00-05:00,87.34008297762018,88.19909393700529,86.97980616515416,88.07453155517578,18628000,0.0,0.0
2020-12-14 00:00:00-05:00,87.87206853297646,88.81890924399337,86.80065786516951,86.95598602294922,33050000,0.0,0.0
2020-12-15 00:00:00-05:00,87.33312197376682,87.53857037296576,86.43044991788793,87.39366912841797,21352000,0.0,0.0
2020-12-16 00:00:00-05:00,87.7921613925864,87.7921613925864,86.79718438631407,87.20063018798828,24676000,0.0,0.0
2020-12-17 00:00:00-05:00,87.53511818197795,87.67307576208695,85.90840908366975,86.37289428710938,34880000,0.0,0.0
2020-12-18 00:00:00-05:00,86.65376686057336,86.76244280122043,85.10695202977472,85.66374206542969,85256000,0.0,0.0
2020-12-21 00:00:00-05:00,84.81564931543565,86.19870057444582,84.06482215164931,86.0776138305664,33974000,0.0,0.0
2020-12-22 00:00:00-05:00,85.81807923743065,85.98085084047112,84.64941153653486,85.36599731445312,20370000,0.0,0.0
2020-12-23 00:00:00-05:00,85.55011232552296,86.55154089513248,85.41463085492951,85.76349639892578,22974000,0.0,0.0
2020-12-24 00:00:00-05:00,85.8017013279546,86.46717488960903,85.57094668185455,86.05776977539062,9312000,0.0,0.0
2020-12-28 00:00:00-05:00,86.5912375649003,88.67995556645543,86.43790089801071,88.03284454345703,27650000,0.0,0.0
2020-12-29 00:00:00-05:00,88.691373155201,88.75290469779057,87.09741391594572,87.22891998291016,19726000,0.0,0.0
2020-12-30 00:00:00-05:00,87.58821155391553,87.72517717388291,85.75208625390715,86.16149139404297,21026000,0.0,0.0
2020-12-31 00:00:00-05:00,86.21211520633824,87.21602750872316,86.15355195162485,86.974853515625,21070000,0.0,0.0
2021-01-04 00:00:00-05:00,87.34008358640446,87.4636464411681,84.71690581732847,85.65928649902344,37324000,0.0,0.0
2021-01-05 00:00:00-05:00,85.60766776688526,86.68651421531872,85.20123853878756,86.35005950927734,20360000,0.0,0.0
2021-01-06 00:00:00-05:00,84.37548576847148,86.54459773705904,84.16904538419314,85.49800109863281,46588000,0.0,0.0
2021-01-07 00:00:00-05:00,85.69055424492905,88.2244108524011,85.69055424492905,88.05171966552734,41936000,0.0,0.0
2021-01-08 00:00:00-05:00,88.1916567626547,89.29333349352545,87.40062879035135,89.2174072265625,35484000,0.0,0.0
2021-01-11 00:00:00-05:00,88.18470162798775,88.54994580133611,86.9500347222767,87.15597534179688,34796000,0.0,0.0
2021-01-12 00:00:00-05:00,86.61357327213408,87.7321207860819,85.17544183594138,86.22004699707031,29528000,0.0,0.0
2021-01-13 00:00:00-05:00,85.71831897142816,87.16092526410401,85.71831897142816,86.70735168457031,23432000,0.0,0.0
2021-01-14 00:00:00-05:00,86.78774893221043,87.7147504644655,85.65629851518884,85.89698028564453,29212000,0.0,0.0
2021-01-15 00:00:00-05:00,85.80269772639237,86.72572393076636,84.94369431632818,85.73322296142578,31444000,0.0,0.0
2021-01-19 00:00:00-05:00,86.49645306604887,89.51564055637627,85.99176721747224,88.55440521240234,41660000,0.0,0.0
2021-01-20 00:00:00-05:00,90.63369100589752,94.27369142216018,90.29326846427877,93.2985610961914,64152000,0.0,0.0
2021-01-21 00:00:00-05:00,93.9724816453864,95.8795659562927,93.26581533779938,93.50103759765625,58634000,0.0,0.0
2021-01-22 00:00:00-05:00,93.86378525576802,94.50543672127229,93.12139349550735,93.91837310791016,32744000,0.0,0.0
2021-01-25 00:00:00-05:00,94.919805555433,95.37040330733852,92.26089490963317,94.00372314453125,50586000,0.0,0.0
2021-01-26 00:00:00-05:00,93.59234042721772,95.06918077277226,93.10304122733542,94.6821060180664,31462000,0.0,0.0
2021-01-27 00:00:00-05:00,93.0424981499985,93.31841329790922,89.19010540093252,90.26498413085938,82512000,0.0,0.0
2021-01-28 00:00:00-05:00,90.86346464048778,93.69159105835183,90.86346464048778,91.96514129638672,55278000,0.0,0.0
2021-01-29 00:00:00-05:00,91.01333383693596,91.68426702027512,89.40251113891038,90.68283081054688,44530000,0.0,0.0
2021-02-01 00:00:00-05:00,91.537869114529,95.05876695305972,91.537869114529,93.94369506835938,40252000,0.0,0.0
2021-02-02 00:00:00-05:00,94.93916613642043,96.7375742923494,94.60369579708804,95.23641967773438,66332000,0.0,0.0
2021-02-03 00:00:00-05:00,102.50600624841188,104.54112860676844,99.922521611961,102.17202758789062,97882000,0.0,0.0
2021-02-04 00:00:00-05:00,102.25835779899022,102.68910130885799,100.99192568967557,101.91148376464844,48596000,0.0,0.0
2021-02-05 00:00:00-05:00,102.20575339863728,104.01111275805967,101.73134112371685,103.65827941894531,29866000,0.0,0.0
2021-02-08 00:00:00-05:00,104.2126024166411,104.95697814818854,102.39384771098673,103.44440460205078,28828000,0.0,0.0
2021-02-09 00:00:00-05:00,102.96204375401462,104.13865469002172,102.72384565242261,102.99132537841797,21892000,0.0,0.0
2021-02-10 00:00:00-05:00,103.37591665062041,104.15701742365931,101.84250453722669,103.54166412353516,25102000,0.0,0.0
2021-02-11 00:00:00-05:00,103.76597915086751,103.91484823820412,102.66727833879833,103.6543197631836,20480000,0.0,0.0
2021-02-12 00:00:00-05:00,103.20868656852795,104.1877847485389,102.90100612778934,103.9659652709961,18990000,0.0,0.0
2021-02-16 00:00:00-05:00,103.80319453901487,106.45267806427309,103.80319453901487,104.74359130859375,31004000,0.0,0.0
2021-02-17 00:00:00-05:00,103.91384859595338,105.3261814870926,103.63446540978451,105.13661193847656,20294000,0.0,0.0
2021-02-18 00:00:00-05:00,104.46073001635577,105.30386215822301,103.8816019889264,104.50092315673828,22546000,0.0,0.0
2021-02-19 00:00:00-05:00,104.59916833233581,105.1346199184114,103.39030003498421,103.65727996826172,37938000,0.0,0.0
2021-02-22 00:00:00-05:00,101.91000696569243,103.2364866636668,101.63210788638077,101.94275665283203,29466000,0.0,0.0
2021-02-23 00:00:00-05:00,99.94435185295079,102.84791239328172,98.76525719424058,102.23355102539062,34658000,0.0,0.0
2021-02-24 00:00:00-05:00,100.74083370987653,103.63298302888079,100.61627889516991,103.40917205810547,22608000,0.0,0.0
2021-02-25 00:00:00-05:00,102.02562835554662,103.36897879825909,99.57216580668543,100.04161834716797,41548000,0.0,0.0
2021-02-26 00:00:00-05:00,100.73637293122968,102.05490942560124,99.30022530470565,100.33738708496094,40042000,0.0,0.0
2021-03-01 00:00:00-05:00,101.63209913010583,103.03301325641854,100.95819013474573,102.70697784423828,26060000,0.0,0.0
2021-03-02 00:00:00-05:00,102.46777579992727,103.9515673872358,102.06234608378273,102.44991302490234,25564000,0.0,0.0
2021-03-03 00:00:00-05:00,101.82811444002907,103.02109639925452,98.95233642673433,99.81631469726562,33892000,0.0,0.0
2021-03-04 00:00:00-05:00,99.98800460394777,102.95161206818823,99.51954410284348,100.9338607788086,49216000,0.0,0.0
2021-03-05 00:00:00-05:00,102.28466284780541,104.52026594581169,100.62867233193391,104.06719207763672,53100000,0.0,0.0
2021-03-08 00:00:00-05:00,103.4215726006688,104.89443749241916,99.50764106068317,99.62227630615234,36868000,0.0,0.0
2021-03-09 00:00:00-05:00,101.71893700927107,102.4221200060807,101.01673839596404,101.2529525756836,33920000,0.0,0.0
2021-03-10 00:00:00-05:00,102.29705821128074,102.29705821128074,100.20933239342051,101.04601287841797,27100000,0.0,0.0
2021-03-11 00:00:00-05:00,102.13926584834769,104.77187091897011,102.05142854718905,104.23939514160156,27702000,0.0,0.0
2021-03-12 00:00:00-05:00,103.04193910173277,103.1014867304404,100.85893242281475,101.73133850097656,33818000,0.0,0.0
2021-03-15 00:00:00-04:00,101.48222292330844,101.97896555456512,100.62917132551493,101.95167541503906,26168000,0.0,0.0
2021-03-16 00:00:00-04:00,102.52484679250944,104.89146380814894,102.19235989786293,103.41313934326172,31900000,0.0,0.0
2021-03-17 00:00:00-04:00,102.64791686191691,104.16296639587709,101.4395482280668,103.33026123046875,26382000,0.0,0.0
2021-03-18 00:00:00-04:00,101.64102887234584,102.66181951662611,100.2019054886591,100.30909729003906,31700000,0.0,0.0
2021-03-19 00:00:00-04:00,100.72545519221457,101.08820812478666,99.39549992944659,100.5879898071289,46072000,0.0,0.0
2021-03-22 00:00:00-04:00,100.62123402558689,101.64896832220467,99.94484136557821,100.77308654785156,33536000,0.0,0.0
2021-03-23 00:00:00-04:00,101.23261887288946,102.4315602691178,100.63960345971093,101.30110168457031,28510000,0.0,0.0
2021-03-24 00:00:00-04:00,101.81868694086641,102.6047475271792,100.6892203526668,100.8644027709961,25218000,0.0,0.0
2021-03-25 00:00:00-04:00,100.69170066123667,101.51497849194996,99.05605651294476,100.86092376708984,35616000,0.0,0.0
2021-03-26 00:00:00-04:00,100.82766746682842,101.20481507110642,99.44114060264995,100.4773178100586,27978000,0.0,0.0
2021-03-29 00:00:00-04:00,100.34978722521926,101.6921456617526,99.52055008099022,101.52242279052734,26492000,0.0,0.0
2021-03-30 00:00:00-04:00,101.87923478436586,102.3600985997057,101.04404587909158,101.5561752319336,27312000,0.0,0.0
2021-03-31 00:00:00-04:00,101.94969987021643,103.53075620217572,101.58247178886016,102.35265350341797,42570000,0.0,0.0
2021-04-01 00:00:00-04:00,103.82801379599191,105.98669892569983,103.78732089156456,105.69043731689453,39880000,0.0,0.0
2021-04-05 00:00:00-04:00,106.55241526747184,110.61373186270573,106.45614255746916,110.1159896850586,48510000,0.0,0.0
2021-04-06 00:00:00-04:00,109.71701369040595,110.56461342527915,109.26393976837547,109.63463592529297,35240000,0.0,0.0
2021-04-07 00:00:00-04:00,109.82519791468398,111.3834241955768,109.82519791468398,111.11197662353516,24134000,0.0,0.0
2021-04-08 00:00:00-04:00,112.35109778749995,112.73768033730468,111.30946858743064,111.67768859863281,28664000,0.0,0.0
2021-04-09 00:00:00-04:00,111.43007611188524,112.8458772221366,111.02413902052781,112.68211364746094,26146000,0.0,0.0
2021-04-12 00:00:00-04:00,111.86081786456195,111.99827567762381,110.55567663945638,111.3893814086914,25024000,0.0,0.0
2021-04-13 00:00:00-04:00,111.7054829333092,112.32480405880901,111.31145691408278,111.87619018554688,25682000,0.0,0.0
2021-04-14 00:00:00-04:00,112.52132265803313,112.52132265803313,110.96260423492673,111.25489044189453,21002000,0.0,0.0
2021-04-15 00:00:00-04:00,112.24936757265024,113.93909964977729,111.71440816514466,113.40562438964844,29174000,0.0,0.0
2021-04-16 00:00:00-04:00,113.60363801209377,113.85176324145186,112.69450680826098,113.28157043457031,26282000,0.0,0.0
2021-04-19 00:00:00-04:00,112.65779320044837,114.34057420260662,112.65779320044837,113.62944793701172,30290000,0.0,0.0
2021-04-20 00:00:00-04:00,114.0130523362759,114.08798664621497,112.00969537265847,113.09598541259766,22288000,0.0,0.0
2021-04-21 00:00:00-04:00,112.75059219366896,113.14511042002438,111.39929855085491,113.063232421875,23204000,0.0,0.0
2021-04-22 00:00:00-04:00,112.9168285050062,113.58577771200164,111.17598403868455,111.78141021728516,24146000,0.0,0.0
2021-04-23 00:00:00-04:00,112.49997995220494,114.44131306155018,112.21463744660008,114.1341323852539,29066000,0.0,0.0
2021-04-26 00:00:00-04:00,114.36191465854154,115.35491539207553,114.0046137037265,114.63038635253906,32038000,0.0,0.0
2021-04-27 00:00:00-04:00,115.01249127701054,115.05318417666454,113.45078956312143,113.68998718261719,44386000,0.0,0.0
2021-04-28 00:00:00-04:00,118.72793272307838,120.65735491910743,116.77866383870929,117.0674819946289,81106000,0.0,0.0
2021-04-29 00:00:00-04:00,118.56565462462966,119.30655470794439,117.80241660635883,118.74082946777344,41234000,0.0,0.0
2021-04-30 00:00:00-04:00,117.51310274370631,118.19941495111625,116.44815119189317,116.79254913330078,44856000,0.0,0.0
2021-05-03 00:00:00-04:00,117.35876574374358,118.18452723288044,115.89929599373691,116.27545166015625,28242000,0.0,0.0
2021-05-04 00:00:00-04:00,114.81002610533777,115.37773525338912,111.98785142103567,114.47654724121094,44818000,0.0,0.0
2021-05-05 00:00:00-04:00,115.558371229532,115.87447949341325,114.54849975152723,114.87056732177734,26636000,0.0,0.0
2021-05-06 00:00:00-04:00,114.45174020961404,115.9911117553711,113.7922258951969,115.9911117553711,25190000,0.0,0.0
2021-05-07 00:00:00-04:00,117.30815282057624,117.67338940045705,116.42829567342216,116.71463012695312,28898000,0.0,0.0
2021-05-10 00:00:00-04:00,115.5340544612841,115.67598742632394,113.37040211218113,113.72820281982422,30914000,0.0,0.0
2021-05-11 00:00:00-04:00,111.31245758968727,113.15900213602517,110.8583841691217,112.6518325805664,34186000,0.0,0.0
2021-05-12 00:00:00-04:00,110.47479374412886,111.55612402772708,108.85850395774958,109.18751525878906,46376000,0.0,0.0
2021-05-13 00:00:00-04:00,110.47130211457284,111.13230806057291,109.5085750545865,110.6162109375,33204000,0.0,0.0
2021-05-14 00:00:00-04:00,112.08016237235324,113.37934430353187,111.65636250684874,113.0647201538086,31996000,0.0,0.0
2021-05-17 00:00:00-04:00,112.3297641754445,113.6304377384808,111.92978642061708,113.58776092529297,21598000,0.0,0.0
2021-05-18 00:00:00-04:00,114.2542271454535,114.51873100821115,112.26128204938492,112.27517700195312,22204000,0.0,0.0
2021-05-19 00:00:00-04:00,110.58595041306152,112.89648805759676,110.43757351383768,112.72329711914062,23684000,0.0,0.0
2021-05-20 00:00:00-04:00,113.69098569300493,114.73310713657823,113.31978979628988,114.48250579833984,32352000,0.0,0.0
2021-05-21 00:00:00-04:00,115.00157839071795,115.07502854849963,113.60661602300084,113.84630584716797,40632000,0.0,0.0
2021-05-24 00:00:00-04:00,114.87652646965049,117.39052855183634,114.73112544261134,117.1667251586914,31832000,0.0,0.0
2021-05-25 00:00:00-04:00,117.71059642341532,118.30609540444898,116.86697223593593,117.25752258300781,22440000,0.0,0.0
2021-05-26 00:00:00-04:00,117.4386576186535,118.55373698083459,117.4356817515522,118.12299346923828,21572000,0.0,0.0
2021-05-27 00:00:00-04:00,118.55671711942162,118.55671711942162,116.92951595867764,117.24810791015625,35224000,0.0,0.0
2021-05-28 00:00:00-04:00,117.83070761492301,117.91258561269424,116.76029647620672,116.95879364013672,21482000,0.0,0.0
2021-06-01 00:00:00-04:00,117.83169739325494,118.3909711309442,116.83125322941245,118.16616821289062,23354000,0.0,0.0
2021-06-02 00:00:00-04:00,118.56166724150444,118.78448622711657,116.7359614995081,117.64063262939453,21158000,0.0,0.0
2021-06-03 00:00:00-04:00,116.40697416072409,116.96723991656421,115.6025509642662,116.498779296875,18696000,0.0,0.0
2021-06-04 00:00:00-04:00,117.5751361103478,119.05197647969602,117.23470598588214,118.78102111816406,24458000,0.0,0.0
2021-06-07 00:00:00-04:00,118.57608038074805,119.3239317671164,118.1572478636839,119.2142562866211,24120000,0.0,0.0
2021-06-08 00:00:00-04:00,119.69611425817284,120.06879431068795,118.8410711054014,119.02269744873047,24240000,0.0,0.0
2021-06-09 00:00:00-04:00,119.66732391656954,119.73927477924008,118.94627056496574,119.49413299560547,17942000,0.0,0.0
2021-06-10 00:00:00-04:00,119.44352262743342,120.88662140305803,119.28770227679246,120.84344482421875,25904000,0.0,0.0
2021-06-11 00:00:00-04:00,121.08510871682954,121.17046233960727,120.04099584089136,120.59878540039062,21958000,0.0,0.0
2021-06-14 00:00:00-04:00,120.7010138258984,121.52776727722208,119.99336321142542,121.52727508544922,22098000,0.0,0.0
2021-06-15 00:00:00-04:00,121.5317391337335,121.85479867979801,120.1481955864892,120.50897216796875,21562000,0.0,0.0
2021-06-16 00:00:00-04:00,120.66032532200343,120.97197359175446,118.57409090880724,119.8668212890625,26472000,0.0,0.0
2021-06-17 00:00:00-04:00,119.7923822856336,121.603693441412,119.59636123311135,120.83053588867188,25842000,0.0,0.0
2021-06-18 00:00:00-04:00,120.45684387266438,120.69107412688302,119.11498536816008,119.21026611328125,46116000,0.0,0.0
2021-06-21 00:00:00-04:00,119.59686719825068,121.08511889610858,118.99937664421553,120.8990249633789,27414000,0.0,0.0
2021-06-22 00:00:00-04:00,120.83697957721739,121.4821066499713,120.15612695627219,121.41312408447266,22390000,0.0,0.0
2021-06-23 00:00:00-04:00,121.1779016779716,122.17238644670677,120.92084886267433,121.21115112304688,19148000,0.0,0.0
2021-06-24 00:00:00-04:00,121.779864655628,122.13269801966713,121.38287032972356,121.58136749267578,21362000,0.0,0.0
2021-06-25 00:00:00-04:00,121.08511970218902,121.71337603387175,120.65338419848014,121.58980560302734,34594000,0.0,0.0
2021-06-28 00:00:00-04:00,121.75852921191957,121.86423686669397,120.49508042755512,121.61710357666016,28526000,0.0,0.0
2021-06-29 00:00:00-04:00,121.750585903445,122.09845947524772,120.77843143323554,121.3555679321289,23108000,0.0,0.0
2021-06-30 00:00:00-04:00,121.07966138959465,121.34019744310686,120.44446136096889,121.1739501953125,24474000,0.0,0.0
2021-07-01 00:00:00-04:00,120.81216599383819,121.66770125283853,120.62012034809396,121.52627563476562,18110000,0.0,0.0
2021-07-02 00:00:00-04:00,122.22648252270577,124.46357728217467,122.13666131595771,124.31817626953125,25982000,0.0,0.0
2021-07-06 00:00:00-04:00,124.70625497523152,125.4799123179405,123.64824707773293,125.24369812011719,26404000,0.0,0.0
2021-07-07 00:00:00-04:00,126.208410278611,126.32948945977284,125.20697413933541,125.52556610107422,24060000,0.0,0.0
2021-07-08 00:00:00-04:00,123.0959213892183,124.6536477834332,123.09195356628405,124.10628509521484,23790000,0.0,0.0
2021-07-09 00:00:00-04:00,124.0874257825827,124.7916007446982,123.6174735198398,124.57722473144531,18632000,0.0,0.0
2021-07-12 00:00:00-04:00,125.23178767794647,126.11660464739363,124.66903830023149,126.02330780029297,17668000,0.0,0.0
2021-07-13 00:00:00-04:00,126.08582935283354,127.09718503011685,125.72456058354896,126.38655853271484,19240000,0.0,0.0
2021-07-14 00:00:00-04:00,126.99844536053709,128.35669033266043,126.9552687797192,127.27535247802734,23742000,0.0,0.0
2021-07-15 00:00:00-04:00,127.68425815211094,127.73487061260049,125.58114534521543,126.05258178710938,24218000,0.0,0.0
2021-07-16 00:00:00-04:00,126.7056414194645,126.85302634579371,125.20746273938772,126.01783752441406,20424000,0.0,0.0
2021-07-19 00:00:00-04:00,125.14394623897842,125.2585814894931,122.57882443943065,123.64378356933594,27968000,0.0,0.0
2021-07-20 00:00:00-04:00,124.58616145014766,126.09029957274659,123.41799344616328,125.26305389404297,26312000,0.0,0.0
2021-07-21 00:00:00-04:00,125.18761690110053,126.6391510453154,125.0784411915478,126.5925064086914,20746000,0.0,0.0
2021-07-22 00:00:00-04:00,126.88530440492686,127.51951250736204,126.54289033541318,127.45846557617188,14302000,0.0,0.0
2021-07-23 00:00:00-04:00,129.4523801977889,132.39862482827255,128.82711495157838,132.0175018310547,41506000,0.0,0.0
2021-07-26 00:00:00-04:00,132.32867753093342,133.23035779403736,131.30937099591478,133.02987670898438,30572000,0.0,0.0
2021-07-27 00:00:00-04:00,133.2437410108282,133.39112593555546,129.12833653384382,130.91085815429688,54710000,0.0,0.0
2021-07-28 00:00:00-04:00,135.28977752970368,137.25989239813106,134.26303523992692,135.0734100341797,95130000,0.0,0.0
2021-07-29 00:00:00-04:00,135.12899677919694,135.63616633400994,134.52655404007479,134.75929260253906,31716000,0.0,0.0
2021-07-30 00:00:00-04:00,134.0223752606491,134.2898550052644,133.24822569744882,133.7161865234375,25576000,0.0,0.0
2021-08-02 00:00:00-04:00,134.10377496882492,134.32162665748433,132.79069795710942,133.84324645996094,21634000,0.0,0.0
2021-08-03 00:00:00-04:00,134.1216167474908,134.71413996372158,132.31974039561504,134.6129150390625,20762000,0.0,0.0
2021-08-04 00:00:00-04:00,134.33451713154457,134.63227046149845,133.4784819870635,134.11219787597656,19676000,0.0,0.0
2021-08-05 00:00:00-04:00,134.66303433806044,135.3275236015208,133.8347890656251,135.22975158691406,17870000,0.0,0.0
2021-08-06 00:00:00-04:00,135.02180226998487,135.4490701118933,134.19604087105887,134.72056579589844,20488000,0.0,0.0
2021-08-09 00:00:00-04:00,134.92306449777362,136.15525526849018,134.32457443388773,135.8862762451172,17760000,0.0,0.0
2021-08-10 00:00:00-04:00,136.3120586436504,136.739341684584,135.3418956435353,135.7810821533203,19414000,0.0,0.0
2021-08-11 00:00:00-04:00,136.15277807095418,136.6500129504423,135.24959853381438,135.25704956054688,15352000,0.0,0.0
2021-08-12 00:00:00-04:00,134.95582328461904,136.27039955007274,134.40995981317207,136.16519165039062,16506000,0.0,0.0
2021-08-13 00:00:00-04:00,136.22077428380268,136.8227324935351,136.00540627281836,136.69468688964844,15948000,0.0,0.0
2021-08-16 00:00:00-04:00,136.4936912096848,137.3249198670096,134.2843860879526,137.27230834960938,22384000,0.0,0.0
2021-08-17 00:00:00-04:00,136.71702664999899,137.22866387523482,135.0615355406149,135.63668823242188,21716000,0.0,0.0
2021-08-18 00:00:00-04:00,135.47637140289288,136.07634558098277,134.30671177014443,134.43325805664062,19258000,0.0,0.0
2021-08-19 00:00:00-04:00,133.42736229214302,135.32997885564367,133.2432522758854,134.6625213623047,21782000,0.0,0.0
2021-08-20 00:00:00-04:00,134.9801109855239,136.52245810178093,134.23573537347139,136.39889526367188,31194000,0.0,0.0
2021-08-23 00:00:00-04:00,136.93486475189124,139.8180789523817,136.57557987363364,138.9913330078125,28454000,0.0,0.0
2021-08-24 00:00:00-04:00,139.55705943531208,141.01455306399217,139.28611161205026,140.2021942138672,19268000,0.0,0.0
2021-08-25 00:00:00-04:00,140.56294433294897,141.12321001802496,140.31581862814912,141.01353454589844,15848000,0.0,0.0
2021-08-26 00:00:00-04:00,140.6869948524426,141.34948492640603,140.29693668933822,140.37982177734375,20610000,0.0,0.0
2021-08-27 00:00:00-04:00,140.59025038508423,143.42880397436727,140.43591417092568,142.9241180419922,28780000,0.0,0.0
2021-08-30 00:00:00-04:00,143.31711771847773,144.8758510974579,143.08189549994657,143.50619506835938,24434000,0.0,0.0
2021-08-31 00:00:00-04:00,144.05853400521448,144.08284070648722,143.1990308749765,143.61239624023438,22448000,0.0,0.0
2021-09-01 00:00:00-04:00,143.91262680281687,145.15722071865454,143.7969996028531,144.1265106201172,21936000,0.0,0.0
2021-09-02 00:00:00-04:00,144.1270137169677,144.4282350739372,142.11123857880438,142.2124786376953,32342000,0.0,0.0
2021-09-03 00:00:00-04:00,142.00753585009178,143.07397156605705,141.33262733689926,142.66159057617188,19850000,0.0,0.0
2021-09-07 00:00:00-04:00,142.75587753973872,143.48089873899315,142.5419937114171,143.1985321044922,20124000,0.0,0.0
2021-09-08 00:00:00-04:00,143.01939373948818,143.3171319106359,141.92763663073742,142.6134490966797,18344000,0.0,0.0
2021-09-09 00:00:00-04:00,142.76182262055423,143.22829924541583,142.10380011064456,142.46456909179688,15314000,0.0,0.0
2021-09-10 00:00:00-04:00,143.13103101123474,143.63324834342055,139.6825992095329,139.81956481933594,36840000,0.0,0.0
2021-09-13 00:00:00-04:00,140.88499809629892,141.87799874708952,140.1907502683079,141.26513671875,22094000,0.0,0.0
2021-09-14 00:00:00-04:00,141.92317737522325,142.2879293728358,140.6870186953344,141.47555541992188,19674000,0.0,0.0
2021-09-15 00:00:00-04:00,141.70084898830657,143.3672589310745,140.28753163392904,143.34642028808594,27408000,0.0,0.0
2021-09-16 00:00:00-04:00,142.87099696216728,143.21787856046222,141.33361711274972,142.53305053710938,26190000,0.0,0.0
2021-09-17 00:00:00-04:00,141.95789782730313,142.3742466109802,139.41659826215943,139.74412536621094,53384000,0.0,0.0
2021-09-20 00:00:00-04:00,137.12541555299168,137.95762854767855,135.29971724995474,137.67922973632812,46518000,0.0,0.0
2021-09-21 00:00:00-04:00,138.70153631780258,138.9615802217948,137.2410742640262,137.99041748046875,25332000,0.0,0.0
2021-09-22 00:00:00-04:00,138.25935937751655,139.83048106126535,137.51249995610252,139.23150634765625,25056000,0.0,0.0
2021-09-23 00:00:00-04:00,139.93024135046866,140.6339242140277,139.34863720343068,140.1570281982422,20952000,0.0,0.0
2021-09-24 00:00:00-04:00,139.4846026662083,141.26317188611173,139.18933300671583,141.14852905273438,22984000,0.0,0.0
2021-09-27 00:00:00-04:00,139.74860330168596,140.87410203574274,139.01713059177794,140.01409912109375,21882000,0.0,0.0
2021-09-28 00:00:00-04:00,137.61521342871015,138.0534004027572,134.34492472467014,134.8114013671875,45772000,0.0,0.0
2021-09-29 00:00:00-04:00,135.952776944704,136.1224998181307,132.86114615387476,133.34597778320312,30848000,0.0,0.0
2021-09-30 00:00:00-04:00,133.25467295688009,134.5260573598816,132.5544581975898,132.67355346679688,37996000,0.0,0.0
2021-10-01 00:00:00-04:00,133.43928275970532,135.8838255062705,133.06759462080367,135.51907348632812,35360000,0.0,0.0
2021-10-04 00:00:00-04:00,134.94092038251742,134.94092038251742,130.06725246602704,132.6571807861328,51202000,0.0,0.0
2021-10-05 00:00:00-04:00,133.03582852986017,136.195457682752,133.03582852986017,135.00296020507812,32404000,0.0,0.0
2021-10-06 00:00:00-04:00,133.73949382505162,136.71699647050733,133.54099667756023,136.53338623046875,24364000,0.0,0.0
2021-10-07 00:00:00-04:00,137.8504129570909,138.99179791021626,137.61122294090794,138.18092346191406,25110000,0.0,0.0
2021-10-08 00:00:00-04:00,138.53029594438388,139.2786394526992,138.17349477354347,138.73724365234375,26526000,0.0,0.0
2021-10-11 00:00:00-04:00,138.2474552462398,139.6568048342749,137.81768850604507,137.87228393554688,17954000,0.0,0.0
2021-10-12 00:00:00-04:00,138.43402701454784,138.46083253617908,134.74192230236443,135.42576599121094,36332000,0.0,0.0
2021-10-13 00:00:00-04:00,136.3721194131422,136.96514241440264,135.49524559946482,136.55027770996094,19654000,0.0,0.0
2021-10-14 00:00:00-04:00,138.4280577151178,140.27757789553945,137.78392262648904,140.0924835205078,31894000,0.0,0.0
2021-10-15 00:00:00-04:00,140.55251849051083,140.65524269555343,139.69946688773342,140.307861328125,30274000,0.0,0.0
2021-10-18 00:00:00-04:00,140.01855803335158,141.7251609960852,140.01160677138375,141.70729064941406,20396000,0.0,0.0
2021-10-19 00:00:00-04:00,142.31221062847752,142.58515744506195,141.53062530654964,142.162841796875,20164000,0.0,0.0
2021-10-20 00:00:00-04:00,142.2631058944433,142.4695538565035,140.3163131219319,140.70587158203125,23288000,0.0,0.0
2021-10-21 00:00:00-04:00,140.70586399440023,141.08997046295738,139.44638307898973,140.82199096679688,26292000,0.0,0.0
2021-10-22 00:00:00-04:00,138.10650299028052,139.52875553803523,135.03571082515822,136.53488159179688,50588000,0.0,0.0
2021-10-25 00:00:00-04:00,136.51851473554404,136.96513715391242,134.40845059559413,136.41629028320312,34412000,0.0,0.0
2021-10-26 00:00:00-04:00,138.21916373627255,139.0325068979377,137.267355663292,138.26382446289062,49236000,0.0,0.0
2021-10-27 00:00:00-04:00,138.35958967330268,147.5352558412774,138.35958967330268,145.12100219726562,85782000,0.0,0.0
2021-10-28 00:00:00-04:00,146.03116213698377,146.05448445943154,143.54245831069542,144.7552947998047,36206000,0.0,0.0
2021-10-29 00:00:00-04:00,143.9900311384239,147.13030506172618,143.5647472193949,146.93577575683594,43320000,0.0,0.0
2021-11-01 00:00:00-04:00,146.93581200680188,146.93581200680188,142.15145003137462,142.42091369628906,46924000,0.0,0.0
2021-11-02 00:00:00-04:00,143.49530344337282,145.50957959342554,143.2531299166972,144.34190368652344,33482000,0.0,0.0
2021-11-03 00:00:00-04:00,144.8063781414798,145.5691239438991,143.50670412146945,145.4986572265625,27494000,0.0,0.0
2021-11-04 00:00:00-04:00,146.02120570689476,148.61064946538178,145.2108308442372,147.1556396484375,38412000,0.0,0.0
2021-11-05 00:00:00-04:00,148.05085702722778,149.20017778946539,147.08566141589458,147.73574829101562,38354000,0.0,0.0
2021-11-08 00:00:00-05:00,148.70142789657243,149.48551200185,147.31738481739532,147.91339111328125,23052000,0.0,0.0
2021-11-09 00:00:00-05:00,148.11389827574533,148.71088906033273,146.14079981403162,147.8017578125,19530000,0.0,0.0
2021-11-10 00:00:00-05:00,146.39388220777226,146.95961498797055,143.4536043601575,144.79942321777344,29970000,0.0,0.0
2021-11-11 00:00:00-05:00,145.39097096057034,146.42913217183607,144.50863009769796,144.6733856201172,16518000,0.0,0.0
2021-11-12 00:00:00-05:00,145.51600107030356,147.7337564391423,144.32053550188084,147.5630340576172,22360000,0.0,0.0
2021-11-15 00:00:00-05:00,147.78388336285937,148.42801853120432,146.46832288502367,147.3387451171875,23508000,0.0,0.0
2021-11-16 00:00:00-05:00,147.03850684850835,147.64690125348622,146.2077780831521,146.76705932617188,18904000,0.0,0.0
2021-11-17 00:00:00-05:00,146.9174130849966,147.44542122499766,146.13582776741984,146.936767578125,19594000,0.0,0.0
2021-11-18 00:00:00-05:00,147.1298348231303,149.45129909726722,146.77551730421044,148.71485900878906,35608000,0.0,0.0
2021-11-19 00:00:00-05:00,148.85080652363035,149.83438735066673,147.78238698513604,147.80967712402344,33682000,0.0,0.0
2021-11-22 00:00:00-05:00,148.2126562711061,148.70592331969485,145.05154308495818,145.2048797607422,30594000,0.0,0.0
2021-11-23 00:00:00-05:00,145.05698650074015,145.56018822180644,143.03427520363064,144.6887664794922,27218000,0.0,0.0
2021-11-24 00:00:00-05:00,144.38257946964197,145.1527611600918,143.29033776996786,145.02423095703125,18040000,0.0,0.0
2021-11-26 00:00:00-05:00,143.2660178960678,143.47345022970194,140.7788138039504,141.11676025390625,30470000,0.0,0.0
2021-11-29 00:00:00-05:00,142.92012308902753,145.20039440867032,142.8144154479387,144.43914794921875,32596000,0.0,0.0
2021-11-30 00:00:00-05:00,143.92106736043897,144.90513286079363,140.53961906199348,140.83340454101562,42068000,0.0,0.0
2021-12-01 00:00:00-05:00,142.92015005272097,144.85602381982557,139.85530937917687,139.99375915527344,34020000,0.0,0.0
2021-12-02 00:00:00-05:00,140.1907403286436,142.78563565182435,139.1629985850342,141.8938751220703,29194000,0.0,0.0
2021-12-03 00:00:00-05:00,142.60355552786942,143.31715802946007,139.24889684085005,140.9366455078125,41230000,0.0,0.0
2021-12-06 00:00:00-05:00,141.96782338203911,142.77373060812116,139.09899659163847,142.0814666748047,30618000,0.0,0.0
2021-12-07 00:00:00-05:00,144.50465719357044,146.4246594362263,144.13842108192705,146.1651153564453,32240000,0.0,0.0
2021-12-08 00:00:00-05:00,146.48966913877248,147.28020490132727,145.30810591665517,147.0752410888672,24270000,0.0,0.0
2021-12-09 00:00:00-05:00,146.48421241020347,147.98189902251838,146.01178401342344,146.53135681152344,23270000,0.0,0.0
2021-12-10 00:00:00-05:00,147.58489560327317,147.86031099599933,145.60386142739566,146.89163208007812,24458000,0.0,0.0
2021-12-13 00:00:00-05:00,146.67326661525007,146.86036006274796,144.42625220003177,144.73294067382812,27070000,0.0,0.0
2021-12-14 00:00:00-05:00,142.88836698093175,143.39652088196925,140.15600616019245,142.82781982421875,38446000,0.0,0.0
2021-12-15 00:00:00-05:00,142.33357371721698,145.6207335434512,140.61555168516296,145.34283447265625,36370000,0.0,0.0
2021-12-16 00:00:00-05:00,146.0668723499837,146.56957435647965,142.5300879554228,143.36181640625,33650000,0.0,0.0
2021-12-17 00:00:00-05:00,141.43138309383306,142.75587874027252,140.24038500191537,140.66220092773438,50416000,0.0,0.0
2021-12-20 00:00:00-05:00,138.9501458780245,140.71134455015442,138.27623682243168,140.5450897216797,27192000,0.0,0.0
2021-12-21 00:00:00-05:00,140.9882563035869,142.79014803784034,139.44889214275514,142.39662170410156,28756000,0.0,0.0
2021-12-22 00:00:00-05:00,141.9946312572679,145.4013858438992,141.9946312572679,145.3170166015625,26322000,0.0,0.0
2021-12-23 00:00:00-05:00,145.40137781045914,147.1318028392247,145.35373364931638,145.81475830078125,26384000,0.0,0.0
2021-12-27 00:00:00-05:00,146.15171345394464,147.23155191988448,146.06586006399732,146.79733276367188,15976000,0.0,0.0
2021-12-28 00:00:00-05:00,147.12435498406532,147.18688605386762,144.95922615738593,145.58697509765625,18200000,0.0,0.0
2021-12-29 00:00:00-05:00,145.54481749410752,146.31153120052826,144.55529990736875,145.55523681640625,17788000,0.0,0.0
2021-12-30 00:00:00-05:00,145.59390961021398,146.19536786923555,144.8996618572222,145.10411071777344,15688000,0.0,0.0
2021-12-31 00:00:00-05:00,144.9547612243931,145.59839661195713,143.7657470703125,143.7657470703125,18136000,0.0,0.0
2022-01-03 00:00:00-05:00,143.96722101651818,144.75725699875156,142.6352894390565,143.90420532226562,28646000,0.0,0.0
2022-01-04 00:00:00-05:00,144.3056527999595,145.3864907314866,142.63875836947292,143.31663513183594,28400000,0.0,0.0
2022-01-05 00:00:00-05:00,143.3369947744093,143.41589690893608,136.65548327199204,136.7418212890625,54618000,0.0,0.0
2022-01-06 00:00:00-05:00,135.97113194890792,138.89057101080056,135.53442915294616,136.71450805664062,37348000,0.0,0.0
2022-01-07 00:00:00-05:00,137.109533589017,137.41027034450386,134.74837599268508,135.989501953125,29760000,0.0,0.0
2022-01-10 00:00:00-05:00,134.0650342896381,137.77847711136317,132.16588595061782,137.6295928955078,44408000,0.0,0.0
2022-01-11 00:00:00-05:00,136.9720874131419,139.1645217290707,135.66744595665384,138.6881103515625,28730000,0.0,0.0
2022-01-12 00:00:00-05:00,140.09148951411504,141.53856351346735,139.63941518856805,140.36988830566406,26108000,0.0,0.0
2022-01-13 00:00:00-05:00,140.47857244926956,141.77876136551572,137.37105536435357,137.5477294921875,31436000,0.0,0.0
2022-01-14 00:00:00-05:00,136.05102908212427,139.68656954146815,135.97114257121223,138.4345245361328,29662000,0.0,0.0
2022-01-18 00:00:00-05:00,135.15382402606036,136.10314842718847,134.42285105215512,134.9781494140625,34872000,0.0,0.0
2022-01-19 00:00:00-05:00,135.4996873505958,136.92492316466289,134.00300044131276,134.10324096679688,28648000,0.0,0.0
2022-01-20 00:00:00-05:00,135.2282544434575,136.59394277770195,131.96738542394968,132.3078155517578,29908000,0.0,0.0
2022-01-21 00:00:00-05:00,131.59918447816986,133.85413470989914,129.11098076605415,129.37399291992188,55652000,0.0,0.0
2022-01-24 00:00:00-05:00,125.03329091598978,130.21911482681233,123.56637755178818,129.82310485839844,76622000,0.0,0.0
2022-01-25 00:00:00-05:00,127.77457291304532,128.42862762197316,125.5518651812698,125.98310089111328,46960000,0.0,0.0
2022-01-26 00:00:00-05:00,130.13572850778058,132.00261942561787,126.18854746933454,128.2638702392578,49130000,0.0,0.0
2022-01-27 00:00:00-05:00,130.31932241896405,131.65770522937257,127.96560114019877,128.03756713867188,31950000,0.0,0.0
2022-01-28 00:00:00-05:00,128.68666808776362,132.35644978053813,127.52147605383999,132.35098266601562,34362000,0.0,0.0
2022-01-31 00:00:00-05:00,133.15591425848223,134.45708760059057,131.21805677014638,134.28884887695312,39986000,0.0,0.0
2022-02-01 00:00:00-05:00,136.56265758061303,136.75967057677127,133.36085185882231,136.61178588867188,68644000,0.0,0.0
2022-02-02 00:00:00-05:00,150.11578031488366,150.41005044814193,144.43123734697568,146.89015197753906,123200000,0.0,0.0
2022-02-03 00:00:00-05:00,144.61286316505112,148.55259367465578,141.5956515737135,142.0169677734375,71518000,0.0,0.0
2022-02-04 00:00:00-05:00,142.3688132081946,143.78858213047806,139.4612771720624,142.21844482421875,57998000,0.0,0.0
2022-02-07 00:00:00-05:00,143.16823691116105,143.16823691116105,137.85835170281248,138.1571044921875,54974000,0.0,0.0
2022-02-08 00:00:00-05:00,137.98393352600814,138.95012868811895,135.98652845498887,138.3536376953125,54284000,0.0,0.0
2022-02-09 00:00:00-05:00,139.90640076704875,141.45569926676154,139.13571933998102,140.53018188476562,40144000,0.0,0.0
2022-02-10 00:00:00-05:00,138.65586088469732,140.42349572216153,136.92245230630547,137.58047485351562,39330000,0.0,0.0
2022-02-11 00:00:00-05:00,137.5606404788322,138.11295539537267,132.39962332012644,133.2755126953125,39958000,0.0,0.0
2022-02-14 00:00:00-05:00,132.25719261759903,135.27787180639476,132.25719261759903,134.50967407226562,34302000,0.0,0.0
2022-02-15 00:00:00-05:00,136.5388523034239,137.07282740423187,134.80297510881232,135.58407592773438,26680000,0.0,0.0
2022-02-16 00:00:00-05:00,135.62178690030257,137.05049099274288,133.9122003011313,136.70510864257812,25022000,0.0,0.0
2022-02-17 00:00:00-05:00,135.22129248130244,136.08526315724788,131.48502706977027,131.54507446289062,38950000,0.0,0.0
2022-02-18 00:00:00-05:00,132.46612837230094,133.06461847926178,129.2201611900481,129.42510986328125,45620000,0.0,0.0
2022-02-22 00:00:00-05:00,128.8643488187509,131.18928131742402,127.26195393463564,128.8400421142578,44990000,0.0,0.0
2022-02-23 00:00:00-05:00,130.66126157793636,131.0607395809099,126.57116292849084,126.63121032714844,32786000,0.0,0.0
2022-02-24 00:00:00-05:00,124.01646653856334,132.0026265987599,124.01646653856334,131.69593811035156,54456000,0.0,0.0
2022-02-25 00:00:00-05:00,132.55050644906422,134.25710975771403,130.76350170845896,133.45120239257812,36406000,0.0,0.0
2022-02-28 00:00:00-05:00,132.05225159221422,134.73348521833475,131.5981781769132,134.04420471191406,38864000,0.0,0.0
2022-03-01 00:00:00-05:00,133.86704226332247,135.23371506860198,132.21950209052739,133.05616760253906,26496000,0.0,0.0
2022-03-02 00:00:00-05:00,133.61841172309505,134.24814455333347,132.07358086324874,133.5623321533203,23520000,0.0,0.0
2022-03-03 00:00:00-05:00,134.99003246039214,135.41631592852903,132.02791664044642,132.89537048339844,24604000,0.0,0.0
2022-03-04 00:00:00-05:00,131.93066729654552,132.84773411932804,129.36007848583986,130.9173126220703,30430000,0.0,0.0
2022-03-07 00:00:00-05:00,130.50197452038165,130.74711632419786,125.3479086063169,125.4307861328125,45112000,0.0,0.0
2022-03-08 00:00:00-05:00,125.30324479087164,130.26574953506457,124.73206001019544,126.15133666992188,40428000,0.0,0.0
2022-03-09 00:00:00-05:00,130.26573904313827,132.73260407205578,128.92635657630487,132.41946411132812,37026000,0.0,0.0
2022-03-10 00:00:00-05:00,130.28161351312121,132.2725668021026,129.93076412472254,131.43638610839844,27102000,0.0,0.0
2022-03-11 00:00:00-05:00,132.48745580910284,132.7921603804447,128.659385038366,128.89659118652344,31526000,0.0,0.0
2022-03-14 00:00:00-04:00,129.27325019146025,129.43105445194786,124.33555942411138,125.00648498535156,38812000,0.0,0.0
2022-03-15 00:00:00-04:00,126.02380390981074,128.88072746557518,124.77771812675637,128.22914123535156,30920000,0.0,0.0
2022-03-16 00:00:00-04:00,129.75262441968042,132.33311772405185,127.76910672795162,132.28102111816406,35576000,0.0,0.0
2022-03-17 00:00:00-04:00,132.15049913160888,133.0750169543275,131.19372381937578,132.8353271484375,28264000,0.0,0.0
2022-03-18 00:00:00-04:00,132.42394150815238,135.22230167112554,131.2666850458185,135.1046905517578,44566000,0.0,0.0
2022-03-21 00:00:00-04:00,135.14241839412708,136.02227568775655,133.08694951089777,135.0808868408203,26832000,0.0,0.0
2022-03-22 00:00:00-04:00,135.08087260988333,139.99226524903366,135.08087260988333,138.81912231445312,35496000,0.0,0.0
2022-03-23 00:00:00-04:00,137.66237103767637,138.5417285094916,136.80138367889504,137.2385711669922,25154000,0.0,0.0
2022-03-24 00:00:00-04:00,138.15613908829116,140.55700535804056,136.71751540077963,140.51036071777344,26396000,0.0,0.0
2022-03-25 00:00:00-04:00,140.8517544009212,140.9698652761117,138.68959391227574,140.61058044433594,24126000,0.0,0.0
2022-03-28 00:00:00-04:00,139.84388368780657,140.9376247499745,138.76304562317353,140.3947296142578,35050000,0.0,0.0
2022-03-29 00:00:00-04:00,141.57779246166834,142.71519472589625,140.97335063207385,141.4368438720703,34318000,0.0,0.0
2022-03-30 00:00:00-04:00,141.39167328610918,141.65021781088518,140.53812197630958,140.87408447265625,19884000,0.0,0.0
2022-03-31 00:00:00-04:00,140.9877281817403,141.04232360786241,137.98195087256153,138.02462768554688,37524000,0.0,0.0
2022-04-01 00:00:00-04:00,138.4538984244036,139.41761005169244,137.27033605941776,139.09951782226562,25942000,0.0,0.0
2022-04-04 00:00:00-04:00,139.3059565218583,142.63430898174366,139.2583123546928,141.89935302734375,25942000,0.0,0.0
2022-04-05 00:00:00-04:00,141.79761431614833,141.91819372538492,139.32976482705615,139.5366973876953,21418000,0.0,0.0
2022-04-06 00:00:00-04:00,137.70951570655762,138.31544169493338,134.50075823179935,135.52403259277344,32468000,0.0,0.0
2022-04-07 00:00:00-04:00,134.9900557399391,136.13590856530524,133.22092149350598,134.86947631835938,26234000,0.0,0.0
2022-04-08 00:00:00-04:00,134.56675141890017,134.65260481245758,131.96838763466556,132.28797912597656,25142000,0.0,0.0
2022-04-11 00:00:00-04:00,130.83495535168646,131.10193533045702,127.70361595123991,127.85745239257812,36884000,0.0,0.0
2022-04-12 00:00:00-04:00,130.61313547778892,130.61313547778892,125.83820864259683,126.75676727294922,32710000,0.0,0.0
2022-04-13 00:00:00-04:00,127.04011273465291,129.35660942683415,126.78305234113374,128.91990661621094,27928000,0.0,0.0
2022-04-14 00:00:00-04:00,129.5010341712906,129.5010341712906,125.65160981411958,125.77964782714844,31598000,0.0,0.0
2022-04-18 00:00:00-04:00,126.04762222036051,127.25102357948299,125.23575564563903,126.71904754638672,20808000,0.0,0.0
2022-04-19 00:00:00-04:00,126.73394682499422,129.355633163312,126.04713475929695,129.03407287597656,26490000,0.0,0.0
2022-04-20 00:00:00-04:00,129.91043648589024,130.41363823819555,126.54387486028567,127.07981872558594,31696000,0.0,0.0
2022-04-21 00:00:00-04:00,128.2807486036101,129.12288118231135,123.59266724701,123.87850952148438,36446000,0.0,0.0
2022-04-22 00:00:00-04:00,124.06261542731319,124.46160122256957,118.03317534641822,118.73834228515625,56884000,0.0,0.0
2022-04-25 00:00:00-04:00,118.20785607828329,122.35303480833002,117.62228414008575,122.15106201171875,46128000,0.0,0.0
2022-04-26 00:00:00-04:00,121.37740120497031,121.59128502362185,117.6222734562165,117.7602310180664,73054000,0.0,0.0
2022-04-27 00:00:00-04:00,113.61108393889343,116.36279188370548,111.89108568755887,113.4374008178711,91820000,0.0,0.0
2022-04-28 00:00:00-04:00,115.54199599993349,118.75223733155552,113.2592408453906,117.6336898803711,48884000,0.0,0.0
2022-04-29 00:00:00-04:00,115.85909136700216,117.0357022536662,112.96099060726237,113.25377655029297,42676000,0.0,0.0
2022-05-02 00:00:00-04:00,112.55455593011817,115.87000484676354,111.75559245542158,115.70872497558594,35534000,0.0,0.0
2022-05-03 00:00:00-04:00,115.55738116745341,117.55380196982412,115.16435465778821,116.45410919189453,24968000,0.0,0.0
2022-05-04 00:00:00-04:00,116.15387837554545,121.93320955294836,114.25273835602403,121.34416198730469,49916000,0.0,0.0
2022-05-05 00:00:00-04:00,119.30258703193357,120.13132441982566,114.14306924777586,115.63182067871094,45840000,0.0,0.0
2022-05-06 00:00:00-04:00,114.32072750015296,116.68982830154226,113.16049515980836,114.87850952148438,39710000,0.0,0.0
2022-05-09 00:00:00-04:00,112.40073109237771,114.21403375682236,111.16060468534064,111.66727447509766,40802000,0.0,0.0
2022-05-10 00:00:00-04:00,114.64130019962774,115.37823243873659,112.05384804886181,113.53713989257812,39900000,0.0,0.0
2022-05-11 00:00:00-04:00,112.38734239433477,115.49188386833971,112.38734239433477,112.75059509277344,37534000,0.0,0.0
2022-05-12 00:00:00-04:00,110.54227032758833,113.437887434489,109.00091505173944,111.99777221679688,53836000,0.0,0.0
2022-05-13 00:00:00-04:00,113.67409966518487,116.99104043062077,112.75306503373766,115.18022155761719,35038000,0.0,0.0
2022-05-16 00:00:00-04:00,114.09344655582711,115.29883944533803,113.03544618325748,113.58677673339844,25990000,0.0,0.0
2022-05-17 00:00:00-04:00,115.96430800340062,116.02336344596293,114.00858771379083,115.59956359863281,23054000,0.0,0.0
2022-05-18 00:00:00-04:00,114.13760728159772,114.53460916918733,110.71893406247878,111.06035614013672,35126000,0.0,0.0
2022-05-19 00:00:00-04:00,110.59586629730997,112.16252780264969,109.1750980007813,109.55622100830078,34144000,0.0,0.0
2022-05-20 00:00:00-04:00,111.11147307486713,111.34223530640575,105.00313054945167,108.09129333496094,48962000,0.0,0.0
2022-05-23 00:00:00-04:00,108.76570147382164,111.3065015318097,107.92554522357145,110.65194702148438,37184000,0.0,0.0
2022-05-24 00:00:00-04:00,104.9788026279136,105.66015500385568,101.12045104597233,105.1753158569336,76780000,0.0,0.0
2022-05-25 00:00:00-04:00,104.19820785575082,105.70135403815657,103.07767643363695,105.01156616210938,40258000,0.0,0.0
2022-05-26 00:00:00-04:00,104.88452423587293,107.83472935545615,104.43591035610642,106.98416137695312,37948000,0.0,0.0
2022-05-27 00:00:00-04:00,108.66198041267312,111.47571962495518,108.32005857394647,111.47422790527344,37914000,0.0,0.0
2022-05-31 00:00:00-04:00,111.90100218674581,114.86709364566386,111.2380123045194,112.90888977050781,50012000,0.0,0.0
2022-06-01 00:00:00-04:00,113.99370154703936,116.22335308466774,112.40073416812857,113.03791809082031,36606000,0.0,0.0
2022-06-02 00:00:00-04:00,113.1451007120963,117.01535590801267,112.0995036968005,116.74043273925781,37992000,0.0,0.0
2022-06-03 00:00:00-04:00,115.19214245668354,115.44920287025536,112.66722129124575,113.68205261230469,26136000,0.0,0.0
2022-06-06 00:00:00-04:00,115.8293229932543,118.45200851593447,115.29287939106017,115.9444580078125,33542000,0.0,0.0
2022-06-07 00:00:00-04:00,114.61449812422804,116.80842394302496,114.18921415892557,116.27098083496094,31590000,0.0,0.0
2022-06-08 00:00:00-04:00,115.88588804690858,117.68132781808734,115.72560012536873,116.31514739990234,26108000,0.0,0.0
2022-06-09 00:00:00-04:00,115.45515051267915,117.41187026218664,113.91528690568272,113.9743423461914,25798000,0.0,0.0
2022-06-10 00:00:00-04:00,111.60176406792269,112.42950946002966,109.53835232190883,110.32788848876953,41452000,0.0,0.0
2022-06-13 00:00:00-04:00,105.98570048108614,107.97566213644032,105.32321034517643,105.59465789794922,47252000,0.0,0.0
2022-06-14 00:00:00-04:00,105.73608714050434,107.11516302340985,105.0065983723719,105.91522979736328,33706000,0.0,0.0
2022-06-15 00:00:00-04:00,107.73101553417992,110.58793144263325,106.8620849971601,108.94137573242188,39698000,0.0,0.0
2022-06-16 00:00:00-04:00,106.41694479005933,107.83373777282833,104.34956513406651,105.23834991455078,51684000,0.0,0.0
2022-06-17 00:00:00-04:00,105.23835774506158,107.88436583223476,104.25825995731333,106.34003448486328,51376000,0.0,0.0
2022-06-21 00:00:00-04:00,108.11263143059072,111.64594004037723,107.78560405644993,110.70752716064453,47416000,0.0,0.0
2022-06-22 00:00:00-04:00,109.72743298190343,112.49650392931514,109.55473424500163,110.65145111083984,30774000,0.0,0.0
2022-06-23 00:00:00-04:00,111.38987974977267,111.89704935873593,109.67186522665124,111.40029907226562,28362000,0.0,0.0
2022-06-24 00:00:00-04:00,112.14765087738255,117.19352549247178,112.10546625400416,117.09030151367188,41164000,0.0,0.0
2022-06-27 00:00:00-04:00,117.38607170273899,117.69026895389891,114.31576408761653,114.9648666381836,36420000,0.0,0.0
2022-06-28 00:00:00-04:00,114.93408839680073,116.42979107455284,111.0092451116475,111.16754913330078,35792000,0.0,0.0
2022-06-29 00:00:00-04:00,110.71546893086192,112.31190436109492,110.04106016755956,110.86384582519531,24716000,0.0,0.0
2022-06-30 00:00:00-04:00,109.17510001051674,110.05644130249395,105.94947205566056,108.1458740234375,43170000,0.0,0.0
2022-07-01 00:00:00-04:00,107.12360957404448,108.43073472952916,105.93012772204091,107.92208099365234,35476000,0.0,0.0
2022-07-05 00:00:00-04:00,106.29734246766435,112.52677114978636,104.93860549214357,112.41362762451172,39342000,0.0,0.0
2022-07-06 00:00:00-04:00,112.45234903571333,114.72269353445351,110.6400382310177,113.71282196044922,37432000,0.0,0.0
2022-07-07 00:00:00-04:00,114.21700114130591,118.2956805304421,113.97235155645592,117.89222717285156,40936000,0.0,0.0
2022-07-08 00:00:00-04:00,116.37073191522165,118.78746921249528,116.02484225798968,118.45845794677734,38238000,0.0,0.0
2022-07-11 00:00:00-04:00,117.11312990957636,117.11312990957636,114.4656302547842,114.80903625488281,31196000,0.0,0.0
2022-07-12 00:00:00-04:00,115.34350604942867,116.0968170128208,112.8374469524844,113.16546630859375,29960000,0.0,0.0
2022-07-13 00:00:00-04:00,110.86334564985317,113.3396382596684,110.36759493610163,110.5184555053711,43722000,0.0,0.0
2022-07-14 00:00:00-04:00,109.38402798124689,110.25990976214192,107.56030598074837,109.53984832763672,37004000,0.0,0.0
2022-07-15 00:00:00-04:00,111.16060487695782,112.29205534108347,110.06835559507293,110.93927001953125,46770000,0.0,0.0
2022-07-18 00:00:00-04:00,111.79530855999529,112.82751047657966,107.55733275345759,108.2123794555664,43164600,0.0,20.0
2022-07-19 00:00:00-04:00,110.01873331526212,113.16495963876075,108.73840612847393,112.95653533935547,36530900,0.0,0.0
2022-07-20 00:00:00-04:00,112.32133126160736,114.5346117230483,111.63651075173104,113.04586029052734,35600400,0.0,0.0
2022-07-21 00:00:00-04:00,113.4230039425963,113.69098343145679,110.2767778430608,113.48255157470703,32676200,0.0,0.0
2022-07-22 00:00:00-04:00,110.16761001759993,111.49755771109314,105.70135555742696,107.09085845947266,48901200,0.0,0.0
2022-07-25 00:00:00-04:00,107.59702581978459,109.04607621995325,105.50284832248128,106.70377349853516,34690900,0.0,0.0
2022-07-26 00:00:00-04:00,105.80059805632132,106.39609710232087,103.28957190469941,104.2324447631836,47991000,0.0,0.0
2022-07-27 00:00:00-04:00,108.44065165526703,113.05578240581903,107.20002551652622,112.21215057373047,59858500,0.0,0.0
2022-07-28 00:00:00-04:00,111.5273315315114,113.4825519907323,110.62415205622167,113.36345672607422,32816600,0.0,0.0
2022-07-29 00:00:00-04:00,112.23201464667002,115.83479054263834,112.21216038629261,115.44771575927734,37223400,0.0,0.0
2022-08-01 00:00:00-04:00,114.4353600580981,115.84470955891426,113.48255250344202,113.9986572265625,26034300,0.0,0.0
2022-08-02 00:00:00-04:00,113.14510872831781,115.4774844552109,112.86720967281481,114.26663208007812,20236000,0.0,0.0
2022-08-03 00:00:00-04:00,114.84228896413123,117.73047048772344,114.61401797621708,117.19451904296875,28499000,0.0,0.0
2022-08-04 00:00:00-04:00,116.59900570985317,117.88925229943138,116.01342625816295,117.30368041992188,21602900,0.0,0.0
2022-08-05 00:00:00-04:00,115.35838937548199,117.22428844560957,115.13011082398499,116.5890884399414,19159500,0.0,0.0
2022-08-08 00:00:00-04:00,117.50217907966554,119.24898275614252,116.00350062424911,116.42035675048828,19138300,0.0,0.0
2022-08-09 00:00:00-04:00,116.26154864607977,116.44019910147966,114.84227213156414,115.75537109375,19086500,0.0,0.0
2022-08-10 00:00:00-04:00,117.88926147915558,120.01321290367328,117.5220409743198,118.80236053466797,30930400,0.0,0.0
2022-08-11 00:00:00-04:00,120.37051145245026,120.57893573886966,117.67090771413612,117.94880676269531,24293700,0.0,0.0
2022-08-12 00:00:00-04:00,119.35816754426888,120.76751708984375,118.56416374756623,120.76751708984375,19096300,0.0,0.0
2022-08-15 00:00:00-04:00,120.22163979863927,121.38287168867272,119.70554262587667,121.16452026367188,19494800,0.0,0.0
2022-08-16 00:00:00-04:00,120.60870305515347,121.51188248647642,119.73530501072639,120.787353515625,19041200,0.0,0.0
2022-08-17 00:00:00-04:00,119.21922104715102,120.38044538230633,118.48476486626201,118.65349578857422,22847000,0.0,0.0
2022-08-18 00:00:00-04:00,118.53438839458119,119.91396410503756,117.82971363092356,119.26883697509766,17987700,0.0,0.0
2022-08-19 00:00:00-04:00,118.16716473471774,118.25649376081427,115.88441701477308,116.33103942871094,21809500,0.0,0.0
2022-08-22 00:00:00-04:00,114.33610843081347,114.76288414973949,112.99623363908157,113.38330841064453,21456600,0.0,0.0
2022-08-23 00:00:00-04:00,112.62900929255083,114.14753450962371,112.57938121699137,113.00615692138672,15870400,0.0,0.0
2022-08-24 00:00:00-04:00,112.64886287866464,113.91926294010845,112.02358997809887,112.83744049072266,17734600,0.0,0.0
2022-08-25 00:00:00-04:00,113.38330709839337,115.84471280114529,113.2542847000928,115.77523803710938,16956800,0.0,0.0
2022-08-26 00:00:00-04:00,113.85971726032743,114.25671917939691,109.36368888940646,109.51255798339844,37245700,0.0,0.0
2022-08-29 00:00:00-04:00,109.16518204997358,110.11798209415639,107.98411101792682,108.59945678710938,21191200,0.0,0.0
2022-08-30 00:00:00-04:00,109.34382641653404,109.67135354308121,106.99160404194176,108.12305450439453,27513300,0.0,0.0
2022-08-31 00:00:00-04:00,109.82023252604237,110.01872968878591,107.31912587125797,107.40845489501953,28627000,0.0,0.0
2022-09-01 00:00:00-04:00,107.46800272981824,109.62172799554575,106.55490366400493,108.91705322265625,28360900,0.0,0.0
2022-09-02 00:00:00-04:00,109.7606798148013,109.90955647633426,106.45565730411391,107.04122924804688,24160700,0.0,0.0
2022-09-06 00:00:00-04:00,106.49535649820784,107.21987796172488,104.98675079205103,106.00902557373047,25068300,0.0,0.0
2022-09-07 00:00:00-04:00,106.25715000377444,109.15525855226639,106.09835378823291,108.62922668457031,23167000,0.0,0.0
2022-09-08 00:00:00-04:00,107.22980641541218,108.77810551573627,106.35640828203118,107.56725311279297,24238300,0.0,0.0
2022-09-09 00:00:00-04:00,108.25207530196377,110.15767525562512,108.20244722697193,109.82022857666016,23197700,0.0,0.0
2022-09-12 00:00:00-04:00,110.15767076513058,110.78295116694179,109.10562225338329,110.02864837646484,22966800,0.0,0.0
2022-09-13 00:00:00-04:00,106.99161129456695,107.48786179672693,103.30942590501988,103.53770446777344,38172900,0.0,0.0
2022-09-14 00:00:00-04:00,103.78582499269729,104.49049976501348,102.88265305742887,104.21260070800781,26395100,0.0,0.0
2022-09-15 00:00:00-04:00,103.24987906308242,104.48057819770708,101.58247706009536,102.1382827758789,34188300,0.0,0.0
2022-09-16 00:00:00-04:00,101.30456192573307,102.35661040850711,100.18303868602453,102.02909088134766,42797200,0.0,0.0
2022-09-19 00:00:00-04:00,100.98697240353168,102.55512573336215,100.78847524094766,102.29707336425781,23036800,0.0,0.0
2022-09-20 00:00:00-04:00,101.31450704195781,101.60233324955327,99.76620028481737,100.38155364990234,26517100,0.0,0.0
2022-09-21 00:00:00-04:00,100.90756858013354,102.10849380682069,98.52556481376558,98.53549194335938,31487300,0.0,0.0
2022-09-22 00:00:00-04:00,98.07894474855821,100.48079525894666,98.0491709312513,99.38904571533203,34298600,0.0,0.0
2022-09-23 00:00:00-04:00,98.88286748104298,98.9126488703435,96.73906935446827,97.99954223632812,31625400,0.0,0.0
2022-09-26 00:00:00-04:00,97.36434023985667,99.13099069316641,97.06659450257123,97.4338150024414,27072700,0.0,0.0
2022-09-27 00:00:00-04:00,98.6843639996458,99.25008920522836,96.14356413908983,96.76883697509766,30072800,0.0,0.0
2022-09-28 00:00:00-04:00,96.91772447156976,99.94484798785372,96.38177302120951,99.29972839355469,32466300,0.0,0.0
2022-09-29 00:00:00-04:00,97.90029020087542,97.90029020087542,95.24038743081641,96.68943786621094,31047200,0.0,0.0
2022-09-30 00:00:00-04:00,96.32221919924832,98.15834442273268,94.84338734754718,94.9327163696289,32941500,0.0,0.0
2022-10-03 00:00:00-04:00,96.03439989846684,98.54542624354227,95.79619420397032,97.90029907226562,27982000,0.0,0.0
2022-10-04 00:00:00-04:00,99.6868018290202,101.07629715686122,99.62724662055442,100.87779998779297,28850800,0.0,0.0
2022-10-05 00:00:00-04:00,99.08136502983179,101.16561537101285,98.05909033124465,100.66936492919922,22176900,0.0,0.0
2022-10-06 00:00:00-04:00,99.92500569130712,102.15813304653105,99.83567665956349,100.65945434570312,22324000,0.0,0.0
2022-10-07 00:00:00-04:00,99.10122683508853,99.77612784180832,97.56285477407359,97.94000244140625,27502800,0.0,0.0
2022-10-10 00:00:00-04:00,98.2575948961487,98.35684347756712,96.28252010885105,97.12614440917969,18225100,0.0,0.0
2022-10-11 00:00:00-04:00,96.69937342071023,98.50572495067155,95.58776956681797,96.45124816894531,26507100,0.0,0.0
2022-10-12 00:00:00-04:00,96.57033961999998,98.00946288154012,96.0145339725508,96.82838439941406,21876400,0.0,0.0
2022-10-13 00:00:00-04:00,94.43646401379698,99.03174054553159,93.67223406528825,98.317138671875,34574500,0.0,0.0
2022-10-14 00:00:00-04:00,99.24017037079604,99.93492559661024,95.64732168746481,95.83589172363281,25410700,0.0,0.0
2022-10-17 00:00:00-04:00,98.11864498975567,100.17312166314639,98.08887117266298,99.22032165527344,28419200,0.0,0.0
2022-10-18 00:00:00-04:00,102.35662329095497,102.69407756152302,99.22032413323551,100.01432037353516,24060700,0.0,0.0
2022-10-19 00:00:00-04:00,99.2600211090797,100.26244160630186,98.17819114716923,98.88286590576172,23811100,0.0,0.0
2022-10-20 00:00:00-04:00,99.25009547236613,101.55269738443776,98.64466928421018,99.22032165527344,25323200,0.0,0.0
2022-10-21 00:00:00-04:00,97.11621821439542,100.55027065536837,96.98719581452741,100.37162017822266,32458700,0.0,0.0
2022-10-24 00:00:00-04:00,101.03659588940504,101.97946872710929,99.23024453211379,101.75119018554688,27176400,0.0,0.0
2022-10-25 00:00:00-04:00,102.12834936574457,104.03394937421807,101.94969889168885,103.69650268554688,40611400,0.0,0.0
2022-10-26 00:00:00-04:00,95.70686820538242,97.57276729062485,93.97991864924414,94.2181167602539,88114100,0.0,0.0
2022-10-27 00:00:00-04:00,93.81118229367367,94.71436175268728,91.11158619026445,91.52843475341797,60710900,0.0,0.0
2022-10-28 00:00:00-04:00,91.57806614303196,95.82597688593535,91.43911660546121,95.56792449951172,43697300,0.0,0.0
2022-10-31 00:00:00-04:00,94.70443378065085,95.30985993363518,93.27523763795979,93.80126190185547,31675000,0.0,0.0
2022-11-01 00:00:00-04:00,94.7342155851969,95.30986797136448,89.692316357766,89.79156494140625,47161400,0.0,0.0
2022-11-02 00:00:00-04:00,90.25803211992569,90.4962302100432,86.22847341279218,86.31780242919922,57038300,0.0,0.0
2022-11-03 00:00:00-04:00,85.6726709572669,85.8711680935017,82.71501516541419,82.8043441772461,61288000,0.0,0.0
2022-11-04 00:00:00-04:00,84.75958132144375,85.99028036002329,83.08225231902676,85.93073272705078,51124900,0.0,0.0
2022-11-07 00:00:00-05:00,86.62549065076033,88.23334508179792,86.19871489529751,87.826416015625,34078900,0.0,0.0
2022-11-08 00:00:00-05:00,88.23333740234375,89.64268695690804,86.93315598764553,88.23333740234375,30429000,0.0,0.0
2022-11-09 00:00:00-05:00,87.7867073862383,88.76928879424014,86.62548307370679,86.6651840209961,31769100,0.0,0.0
2022-11-10 00:00:00-05:00,91.55821325740865,93.68216469901468,90.92301325088243,93.23554229736328,51620100,0.0,0.0
2022-11-11 00:00:00-05:00,93.97992401150627,96.20312417620435,93.21569398564695,95.68702697753906,33090500,0.0,0.0
2022-11-14 00:00:00-05:00,94.37691176596793,96.06416792544084,93.80126696942858,94.98233795166016,30179500,0.0,0.0
2022-11-15 00:00:00-05:00,97.52313177775265,99.38903057584857,95.98475249232457,97.7017822265625,41640800,0.0,0.0
2022-11-16 00:00:00-05:00,97.16583842815655,98.89278785268415,96.90778607712295,98.10871124267578,29105200,0.0,0.0
2022-11-17 00:00:00-05:00,96.24281507898955,98.53548977287406,96.06416461114264,97.62239074707031,26052600,0.0,0.0
2022-11-18 00:00:00-05:00,98.02931128973258,98.15834125388724,95.64731516977584,96.6993637084961,28342300,0.0,0.0
2022-11-21 00:00:00-05:00,96.56040838457461,97.66208493133233,94.6448814455633,94.8830795288086,21647400,0.0,0.0
2022-11-22 00:00:00-05:00,95.23046275016921,96.49094319214763,93.34471701030947,96.32221984863281,23438500,0.0,0.0
2022-11-23 00:00:00-05:00,96.36190500494142,98.01938719844442,96.36190500494142,97.72163391113281,18868100,0.0,0.0
2022-11-25 00:00:00-05:00,97.5032907612572,97.90029265387534,96.66959360172228,96.72914123535156,9701400,0.0,0.0
2022-11-28 00:00:00-05:00,96.31229336649913,96.84824478966246,94.8930167011355,95.32971954345703,26237500,0.0,0.0
2022-11-29 00:00:00-05:00,95.01211718133456,95.39919193752951,93.40426295178399,94.47616577148438,20061700,0.0,0.0
2022-11-30 00:00:00-05:00,94.10893714279987,100.28229409060886,93.71193525947234,100.232666015625,43647500,0.0,0.0
2022-12-01 00:00:00-05:00,100.26243983174288,101.48321929784336,99.49821745338677,100.232666015625,28687100,0.0,0.0
2022-12-02 00:00:00-05:00,98.30721485364356,100.01431000072103,98.15833820772113,99.6867904663086,21480700,0.0,0.0
2022-12-05 00:00:00-05:00,98.654591640414,100.6197391952586,98.25758976329782,98.73399353027344,24405100,0.0,0.0
2022-12-06 00:00:00-05:00,98.55534850991971,99.03174473103793,95.69694089448478,96.25274658203125,24910700,0.0,0.0
2022-12-07 00:00:00-05:00,95.68702021037814,96.1534892961787,94.00969118202147,94.22804260253906,31045400,0.0,0.0
2022-12-08 00:00:00-05:00,94.66473795397769,94.8632426874311,92.74921081619499,93.00726318359375,32213300,0.0,0.0
2022-12-09 00:00:00-05:00,93.06682651721167,93.55315751707688,92.0544787084585,92.13388061523438,28225400,0.0,0.0
2022-12-12 00:00:00-05:00,92.0147609619929,92.85838524401936,90.92301144571273,92.61026000976562,29420000,0.0,0.0
2022-12-13 00:00:00-05:00,97.0268965895578,98.78361996821883,94.3173656196912,94.9128646850586,40593700,0.0,0.0
2022-12-14 00:00:00-05:00,94.48609332844649,96.14357577360637,92.89809322343211,94.35707092285156,28733600,0.0,0.0
2022-12-15 00:00:00-05:00,92.43161623135528,92.93779386609687,89.33501792983441,90.17864227294922,40107000,0.0,0.0
2022-12-16 00:00:00-05:00,90.0793803135825,90.64510550177309,88.84867379330282,89.5831298828125,58011800,0.0,0.0
2022-12-19 00:00:00-05:00,89.58312266498575,89.8808683561496,87.54849303388916,87.77677154541016,29493000,0.0,0.0
2022-12-20 00:00:00-05:00,87.44925276224407,88.51122839633814,86.78427899285954,88.35242462158203,23453800,0.0,0.0
2022-12-21 00:00:00-05:00,88.4119983594826,89.54344898920488,87.65769541560695,88.90824890136719,24745600,0.0,0.0
2022-12-22 00:00:00-05:00,87.49888481734911,87.87603244128935,85.67267918543912,87.10188293457031,27658300,0.0,0.0
2022-12-23 00:00:00-05:00,86.45675502144779,88.8784596690233,86.41705407631922,88.56085968017578,23003000,0.0,0.0
2022-12-27 00:00:00-05:00,88.13408725969353,88.27303678671537,86.35750965313572,86.73465728759766,20097300,0.0,0.0
2022-12-28 00:00:00-05:00,86.32773122933094,87.37977975554813,85.29552938926575,85.37492370605469,19523200,0.0,0.0
2022-12-29 00:00:00-05:00,85.97044152530074,88.18371457098455,85.96051439483823,87.78671264648438,23333500,0.0,0.0
2022-12-30 00:00:00-05:00,86.32774826942845,87.63784940730596,85.92081918727062,87.56837463378906,23986300,0.0,0.0
2023-01-03 00:00:00-05:00,88.91815210738409,90.36721008671273,87.85617644594524,88.4516830444336,28131200,0.0,0.0
2023-01-04 00:00:00-05:00,89.67244521103103,89.9701984780618,86.61554094861164,87.41947174072266,34854800,0.0,0.0
2023-01-05 00:00:00-05:00,86.81405397793031,86.9133025524005,85.25582788498791,85.55357360839844,27194400,0.0,0.0
2023-01-06 00:00:00-05:00,86.13915710492884,87.03240946135887,84.2236299964327,86.68502807617188,41381500,0.0,0.0
2023-01-09 00:00:00-05:00,87.69737855387638,89.37470746783313,87.20112811279385,87.35992431640625,29003900,0.0,0.0
2023-01-10 00:00:00-05:00,85.33523786963791,88.00506036543571,85.18636120771751,87.7569351196289,30467800,0.0,0.0
2023-01-11 00:00:00-05:00,88.51123815802363,90.91308872474838,88.34251480787275,90.83368682861328,26862000,0.0,0.0
2023-01-12 00:00:00-05:00,90.79399088981015,91.18106565731547,89.07696090221926,90.44660949707031,30258100,0.0,0.0
2023-01-13 00:00:00-05:00,90.1687035996184,91.49865871880165,89.45410175315347,91.42918395996094,26329200,0.0,0.0
2023-01-17 00:00:00-05:00,91.36963007309137,91.5582076664508,89.37470872387392,90.60540771484375,32602400,0.0,0.0
2023-01-18 00:00:00-05:00,91.44904665854082,92.10410098989378,89.96029507511915,90.43669891357422,29116700,0.0,0.0
2023-01-19 00:00:00-05:00,90.03968954197848,92.90801675008117,89.95036051681471,92.35221862792969,37000400,0.0,0.0
2023-01-20 00:00:00-05:00,94.38684898779833,97.56285691288628,94.30744708593015,97.28495025634766,63191100,0.0,0.0
2023-01-23 00:00:00-05:00,97.21546604814961,99.28979699304459,96.76884364481533,99.04167175292969,40005100,0.0,0.0
2023-01-24 00:00:00-05:00,97.36434045143623,98.86301898722769,96.47108809327639,96.96733856201172,33078500,0.0,0.0
2023-01-25 00:00:00-05:00,94.85330946494906,95.4388889257961,93.05688528262908,94.50593566894531,42330000,0.0,0.0
2023-01-26 00:00:00-05:00,95.7763485788492,96.83832436901237,94.66474470873614,96.7886962890625,30114000,0.0,0.0
2023-01-27 00:00:00-05:00,96.58026736816271,99.5676974204637,96.58026736816271,98.62482452392578,33879800,0.0,0.0
2023-01-30 00:00:00-05:00,96.74899462729292,97.55291796280574,95.67709179848833,96.21304321289062,27226200,0.0,0.0
2023-01-31 00:00:00-05:00,96.14357246377932,98.1384939775665,96.09394438600727,98.09879302978516,29870700,0.0,0.0
2023-02-01 00:00:00-05:00,97.96977688019028,100.43118279442785,96.84825342948243,99.6768798828125,35531100,0.0,0.0
2023-02-02 00:00:00-05:00,105.00659838352416,107.04122068782463,104.81802078918444,106.93204498291016,69883800,0.0,0.0
2023-02-03 00:00:00-05:00,102.15812220922525,107.001524077653,101.81074839414418,103.99424743652344,65309300,0.0,0.0
2023-02-06 00:00:00-05:00,101.63209123670767,103.57739204538632,101.11598654066553,102.12834167480469,31999600,0.0,0.0
2023-02-07 00:00:00-05:00,102.44594211421887,107.36874557367616,102.3466935405881,106.83279418945312,49010200,0.0,0.0
2023-02-08 00:00:00-05:00,101.28472743744483,102.36654986458451,97.3047964110275,98.62482452392578,94743500,0.0,0.0
2023-02-09 00:00:00-05:00,99.2500853799974,99.27985919406251,92.92785221530656,94.2975082397461,119455000,0.0,0.0
2023-02-10 00:00:00-05:00,94.73420738768355,96.02446157990344,93.54320934269664,93.86080932617188,54980700,0.0,0.0
2023-02-13 00:00:00-05:00,94.02953508899373,94.48608460376701,93.13628274609768,93.9005126953125,50076100,0.0,0.0
2023-02-14 00:00:00-05:00,93.7218607357337,94.13870929839328,91.56813558981159,93.96998596191406,54726100,0.0,0.0
2023-02-15 00:00:00-05:00,93.78141137501834,96.39169368435806,93.44396469123609,96.21304321289062,50169000,0.0,0.0
2023-02-16 00:00:00-05:00,94.65482030629548,96.94749512562706,94.0295398485276,94.79376983642578,42462600,0.0,0.0
2023-02-17 00:00:00-05:00,94.13870649225572,94.84338120494091,92.51100566280641,93.6424560546875,34284100,0.0,0.0
2023-02-21 00:00:00-05:00,92.30258690415565,92.40183548316473,91.03218691960443,91.1016616821289,33629300,0.0,0.0
2023-02-22 00:00:00-05:00,91.0123280204154,91.41925701744177,89.9305056916628,90.96270751953125,30884000,0.0,0.0
2023-02-23 00:00:00-05:00,91.23067923772057,91.2505334957778,89.08688127056686,90.20840454101562,41206400,0.0,0.0
2023-02-24 00:00:00-05:00,88.76928933704684,89.21591174546491,87.91573789556128,88.46160888671875,36585100,0.0,0.0
2023-02-27 00:00:00-05:00,89.19606018066406,89.48388635539742,88.67002833376313,89.19606018066406,27502300,0.0,0.0
2023-02-28 00:00:00-05:00,88.66011444958845,90.54586782791486,88.65018731956766,89.38463592529297,30142000,0.0,0.0
2023-03-01 00:00:00-05:00,89.30524066283623,90.34736213861636,88.99756021287892,89.68238830566406,31111200,0.0,0.0
2023-03-02 00:00:00-05:00,88.98764047944798,91.58798817098749,88.91815814235167,91.31008911132812,32204400,0.0,0.0
2023-03-03 00:00:00-05:00,91.78649146163595,93.02711765283779,91.75671007241478,92.94771575927734,35160100,0.0,0.0
2023-03-06 00:00:00-05:00,93.31494162038848,95.25032313303056,93.29509493195017,94.41661834716797,32639300,0.0,0.0
2023-03-07 00:00:00-05:00,94.26774701922037,94.95256755074698,92.8286160456438,93.15614318847656,27835500,0.0,0.0
2023-03-08 00:00:00-05:00,93.41419049538177,95.24038857658361,93.29508765749337,93.543212890625,34103300,0.0,0.0
2023-03-09 00:00:00-05:00,93.34471548738784,94.81361262324073,91.21083697363413,91.627685546875,28813500,0.0,0.0
2023-03-10 00:00:00-05:00,91.47880785314275,92.09416114868083,89.72208455892081,89.95035552978516,35941000,0.0,0.0
2023-03-13 00:00:00-04:00,89.41440265175312,91.87580822116699,88.74942886454899,90.4267578125,37335600,0.0,0.0
2023-03-14 00:00:00-04:00,91.86588227001643,93.65238694590275,91.74678700641138,93.26531219482422,36050200,0.0,0.0
2023-03-15 00:00:00-04:00,92.52093982631897,96.20311744437676,91.94528745764846,95.38926696777344,50622100,0.0,0.0
2023-03-16 00:00:00-04:00,95.4785816363032,100.43116647994931,94.78383404910875,99.56768798828125,65492000,0.0,0.0
2023-03-17 00:00:00-04:00,99.50814641831961,102.06879309004395,99.34934263318691,100.85794830322266,61028500,0.0,0.0
2023-03-20 00:00:00-04:00,99.36919562318633,100.9869694096106,99.12107039122168,100.46094512939453,32960400,0.0,0.0
2023-03-21 00:00:00-04:00,100.49071743651176,104.31184443694538,100.46094362067213,104.13319396972656,42110300,0.0,0.0
2023-03-22 00:00:00-04:00,103.48807823611187,105.7906803043521,102.5551324244801,102.59483337402344,43427400,0.0,0.0
2023-03-23 00:00:00-04:00,104.27214642263456,105.50285304125943,103.67664737256062,104.80809783935547,40797800,0.0,0.0
2023-03-24 00:00:00-04:00,104.20266966344676,104.69892012436522,103.06129208889809,104.64929962158203,30393300,0.0,0.0
2023-03-27 00:00:00-04:00,103.83544837056961,103.97439789278444,101.16561848824847,101.69164276123047,31120900,0.0,0.0
2023-03-28 00:00:00-04:00,101.67179161770622,101.68171117444312,98.99203472350514,100.2723617553711,32057900,0.0,0.0
2023-03-29 00:00:00-04:00,101.5129867194246,101.72141099130168,99.89521304408497,100.6296615600586,28779600,0.0,0.0
2023-03-30 00:00:00-04:00,100.15326948059464,100.4013947056614,99.03173861709708,100.13341522216797,33086200,0.0,0.0
2023-03-31 00:00:00-04:00,100.54034796899097,103.11092176173695,100.28229560510373,102.9521255493164,36863400,0.0,0.0
2023-04-03 00:00:00-04:00,101.62217211579193,103.74612355244493,101.16562258542722,103.57740020751953,25035400,0.0,0.0
2023-04-04 00:00:00-04:00,103.54761764904539,104.78824373731965,103.25979148790408,103.9346923828125,24420100,0.0,0.0
2023-04-05 00:00:00-04:00,104.98675840709654,105.30435843582173,102.88266105636043,103.68658447265625,28290500,0.0,0.0
2023-04-06 00:00:00-04:00,104.47065726298723,108.35133223109835,103.54763103113567,107.6069564819336,48711500,0.0,0.0
2023-04-10 00:00:00-04:00,106.1777666662843,106.78318534611022,104.33171409002725,105.64181518554688,27067400,0.0,0.0
2023-04-11 00:00:00-04:00,105.75098036627539,105.92963084204611,103.89500084422305,104.55997467041016,26311800,0.0,0.0
2023-04-12 00:00:00-04:00,105.78074743753035,105.94947077272556,103.5575399759029,103.85529327392578,24370300,0.0,0.0
2023-04-13 00:00:00-04:00,105.04630150207365,106.68392965554615,105.04630150207365,106.62438201904297,24843600,0.0,0.0
2023-04-14 00:00:00-04:00,106.0884185328419,108.12304836716059,106.0387904599343,108.05357360839844,26578000,0.0,0.0
2023-04-17 00:00:00-04:00,103.87514217183609,105.36389344076198,103.73618508699691,105.1753158569336,37571200,0.0,0.0
2023-04-18 00:00:00-04:00,105.69141368807013,105.74104175957935,103.28956344176271,103.71633911132812,26596400,0.0,0.0
2023-04-19 00:00:00-04:00,102.8032512436726,104.19275410196762,102.29707363391327,103.39875030517578,20905700,0.0,0.0
2023-04-20 00:00:00-04:00,103.13077864388401,105.45322726139375,103.09107769672384,104.50042724609375,27820800,0.0,0.0
2023-04-21 00:00:00-04:00,104.67907735856379,105.20510165529122,103.99424927374733,104.6195297241211,25800100,0.0,0.0
2023-04-24 00:00:00-04:00,104.69891211911788,105.83036247772712,103.91483554215525,105.1753158569336,23542800,0.0,0.0
2023-04-25 00:00:00-04:00,105.03637557743666,105.88992698575956,103.06129326840653,103.07122039794922,46664100,0.0,0.0
2023-04-26 00:00:00-04:00,104.13319140174777,105.552467975158,101.86036345847234,102.93226623535156,53347600,0.0,0.0
2023-04-27 00:00:00-04:00,103.6667350719233,107.55734507144554,102.76356302408975,106.78318786621094,50089200,0.0,0.0
2023-04-28 00:00:00-04:00,106.23729608563893,106.54496893818438,104.30191480844489,106.53504180908203,36139800,0.0,0.0
2023-05-01 00:00:00-04:00,106.03879433997653,107.18017190898796,106.01894765339576,106.3960952758789,26681700,0.0,0.0
2023-05-02 00:00:00-04:00,106.33655628584265,106.3961039226054,102.93227756090715,104.53020477294922,30997200,0.0,0.0
2023-05-03 00:00:00-04:00,104.73862499300647,106.68392596400858,104.17289974925679,104.6195297241211,21795400,0.0,0.0
2023-05-04 00:00:00-04:00,104.69892635616654,104.80810206984134,103.1903281969406,103.9049301147461,23419500,0.0,0.0
2023-05-05 00:00:00-04:00,104.03393705802738,105.08598551837335,103.32926237494843,104.77831268310547,26639300,0.0,0.0
2023-05-08 00:00:00-04:00,104.3912487209223,107.15040011064862,104.37140203396783,106.96182250976562,26511400,0.0,0.0
2023-05-09 00:00:00-04:00,107.57717717560891,109.32398096474886,106.38617906657517,106.54497528076172,36360100,0.0,0.0
2023-05-10 00:00:00-04:00,107.1603420888005,112.09307363433076,107.1206411372092,110.91199493408203,63153400,0.0,0.0
2023-05-11 00:00:00-04:00,114.53460704620213,117.03570601894897,113.55203326107099,115.69583129882812,78900000,0.0,0.0
2023-05-12 00:00:00-04:00,115.80499903067223,117.14487365852709,115.23927385125883,116.62877655029297,41102300,0.0,0.0
2023-05-15 00:00:00-04:00,115.2392819935686,117.59151189110723,115.14003341637807,115.63628387451172,36266800,0.0,0.0
2023-05-16 00:00:00-04:00,115.6164352654177,119.84449149553303,115.55688763062979,118.6137924194336,45035600,0.0,0.0
2023-05-17 00:00:00-04:00,118.71303548354885,120.75758495283628,117.99843361058363,119.93380737304688,33323600,0.0,0.0
2023-05-18 00:00:00-04:00,120.04298319548356,122.38528597148938,119.92388793132871,121.90888977050781,35234200,0.0,0.0
2023-05-19 00:00:00-04:00,122.6234854701716,125.0253357573237,121.23398273827031,121.83940887451172,41353400,0.0,0.0
2023-05-22 00:00:00-04:00,122.01805859496362,125.48188448874207,121.81955387893379,124.11223602294922,35253000,0.0,0.0
2023-05-23 00:00:00-04:00,123.22893023558761,123.69539935419489,121.29354870394221,121.64092254638672,34046300,0.0,0.0
2023-05-24 00:00:00-04:00,120.21172148341005,120.99579816666204,118.96116812777687,119.99337005615234,34182600,0.0,0.0
2023-05-25 00:00:00-04:00,123.58621039965489,124.38021415921419,121.04541048455478,122.55401611328125,42317000,0.0,0.0
2023-05-26 00:00:00-04:00,122.24634093896407,124.32067187463625,121.53173903906134,123.67554473876953,35635900,0.0,0.0
2023-05-30 00:00:00-04:00,124.69782771082207,124.71768197166999,121.08512459905116,122.74259948730469,35076700,0.0,0.0
2023-05-31 00:00:00-04:00,121.82948267900218,123.12965640506518,121.58135745969669,121.9485855102539,37325800,0.0,0.0
2023-06-01 00:00:00-04:00,121.8989611091008,123.48696104605021,121.70046395655,122.7922134399414,30772700,0.0,0.0
2023-06-02 00:00:00-04:00,123.06018362345124,125.2039891873368,122.83191265844434,123.7350845336914,26980100,0.0,0.0
2023-06-05 00:00:00-04:00,123.08004629574243,126.4743977650919,122.91131537751194,125.06504821777344,32305500,0.0,0.0
2023-06-06 00:00:00-04:00,125.06504658476162,127.32793996259925,124.41991945408888,126.35529327392578,26638300,0.0,0.0
2023-06-07 00:00:00-04:00,126.01784799150856,128.07231710182637,121.20421985419401,121.58136749267578,52539000,0.0,0.0
2023-06-08 00:00:00-04:00,121.31339671268852,122.30589768119812,120.33081530189335,121.22406768798828,29389200,0.0,0.0
2023-06-09 00:00:00-04:00,121.33323932610408,122.83191785844093,120.99579264278889,121.31339263916016,23778300,0.0,0.0
2023-06-12 00:00:00-04:00,121.86918247837939,123.11973569214682,120.74765922363488,122.71280670166016,28306400,0.0,0.0
2023-06-13 00:00:00-04:00,124.04277534219001,124.2214258208004,122.25627055608605,122.90139770507812,22278300,0.0,0.0
2023-06-14 00:00:00-04:00,122.17687420804884,123.11975472159648,120.53924600846138,122.74259948730469,30592300,0.0,0.0
2023-06-15 00:00:00-04:00,122.21656558106999,124.51916746718288,121.48211700306517,124.15193939208984,35246300,0.0,0.0
2023-06-16 00:00:00-04:00,124.98564920040793,125.16429968039003,122.35552007874196,122.60364532470703,45535600,0.0,0.0
2023-06-20 00:00:00-04:00,122.00813366210225,123.63583450194002,121.22405705707857,122.1768569946289,26097500,0.0,0.0
2023-06-21 00:00:00-04:00,121.48210589822092,121.74015824016175,119.19935090788869,119.64598083496094,30306300,0.0,0.0
2023-06-22 00:00:00-04:00,119.10012175435556,122.31582292151224,117.93889738457422,122.22650146484375,26952200,0.0,0.0
2023-06-23 00:00:00-04:00,120.46975408004121,121.86918395539071,120.15215410135052,121.42255401611328,34913600,0.0,0.0
2023-06-26 00:00:00-04:00,119.85441072671466,121.08510972170825,117.38307803534231,117.45255279541016,33969900,0.0,0.0
2023-06-27 00:00:00-04:00,116.20200844412273,118.18701026555762,115.22935421985997,117.44263458251953,39535900,0.0,0.0
2023-06-28 00:00:00-04:00,116.21193098693968,119.48718710532653,115.97373288245846,119.27876281738281,27091400,0.0,0.0
2023-06-29 00:00:00-04:00,118.34580529426692,119.15965573005691,117.41285959657364,118.20685577392578,24090900,0.0,0.0
2023-06-30 00:00:00-04:00,119.26883719212228,120.17201669011786,118.79244097715116,118.80236053466797,29532200,0.0,0.0
2023-07-03 00:00:00-04:00,118.34580787808842,119.28868829776731,117.928959307964,119.00086212158203,14467900,0.0,0.0
2023-07-05 00:00:00-04:00,118.34581085804417,121.69054177705794,118.33589130053984,120.83699035644531,27584800,0.0,0.0
2023-07-06 00:00:00-04:00,118.90161667979092,119.39786715412697,117.5121138372137,119.20928955078125,24745200,0.0,0.0
2023-07-07 00:00:00-04:00,119.1993606252883,120.14224105563065,118.50461300055707,118.58401489257812,21709500,0.0,0.0
2023-07-10 00:00:00-04:00,117.41285382542821,117.42277338197862,115.26904835037104,115.57672119140625,35315200,0.0,0.0
2023-07-11 00:00:00-04:00,115.41794182924588,116.8272914274114,114.48498846913382,116.26156616210938,23078800,0.0,0.0
2023-07-12 00:00:00-04:00,117.90910932353661,119.4276344809341,117.52203458036395,118.03813171386719,30404400,0.0,0.0
2023-07-13 00:00:00-04:00,120.02314977990251,123.89390530873035,119.54674595406351,123.6060791015625,44297900,0.0,0.0
2023-07-14 00:00:00-04:00,123.86413113846548,125.82927893055157,122.56394964464167,124.47947692871094,33283100,0.0,0.0
2023-07-17 00:00:00-04:00,124.995559858238,126.14685691026072,123.26860292193302,123.7152328491211,25716200,0.0,0.0
2023-07-18 00:00:00-04:00,123.6656062716888,123.74500815821673,122.03790545876947,122.8319091796875,26193600,0.0,0.0
2023-07-19 00:00:00-04:00,123.66561821898068,124.24127059365078,120.88662007165094,121.1148910522461,37224000,0.0,0.0
2023-07-20 00:00:00-04:00,120.50946759155578,123.15944340000809,117.3334674734311,118.30611419677734,37906800,0.0,0.0
2023-07-21 00:00:00-04:00,119.71546357937767,120.08268407322286,117.83963744818556,119.11995697021484,72937900,0.0,0.0
2023-07-24 00:00:00-04:00,120.74765941479362,122.07760694524137,120.07275852066441,120.6186294555664,29686100,0.0,0.0
2023-07-25 00:00:00-04:00,120.44991665621404,122.22649427656242,120.11246239355489,121.29354095458984,52509600,0.0,0.0
2023-07-26 00:00:00-04:00,129.09460190925336,129.99776623656712,127.35772529958219,128.30059814453125,61682100,0.0,0.0
2023-07-27 00:00:00-04:00,130.6825925035767,132.24082619562287,127.82418504749104,128.4296112060547,44952100,0.0,0.0
2023-07-28 00:00:00-04:00,129.799265024623,132.73707431896543,129.59084831881933,131.5857696533203,36591200,0.0,0.0
2023-07-31 00:00:00-04:00,131.73465100315445,132.52865481704072,130.79177809982338,131.7247314453125,28055500,0.0,0.0
2023-08-01 00:00:00-04:00,129.7992922537571,131.63542534094805,129.70003608631143,130.5635223388672,23166800,0.0,0.0
2023-08-02 00:00:00-04:00,128.4792349041098,129.1144348566753,126.60340886103654,127.41726684570312,26273300,0.0,0.0
2023-08-03 00:00:00-04:00,127.01035151213354,128.4197010851892,126.46447294473376,127.48674774169922,20089500,0.0,0.0
2023-08-04 00:00:00-04:00,128.31051623779516,130.5237890233023,126.95079483936229,127.1492919921875,26147200,0.0,0.0
2023-08-07 00:00:00-04:00,128.19143287031562,130.6230572928783,128.05248333600815,130.5436553955078,22746300,0.0,0.0
2023-08-08 00:00:00-04:00,129.64046232824563,130.52378752085772,128.56855954209357,130.41461181640625,23535200,0.0,0.0
2023-08-09 00:00:00-04:00,130.67266960839547,131.04980964495556,128.0326136306667,128.6876678466797,24912900,0.0,0.0
2023-08-10 00:00:00-04:00,130.33523442746744,131.0597558939105,128.47924731856517,128.7174530029297,20857800,0.0,0.0
2023-08-11 00:00:00-04:00,127.6951647046181,128.95562989704715,127.20883382963942,128.58840942382812,19591100,0.0,0.0
2023-08-14 00:00:00-04:00,128.4196995095872,130.3848471837526,127.99293136308722,130.34515380859375,24695600,0.0,0.0
2023-08-15 00:00:00-04:00,130.1168711231594,130.43446352895285,128.31051225646652,128.8067626953125,19770700,0.0,0.0
2023-08-16 00:00:00-04:00,127.73487091064453,129.30302424952546,126.91110086620327,127.73487091064453,25216100,0.0,0.0
2023-08-17 00:00:00-04:00,128.82661397214423,131.0001932670892,128.32042884384344,128.94570922851562,33446300,0.0,0.0
2023-08-18 00:00:00-04:00,127.546294758541,128.28075093151222,125.43227040921398,126.5041732788086,30504800,0.0,0.0
2023-08-21 00:00:00-04:00,126.2262851495553,127.76465724968314,125.61093176619487,127.40735626220703,25248700,0.0,0.0
2023-08-22 00:00:00-04:00,127.54626681102073,129.30299739106866,127.35770438848107,128.11199951171875,22054900,0.0,0.0
2023-08-23 00:00:00-04:00,129.2037702845962,132.40955935337914,128.8960974039479,131.37734985351562,27819700,0.0,0.0
2023-08-24 00:00:00-04:00,132.94548953796456,133.24324283014445,128.59834599183964,128.8067626953125,28500700,0.0,0.0
2023-08-25 00:00:00-04:00,128.5685593040722,129.77941160779702,126.2957389175236,128.90602111816406,26762900,0.0,0.0
2023-08-28 00:00:00-04:00,130.3252954237949,131.54606733409824,129.16407114652645,130.0275421142578,20543300,0.0,0.0
2023-08-29 00:00:00-04:00,131.24830816492025,135.54583834542458,131.24830816492025,133.5608367919922,43075600,0.0,0.0
2023-08-30 00:00:00-04:00,133.76926593538553,135.2580172391428,133.06459879911617,134.86102294921875,28315800,0.0,0.0
2023-08-31 00:00:00-04:00,134.9900609451091,136.9651434659,134.77170950484623,135.14886474609375,30053800,0.0,0.0
2023-09-01 00:00:00-04:00,136.4291897075704,136.4291897075704,133.83876157564302,134.64268493652344,21543700,0.0,0.0
2023-09-05 00:00:00-04:00,134.4243496549999,135.39699647990017,133.5707981143506,134.7518768310547,19403100,0.0,0.0
2023-09-06 00:00:00-04:00,134.99998980551268,135.5061598618362,132.66760640562674,133.45169067382812,18684500,0.0,0.0
2023-09-07 00:00:00-04:00,132.58820688588548,134.56328935661423,131.95300684241127,134.2456817626953,18844300,0.0,0.0
2023-09-08 00:00:00-04:00,133.8983069363544,135.6351836006342,133.8387593023914,135.35728454589844,23558300,0.0,0.0
2023-09-11 00:00:00-04:00,135.51607902909177,136.4490323863561,134.77170328374638,135.8932342529297,20763400,0.0,0.0
2023-09-12 00:00:00-04:00,135.23817228733398,135.84359846496358,134.17620415931236,134.3250732421875,18405500,0.0,0.0
2023-09-13 00:00:00-04:00,134.0769375034417,135.8733616364172,133.14398427221744,135.68479919433594,20749500,0.0,0.0
2023-09-14 00:00:00-04:00,136.56812639378708,137.65986826915892,135.21832459864476,137.0643768310547,24751000,0.0,0.0
2023-09-15 00:00:00-04:00,136.94526597009013,137.48122492138967,135.45651466326473,136.36961364746094,38919600,0.0,0.0
2023-09-18 00:00:00-04:00,135.58554599898608,138.11642627515133,135.58554599898608,137.17355346679688,21861300,0.0,0.0
2023-09-19 00:00:00-04:00,136.38947604665375,137.3720574197808,135.59547227341233,137.00482177734375,20353700,0.0,0.0
2023-09-20 00:00:00-04:00,137.04452607661787,137.04452607661787,132.61796539950902,132.73707580566406,29927500,0.0,0.0
2023-09-21 00:00:00-04:00,130.45432343039326,131.23839249416972,129.09460201532931,129.46182250976562,31503900,0.0,0.0
2023-09-22 00:00:00-04:00,129.77939381214097,131.03987401665944,128.62810444126117,129.27322387695312,26397300,0.0,0.0
2023-09-25 00:00:00-04:00,128.8564156388002,130.18636343695547,127.99294455474431,130.12681579589844,20094600,0.0,0.0
2023-09-26 00:00:00-04:00,128.79685599233989,129.38242793397103,126.26597547277304,127.6058578491211,25718700,0.0,0.0
2023-09-27 00:00:00-04:00,127.60586778894698,129.918381917851,127.60586778894698,129.5610809326172,22746500,0.0,0.0
2023-09-28 00:00:00-04:00,128.86630133263088,132.30036079333664,128.816673263337,131.31777954101562,22513100,0.0,0.0
2023-09-29 00:00:00-04:00,132.28051235409288,133.04474225061801,129.38241168333343,129.878662109375,30859800,0.0,0.0
2023-10-02 00:00:00-04:00,130.2260545847838,133.41197411116025,130.1863460664677,133.16384887695312,22288000,0.0,0.0
2023-10-03 00:00:00-04:00,132.93556029819106,133.2531526808512,130.85130254910973,131.43687438964844,22989400,0.0,0.0
2023-10-04 00:00:00-04:00,131.79419070491505,134.55335719954957,131.53614591729064,134.225830078125,26752300,0.0,0.0
2023-10-05 00:00:00-04:00,134.05711364746094,134.47396223865763,132.44925177357314,134.05711364746094,19832600,0.0,0.0
2023-10-06 00:00:00-04:00,133.00504324406194,137.123931161278,133.00504324406194,136.54827880859375,27597600,0.0,0.0
2023-10-09 00:00:00-04:00,135.9130912652546,137.89809329303546,134.59306309945669,137.38198852539062,19278100,0.0,0.0
2023-10-10 00:00:00-04:00,137.46137628621005,138.67222861017186,136.30015203671138,137.02467346191406,27786600,0.0,0.0
2023-10-11 00:00:00-04:00,137.54077424532727,140.05180026889775,137.54077424532727,139.49600219726562,25884300,0.0,0.0
2023-10-12 00:00:00-04:00,139.99224472470698,140.1609680480309,137.22315893559568,137.92784118652344,24765500,0.0,0.0
2023-10-13 00:00:00-04:00,138.33476613157276,138.95011178040497,135.5954542355113,136.3299102783203,23420500,0.0,0.0
2023-10-16 00:00:00-04:00,137.13385103003665,138.58290904447986,136.9552081327783,138.056884765625,28501900,0.0,0.0
2023-10-17 00:00:00-04:00,137.5904036136543,138.85086884355698,136.1512652036196,138.67222595214844,23515800,0.0,0.0
2023-10-18 00:00:00-04:00,138.40424694073948,139.66472731928488,136.34977796075492,136.92543029785156,23375000,0.0,0.0
2023-10-19 00:00:00-04:00,137.46137089391803,138.6126755411059,136.34977476248778,136.7169952392578,26066000,0.0,0.0
2023-10-20 00:00:00-04:00,136.30015222216522,136.83609605175457,134.06702516754572,134.5831298828125,26335700,0.0,0.0
2023-10-23 00:00:00-04:00,134.0273213470116,136.6276841287948,132.94549894839827,135.47637939453125,26317900,0.0,0.0
2023-10-24 00:00:00-04:00,136.7963812081412,138.3149061553964,136.3894522629657,137.76902770996094,44814300,0.0,0.0
2023-10-25 00:00:00-04:00,127.19892549752396,127.34779458240867,124.13209362181638,124.66804504394531,84366200,0.0,0.0
2023-10-26 00:00:00-04:00,122.34558034438075,123.39763642797095,120.36057858115953,121.36300659179688,57061100,0.0,0.0
2023-10-27 00:00:00-04:00,121.95851234164765,122.3852880471967,119.30853665872229,121.25383758544922,44566500,0.0,0.0
2023-10-30 00:00:00-04:00,122.2860385724438,124.45961803038976,121.82948905369454,123.52666473388672,28940100,0.0,0.0
2023-10-31 00:00:00-04:00,124.12216757392719,124.42984802046038,121.76994514607122,123.14952087402344,26292300,0.0,0.0
2023-11-01 00:00:00-04:00,123.13959750160885,125.54144807960145,122.79222366961514,125.50174713134766,30082400,0.0,0.0
2023-11-02 00:00:00-04:00,127.45696167163366,128.01275974342613,125.97813747508253,126.533935546875,27124600,0.0,0.0
2023-11-03 00:00:00-04:00,127.05996371421396,128.55863455349083,126.9011599427464,128.13186645507812,26393100,0.0,0.0
2023-11-06 00:00:00-05:00,128.08222599486658,129.36254531062866,127.70507086020127,129.27322387695312,19052700,0.0,0.0
2023-11-07 00:00:00-05:00,129.729793973687,130.92079197589274,128.9060164432014,129.9878387451172,29757300,0.0,0.0
2023-11-08 00:00:00-05:00,129.98784740054361,131.21855399990926,129.7992698016351,130.851318359375,26425800,0.0,0.0
2023-11-09 00:00:00-05:00,130.97043911965648,131.55601107722748,129.09461282832507,129.26333618164062,23747800,0.0,0.0
2023-11-10 00:00:00-05:00,129.12437037075154,131.80411971424755,128.43954234138178,131.59568786621094,26913300,0.0,0.0
2023-11-13 00:00:00-05:00,130.7917686694096,131.59569198317294,130.26574439881477,131.0994415283203,18324800,0.0,0.0
2023-11-14 00:00:00-05:00,133.1836984817578,134.68236939202447,132.3202275430886,132.6179656982422,32395200,0.0,0.0
2023-11-15 00:00:00-05:00,133.85861415853404,134.01741796401828,132.5683748859767,133.61048889160156,23861500,0.0,0.0
2023-11-16 00:00:00-05:00,134.17619538121033,136.19097094090904,133.31272446829985,135.90313720703125,28013200,0.0,0.0
2023-11-17 00:00:00-05:00,134.9801160980622,135.03966372618416,132.6477330342115,134.2952880859375,37240600,0.0,0.0
2023-11-20 00:00:00-05:00,132.68745618308765,135.63518525511367,132.61797384637484,135.22825622558594,27815500,0.0,0.0
2023-11-21 00:00:00-05:00,135.26796249939974,136.15128783503684,134.94045047737754,135.94287109375,22635300,0.0,0.0
2023-11-22 00:00:00-05:00,136.43909143782605,138.3744650434286,136.43909143782605,137.45144653320312,17813900,0.0,0.0
2023-11-24 00:00:00-05:00,136.9949104607267,137.09416661748833,134.97021510431284,135.6649627685547,12514300,0.0,0.0
2023-11-27 00:00:00-05:00,135.0099144629775,137.38199132880567,134.9801406435023,135.38706970214844,23436500,0.0,0.0
2023-11-28 00:00:00-05:00,135.0595159672369,136.22074013136128,134.40446177895313,136.17111206054688,18730000,0.0,0.0
2023-11-29 00:00:00-05:00,136.53836114342,137.25294788509495,133.8288226820438,133.9777069091797,23967200,0.0,0.0
2023-11-30 00:00:00-05:00,134.03725467489437,134.53350514378005,130.29552189907486,131.53614807128906,38988300,0.0,0.0
2023-12-01 00:00:00-05:00,130.87118530273438,131.1193105581131,129.6901066640334,130.87118530273438,31442300,0.0,0.0
2023-12-04 00:00:00-05:00,128.90602431139112,129.05489339161807,126.94086915840347,128.30059814453125,36669900,0.0,0.0
2023-12-05 00:00:00-05:00,127.98301027838883,131.14909112296962,127.28826255646621,130.00772094726562,27384800,0.0,0.0
2023-12-06 00:00:00-05:00,130.45433249808588,130.85132683618656,128.9060333773847,129.04498291015625,23576200,0.0,0.0
2023-12-07 00:00:00-05:00,134.02731116371308,137.52091847546023,133.68986450169766,135.90313720703125,56767100,0.0,0.0
2023-12-08 00:00:00-05:00,133.19362268827305,135.37712172033739,133.02489934634232,133.9777069091797,32260100,0.0,0.0
2023-12-11 00:00:00-05:00,131.38728665345792,132.34007912846104,130.3749313974492,132.2904510498047,31138000,0.0,0.0
2023-12-12 00:00:00-05:00,130.82154752185775,132.00262607297714,130.2756689716308,131.52622985839844,29032800,0.0,0.0
2023-12-13 00:00:00-05:00,132.379774745465,132.4988700071408,130.58335054149978,131.5758514404297,30104800,0.0,0.0
2023-12-14 00:00:00-05:00,132.37976513726198,132.7172117837592,128.71743466292693,130.9505615234375,38722400,0.0,0.0
2023-12-15 00:00:00-05:00,130.63298987398628,132.508816346324,130.19628696709455,131.60565185546875,50847100,0.0,0.0
2023-12-18 00:00:00-05:00,131.6353903862347,136.12148324947407,131.43687810405666,134.7816162109375,32258000,0.0,0.0
2023-12-19 00:00:00-05:00,135.8138370178058,136.43911751155446,135.05954168860268,135.62525939941406,25476800,0.0,0.0
2023-12-20 00:00:00-05:00,137.9278622500159,140.63738568200563,137.03461742674637,137.30258178710938,49107200,0.0,0.0
2023-12-21 00:00:00-05:00,138.44394015604402,139.6349380709306,138.1362521909772,139.36695861816406,27488300,0.0,0.0
2023-12-22 00:00:00-05:00,139.71436841353267,140.9252208312421,139.65482077731141,140.42897033691406,26532200,0.0,0.0
2023-12-26 00:00:00-05:00,140.52820742657298,141.6100298393638,140.13121309993724,140.458740234375,16780300,0.0,0.0
2023-12-27 00:00:00-05:00,140.52822004635922,141.01455101287016,138.8409712900939,139.31736755371094,19628600,0.0,0.0
2023-12-28 00:00:00-05:00,139.72429963872332,140.0816006302494,138.70202474659453,139.1784210205078,16045700,0.0,0.0
2023-12-29 00:00:00-05:00,138.5829084225353,139.3074298543242,137.73927658207975,138.6424560546875,18733000,0.0,0.0
2024-01-02 00:00:00-05:00,137.51100529289818,138.4042500618413,135.45652112222194,137.13385009765625,23711200,0.0,0.0
2024-01-03 00:00:00-05:00,136.2207449621666,138.58290188858055,136.05202163090297,137.8782196044922,24212100,0.0,0.0
2024-01-04 00:00:00-05:00,137.38196297189364,138.1164190375322,135.32749413034747,135.3671875,27137700,0.0,0.0
2024-01-05 00:00:00-05:00,135.72451347642397,136.13144252624735,134.13650579847908,134.712158203125,22513900,0.0,0.0
2024-01-08 00:00:00-05:00,135.26796265470722,137.96756674647926,135.23818883448922,137.79884338378906,21404000,0.0,0.0
2024-01-09 00:00:00-05:00,137.46136608764098,140.4289490457629,137.11398473653435,139.8929901123047,24759600,0.0,0.0
2024-01-10 00:00:00-05:00,139.94264312514758,141.92764515529154,139.85332166843838,141.21304321289062,21320200,0.0,0.0
2024-01-11 00:00:00-05:00,142.4139716480829,144.13099411000476,139.58533778589887,141.01454162597656,24008700,0.0,0.0
2024-01-12 00:00:00-05:00,141.6001002299109,142.12612449032548,140.75648355960536,141.5802459716797,18785500,0.0,0.0
2024-01-16 00:00:00-05:00,140.93513210487004,143.26751534885753,140.38925356432378,141.4214630126953,22670500,0.0,0.0
2024-01-17 00:00:00-05:00,140.2900233777166,140.77633917868644,137.85838379541343,140.40911865234375,20968600,0.0,0.0
2024-01-18 00:00:00-05:00,140.9847683324612,143.12857410055258,140.92522069629695,142.40403747558594,25746400,0.0,0.0
2024-01-19 00:00:00-05:00,143.65458671612103,145.35175478607076,143.29728578386394,145.28228759765625,34271900,0.0,0.0
2024-01-22 00:00:00-05:00,145.99687917149566,147.27719858762836,144.7463184245613,144.89520263671875,32200400,0.0,0.0
2024-01-23 00:00:00-05:00,144.79596212537868,146.07628167971635,144.40888736296378,145.9373321533203,21636100,0.0,0.0
2024-01-24 00:00:00-05:00,147.4260808607733,148.7262697948882,146.98939317466798,147.5848846435547,25233500,0.0,0.0
2024-01-25 00:00:00-05:00,148.94462008165343,151.90226857782716,148.41858066213035,150.73110961914062,29149100,0.0,0.0
2024-01-26 00:00:00-05:00,149.9668989175663,151.39608755777192,149.87756232275885,151.04872131347656,26115500,0.0,0.0
2024-01-29 00:00:00-05:00,150.91967200834566,152.62677462737892,150.29439164661815,152.35879516601562,27784300,0.0,0.0
2024-01-30 00:00:00-05:00,151.65415115558076,152.46799407543287,150.05622398904708,150.32420349121094,36331800,0.0,0.0
2024-01-31 00:00:00-05:00,142.54296958721974,142.92012476265015,138.8210913381924,139.04937744140625,71910000,0.0,0.0
2024-02-01 00:00:00-05:00,141.0542328791591,141.9871862131904,139.73420477296187,140.1014404296875,40466500,0.0,0.0
2024-02-02 00:00:00-05:00,138.21567319652831,141.55047690627347,135.47637609880854,141.31228637695312,62499600,0.0,0.0
2024-02-05 00:00:00-05:00,141.7489723902992,144.37909346860508,141.70926387721508,142.60250854492188,38505400,0.0,0.0
2024-02-06 00:00:00-05:00,143.56525733160348,144.2699396743933,142.11621441563744,143.01939392089844,29128200,0.0,0.0
2024-02-07 00:00:00-05:00,143.67444354834973,144.52799503931547,142.85066587671363,144.44859313964844,25208900,0.0,0.0
2024-02-08 00:00:00-05:00,144.73639401682047,145.23264441865652,144.0118726705608,144.8157958984375,22563800,0.0,0.0
2024-02-09 00:00:00-05:00,145.58003513170593,148.31934750358255,145.08378464629212,147.8826446533203,26829500,0.0,0.0
2024-02-12 00:00:00-05:00,147.30698549594433,148.2200845297744,146.26485649564665,146.4236602783203,21564100,0.0,0.0
2024-02-13 00:00:00-05:00,143.83323854119595,145.57011523611322,142.61246659033287,144.0515899658203,27837700,0.0,0.0
2024-02-14 00:00:00-05:00,144.98454584573585,145.42124870265448,143.00946343171321,144.84559631347656,22704200,0.0,0.0
2024-02-15 00:00:00-05:00,142.06657656161852,142.4437317454111,139.40668144996613,141.69935607910156,37590700,0.0,0.0
2024-02-16 00:00:00-05:00,141.9177107623263,142.1162079157189,139.08907710730534,139.4662322998047,31468900,0.0,0.0
2024-02-20 00:00:00-05:00,138.61269407325094,141.0145446894188,138.4439707196268,140.06173706054688,25144700,0.0,0.0
2024-02-21 00:00:00-05:00,140.3892306459635,141.61993705061454,139.62500081395828,141.48098754882812,23223300,0.0,0.0
2024-02-22 00:00:00-05:00,143.84314227764477,143.9126246070933,141.72912574537517,143.0094451904297,27191900,0.0,0.0
2024-02-23 00:00:00-05:00,142.5925983953203,143.59501882359496,142.35439273418308,142.88043212890625,19493800,0.0,0.0
2024-02-26 00:00:00-05:00,141.07409774924443,141.37185109123465,136.35971779155244,136.5383758544922,53641800,0.0,0.0
2024-02-27 00:00:00-05:00,136.98498010411188,138.20575198535647,136.06194638095468,137.83853149414062,33099200,0.0,0.0
2024-02-28 00:00:00-05:00,136.8658750875032,136.9750507978896,134.3945574118629,135.35728454589844,37328600,0.0,0.0
2024-02-29 00:00:00-05:00,136.25053286698093,137.81868622745773,135.377127161307,137.42169189453125,42133000,0.0,0.0
2024-03-01 00:00:00-05:00,137.39189175788897,137.8285945752075,135.89322085696574,136.111572265625,31151100,0.0,0.0
2024-03-04 00:00:00-05:00,134.6426963696791,134.6426963696791,130.92081742410656,132.3500213623047,55999400,0.0,0.0
2024-03-05 00:00:00-05:00,130.89101037706075,132.2408120711122,129.6900777452957,131.67507934570312,40194800,0.0,0.0
2024-03-06 00:00:00-05:00,132.12171457090452,132.57827164707297,129.86874843851078,130.41461181640625,35318600,0.0,0.0
2024-03-07 00:00:00-05:00,131.79418082018677,133.92806672802465,130.6230370899261,133.3722686767578,37738200,0.0,0.0
2024-03-08 00:00:00-05:00,133.20354849306366,137.0544415724304,132.99511664674006,134.39454650878906,39370400,0.0,0.0
2024-03-11 00:00:00-04:00,135.10915896262767,138.05688799115902,135.10915896262767,136.63760375976562,32437800,0.0,0.0
2024-03-12 00:00:00-04:00,136.0024024134986,138.33478567710262,136.0024024134986,137.4613800048828,27563400,0.0,0.0
2024-03-13 00:00:00-04:00,137.9576453151673,140.0319688654746,137.94772575668406,138.74171447753906,23347200,0.0,0.0
2024-03-14 00:00:00-04:00,140.13120561748423,142.51320173883516,139.40668419509728,142.02688598632812,42753400,0.0,0.0
2024-03-15 00:00:00-04:00,141.43138537879798,142.10627875552206,138.97990682068314,140.12127685546875,49475400,0.0,0.0
2024-03-18 00:00:00-04:00,147.49557408746915,151.00902096089294,146.06637022561426,146.57254028320312,69273700,0.0,0.0
2024-03-19 00:00:00-04:00,147.04894486376466,147.6742101661268,144.98454106374294,145.9274139404297,24070400,0.0,0.0
2024-03-20 00:00:00-04:00,146.89013190121898,147.7436832734465,145.6395862302464,147.6245880126953,21311500,0.0,0.0
2024-03-21 00:00:00-04:00,148.34912076601722,149.24236557867428,145.7983860112411,146.49314880371094,24755600,0.0,0.0
2024-03-22 00:00:00-04:00,148.0017532026702,150.44331247348805,147.86280366006199,149.63938903808594,29211800,0.0,0.0
2024-03-25 00:00:00-04:00,148.8155806383432,149.25228343768953,146.71148367170483,148.94461059570312,19229300,0.0,0.0
2024-03-26 00:00:00-04:00,149.09349296069317,151.1181882221387,148.85528728225617,149.5401153564453,22149100,0.0,0.0
2024-03-27 00:00:00-04:00,150.0462745317352,150.50283159628924,147.78337375554537,149.7386016845703,22879200,0.0,0.0
2024-03-28 00:00:00-04:00,149.71876999163942,150.2944071987847,149.0438614902864,149.79815673828125,24485400,0.0,0.0
2024-04-01 00:00:00-04:00,149.55998191808914,154.57211512447668,149.48058001874543,154.32398986816406,31730800,0.0,0.0
2024-04-02 00:00:00-04:00,152.34887623400127,153.53987419197475,151.0089940660557,153.4009246826172,24586000,0.0,0.0
2024-04-03 00:00:00-04:00,152.44814641496717,153.9170435269461,151.58466032180885,153.75823974609375,24705000,0.0,0.0
2024-04-04 00:00:00-04:00,152.34891345621864,153.6093940490146,149.3217821795186,149.40118408203125,34724700,0.0,0.0
2024-04-05 00:00:00-04:00,148.9049058909421,152.26948327008697,148.4781377816176,151.35638427734375,23459200,0.0,0.0
2024-04-08 00:00:00-04:00,151.63429745472348,154.10563032964885,151.46557410662442,153.68878173828125,20702000,0.0,0.0
2024-04-09 00:00:00-04:00,154.91947398862214,157.37095261531294,154.02622916635622,155.4256591796875,31079500,0.0,0.0
2024-04-10 00:00:00-04:00,155.03858328938844,155.43557761990488,153.52004287147383,154.96910095214844,22838600,0.0,0.0
2024-04-11 00:00:00-04:00,155.73331688903122,158.48253342575524,155.2866945214057,158.21456909179688,27166400,0.0,0.0
2024-04-12 00:00:00-04:00,156.7754510311415,159.0184976446993,155.9615930124083,156.5471649169922,25353700,0.0,0.0
2024-04-15 00:00:00-04:00,157.66871946165114,158.0458747117583,153.43073568254982,153.69871520996094,27136500,0.0,0.0
2024-04-16 00:00:00-04:00,153.03370976544159,154.4827525377274,152.27939942073715,153.24212646484375,20779500,0.0,0.0
2024-04-17 00:00:00-04:00,154.45300728212143,155.90206546670152,153.42081286214687,154.30413818359375,21763100,0.0,0.0
2024-04-18 00:00:00-04:00,154.17508359846744,155.7630910697114,153.46048175084383,154.84005737304688,19883000,0.0,0.0
2024-04-19 00:00:00-04:00,155.02861011759174,155.187413868137,151.15786335029568,152.93443298339844,32615600,0.0,0.0
2024-04-22 00:00:00-04:00,153.15281939939192,156.45784938513543,152.90469416152254,155.10804748535156,26446200,0.0,0.0
2024-04-23 00:00:00-04:00,155.78297241261876,157.77789408319916,155.1080638194722,157.07321166992188,21151600,0.0,0.0
2024-04-24 00:00:00-04:00,156.30899022616805,158.37339415365952,155.9913826322323,157.9366912841797,22779100,0.0,0.0
2024-04-25 00:00:00-04:00,150.1951914156029,155.3165006626678,149.73863425175063,154.83016967773438,57109700,0.0,0.0
2024-04-26 00:00:00-04:00,173.06240370866433,173.39986557629047,168.37779752849133,170.66055297851562,64665300,0.0,0.0
2024-04-29 00:00:00-04:00,167.79218800990293,168.2785188689009,163.9710688984415,164.9040069580078,45610000,0.0,0.0
2024-04-30 00:00:00-04:00,164.36809054901573,166.8394234809616,161.38066800310506,161.55931091308594,33562900,0.0,0.0
2024-05-01 00:00:00-04:00,163.0679131791334,165.86675805283966,161.86698033617475,162.63121032714844,33493200,0.0,0.0
2024-05-02 00:00:00-04:00,163.55422015396346,165.4796743643417,162.6609753825577,165.37049865722656,24294500,0.0,0.0
2024-05-03 00:00:00-04:00,166.30343222583022,166.700441633881,161.82725905362557,165.98583984375,34662400,0.0,0.0
2024-05-06 00:00:00-04:00,166.20423169951587,166.87912514098474,164.78494732975244,166.8394317626953,21871300,0.0,0.0
2024-05-07 00:00:00-04:00,167.23639713482265,170.47194452949657,167.12722143299578,169.9657745361328,28039700,0.0,0.0
2024-05-08 00:00:00-04:00,167.73266229376583,168.87403234038655,167.4746174960537,168.1098175048828,19569100,0.0,0.0
2024-05-09 00:00:00-04:00,168.11973776202532,169.40999204467994,166.9188049315239,168.6854705810547,15346700,0.0,0.0
2024-05-10 00:00:00-04:00,166.76993866167226,168.57629771677423,164.94374049088748,167.38528442382812,29799900,0.0,0.0
2024-05-13 00:00:00-04:00,163.02818817677723,168.01054680668042,162.77014340140366,167.87159729003906,31327600,0.0,0.0
2024-05-14 00:00:00-04:00,168.49688914969917,169.96578630331507,167.5341620244905,169.06260681152344,25127100,0.0,0.0
2024-05-15 00:00:00-04:00,169.3504626541089,171.35530391433443,169.23135222737662,171.2163543701172,26948400,0.0,0.0
2024-05-16 00:00:00-04:00,171.99045420484316,173.80673245698145,171.39496282102806,172.873779296875,27867900,0.0,0.0
2024-05-17 00:00:00-04:00,172.87379384019715,174.94813216308688,172.38747810748998,174.7397003173828,24479300,0.0,0.0
2024-05-20 00:00:00-04:00,174.86874028439564,177.42939448654315,174.7595645769426,175.59326171875,22554400,0.0,0.0
2024-05-21 00:00:00-04:00,175.57342356539291,176.814049834635,174.4916010932611,176.5163116455078,16989400,0.0,0.0
2024-05-22 00:00:00-04:00,175.3154026352689,175.82157277010054,173.89613325921405,175.05735778808594,17880000,0.0,0.0
2024-05-23 00:00:00-04:00,175.74214258358214,176.91328638262783,171.6530285552818,172.24853515625,21024900,0.0,0.0
2024-05-24 00:00:00-04:00,173.66778441589625,174.45186852274375,172.34775654466458,173.67771911621094,16579400,0.0,0.0
2024-05-28 00:00:00-04:00,173.1417747585167,175.94063449763217,173.06237287112745,175.0771484375,20572200,0.0,0.0
2024-05-29 00:00:00-04:00,174.11444068348618,175.51387070822295,173.40977346435537,174.58091735839844,23388700,0.0,0.0
2024-05-30 00:00:00-04:00,173.88617571412965,173.90602997495594,170.50174360052324,170.81935119628906,22931500,0.0,0.0
2024-05-31 00:00:00-04:00,170.57122087015406,171.7622190301401,168.16937028994596,171.2064208984375,37638900,0.0,0.0
2024-06-03 00:00:00-04:00,171.24611844022382,173.22120091176382,169.8764773378859,171.87139892578125,27459100,0.0,0.0
2024-06-04 00:00:00-04:00,171.98055484617473,172.5462876288162,170.60097920010114,172.48672485351562,26879600,0.0,0.0
2024-06-05 00:00:00-04:00,173.88615737761106,175.32528067630372,172.62567697442577,174.09458923339844,22068500,0.0,0.0
2024-06-06 00:00:00-04:00,174.58088560018854,175.82151160685376,174.43201653713288,175.4046630859375,23251000,0.0,0.0
2024-06-07 00:00:00-04:00,175.72229190224542,176.53613478615,172.9929143569092,173.15171813964844,19661400,0.0,0.0
2024-06-10 00:00:00-04:00,173.85718795197803,175.93389186465194,171.66123693210412,173.8969268798828,23726700,0.2,0.0
2024-06-11 00:00:00-04:00,175.0992389145037,175.71529085184466,172.66482398993008,175.49668884277344,21540600,0.0,0.0
2024-06-12 00:00:00-04:00,177.11633707085997,179.2626031953618,174.9899479924397,176.6592559814453,27864700,0.0,0.0
2024-06-13 00:00:00-04:00,174.98992963777008,175.6159276488582,173.76775676245995,174.0459747314453,20913300,0.0,0.0
2024-06-14 00:00:00-04:00,173.1119868726637,175.93392123908885,173.04242478503753,175.66563415527344,18063600,0.0,0.0
2024-06-17 00:00:00-04:00,174.34408443003642,177.22563442085436,173.69820932054725,176.11276245117188,19618500,0.0,0.0
2024-06-18 00:00:00-04:00,176.01340565485404,176.2618156783684,172.99274644008725,173.9764404296875,21869900,0.0,0.0
2024-06-20 00:00:00-04:00,174.2546331587941,176.16242004315566,173.87706028782432,175.17872619628906,20160100,0.0,0.0
2024-06-21 00:00:00-04:00,175.87427091141254,179.6997907784199,175.48675193790794,178.487548828125,57759000,0.0,0.0
2024-06-24 00:00:00-04:00,179.01420908263572,179.73956213071955,177.5336798338253,178.08018493652344,18298000,0.0,0.0
2024-06-25 00:00:00-04:00,178.47761719658297,183.1179143136271,178.27889222308787,182.8595733642578,23130200,0.0,0.0
2024-06-26 00:00:00-04:00,181.46850584007797,183.33653901614503,181.31945072020721,182.71055603027344,19839000,0.0,0.0
2024-06-27 00:00:00-04:00,183.00860111358634,184.86671815444103,182.8496302424256,184.2307891845703,18848900,0.0,0.0
2024-06-28 00:00:00-04:00,183.14772821008222,183.95257416720727,180.802737253132,180.99151611328125,29156600,0.0,0.0
2024-07-01 00:00:00-04:00,181.86595658644936,182.7105567839645,180.14696336141662,181.8262176513672,16006100,0.0,0.0
2024-07-02 00:00:00-04:00,180.89216044416673,184.38977740074063,180.40527139828873,184.06187438964844,17372500,0.0,0.0
2024-07-03 00:00:00-04:00,183.67436680423387,184.90647074592763,182.8297667085458,184.63819885253906,10242100,0.0,0.0
2024-07-05 00:00:00-04:00,184.67792788657385,189.6461278026425,184.61831191345988,189.38778686523438,20967500,0.0,0.0
2024-07-08 00:00:00-04:00,188.69223602398804,188.96052307793317,186.58572400777334,187.82777404785156,21035900,0.0,0.0
2024-07-09 00:00:00-04:00,189.09961914354798,190.14294413821008,187.51973523943423,187.778076171875,15121400,0.0,0.0
2024-07-10 00:00:00-04:00,187.94700799576873,190.53047817126304,187.82777604241306,189.96409606933594,15952500,0.0,0.0
2024-07-11 00:00:00-04:00,188.64256383874462,189.64613480059487,183.90289669863316,184.38978576660156,25625800,0.0,0.0
2024-07-12 00:00:00-04:00,183.90290579597803,185.91999392317484,183.31666179406736,183.89297485351562,22898400,0.0,0.0
2024-07-15 00:00:00-04:00,183.74391265022248,187.04280482965035,183.74391265022248,185.3436737060547,16474000,0.0,0.0
2024-07-16 00:00:00-04:00,186.16841437186892,187.4800114523768,182.20378481605346,182.7502899169922,18290700,0.0,0.0
2024-07-17 00:00:00-04:00,181.80632373022326,182.3826367867754,178.7558414559852,179.8687286376953,20734100,0.0,0.0
2024-07-18 00:00:00-04:00,180.77291456531665,181.33929663243535,175.34764875664283,176.5598907470703,25315700,0.0,0.0
2024-07-19 00:00:00-04:00,177.74233237445245,179.14335328560048,176.0034623321631,176.53009033203125,18881900,0.0,0.0
2024-07-22 00:00:00-04:00,179.44143915290098,181.53802010319112,179.08372815601643,180.5145721435547,24100300,0.0,0.0
2024-07-23 00:00:00-04:00,180.89217569882794,182.44225176435077,180.3854095654304,180.63381958007812,36352700,0.0,0.0
2024-07-24 00:00:00-04:00,172.4959059646395,175.069429864651,170.72722801961868,171.53207397460938,49585200,0.0,0.0
2024-07-25 00:00:00-04:00,171.42278967121095,172.31705967237997,166.12668626172413,166.2161102294922,44852000,0.0,0.0
2024-07-26 00:00:00-04:00,166.08693667884336,167.020960798883,163.01659240813447,165.93789672851562,41336900,0.0,0.0
2024-07-29 00:00:00-04:00,167.75623728269647,169.34605213128413,166.92158335005726,168.4517822265625,20293800,0.0,0.0
2024-07-30 00:00:00-04:00,169.15726982937002,170.1409636721862,167.3687148946011,169.20693969726562,18959700,0.0,0.0
2024-07-31 00:00:00-04:00,172.13820531777287,173.14177629603867,168.92873708461033,170.44900512695312,25729100,0.0,0.0
2024-08-01 00:00:00-04:00,169.16722971206943,172.9430651843941,167.80594760520498,169.67398071289062,24531400,0.0,0.0
2024-08-02 00:00:00-04:00,165.38144985923282,167.438276847675,163.62270275190997,165.6000518798828,29130100,0.0,0.0
2024-08-05 00:00:00-04:00,154.51101742060257,163.38421519483722,153.944635352421,158.23716735839844,53630700,0.0,0.0
2024-08-06 00:00:00-04:00,158.31665821940092,159.5487772402718,155.41523132677855,157.28326416015625,49004600,0.0,0.0
2024-08-07 00:00:00-04:00,160.2244595533612,161.94345261056785,157.46214140159782,157.9291534423828,25138600,0.0,0.0
2024-08-08 00:00:00-04:00,159.48915933518853,162.64894258558448,159.19107944889603,160.99949645996094,25578800,0.0,0.0
2024-08-09 00:00:00-04:00,158.99233275753915,162.74829078749448,158.04837777910737,162.62905883789062,28602300,0.0,0.0
2024-08-12 00:00:00-04:00,163.30475433227653,163.85124425062764,160.81070801086153,161.25784301757812,15895300,0.0,0.0
2024-08-13 00:00:00-04:00,162.37072151296138,163.6823184730739,161.93351747234263,163.11595153808594,18551700,0.0,0.0
2024-08-14 00:00:00-04:00,161.36712454072207,162.1819165911199,156.70696583237768,159.35003662109375,40591100,0.0,0.0
2024-08-15 00:00:00-04:00,159.4792091671549,160.61195808374163,158.59487023369454,160.2741241455078,31524300,0.0,0.0
2024-08-16 00:00:00-04:00,160.44305489951088,164.0102189248703,160.1052209322512,161.923583984375,24208600,0.0,0.0
2024-08-19 00:00:00-04:00,164.2288111566864,165.62984713723483,163.21529415355107,165.60997009277344,22416200,0.0,0.0
2024-08-20 00:00:00-04:00,165.83851174622947,167.5674508233367,165.75903388769558,166.11672973632812,18341500,0.0,0.0
2024-08-21 00:00:00-04:00,164.09965161309964,165.78885186270244,163.62270862444709,164.7952117919922,22902000,0.0,0.0
2024-08-22 00:00:00-04:00,166.19621017398273,166.5241131721472,162.2713354606225,162.7582244873047,22493300,0.0,0.0
2024-08-23 00:00:00-04:00,163.6723804637865,165.12308635947946,162.78804147862647,164.566650390625,13955700,0.0,0.0
2024-08-26 00:00:00-04:00,165.32182772050928,166.48438469877073,163.414040743741,165.1032257080078,14190400,0.0,0.0
2024-08-27 00:00:00-04:00,164.78525544371954,165.3814455137806,163.4140425413684,163.63262939453125,11821900,0.0,0.0
2024-08-28 00:00:00-04:00,163.99034421256823,164.54679536636124,160.50267315842373,161.8142852783203,16407400,0.0,0.0
2024-08-29 00:00:00-04:00,163.2649914453281,164.91443753942139,159.2308153360169,160.75108337402344,19699800,0.0,0.0
2024-08-30 00:00:00-04:00,161.58573574397926,162.6191298588304,160.66165779990888,162.34091186523438,22123800,0.0,0.0
2024-09-03 00:00:00-04:00,160.69146292560666,160.82064097809814,155.48478383780713,156.35919189453125,38945300,0.0,0.0
2024-09-04 00:00:00-04:00,155.66365765900977,157.9887717937597,154.9681126394364,155.45498657226562,19353800,0.0,0.0
2024-09-05 00:00:00-04:00,155.30593568698094,158.4358956354768,154.98796360800392,156.23995971679688,18688700,0.0,0.0
2024-09-06 00:00:00-04:00,156.29958787438167,156.82621590471155,149.59251732330907,149.9601593017578,37912100,0.0,0.0
2024-09-09 00:00:00-04:00,151.74112707707891,152.62663960312594,146.47780288600765,147.96029663085938,39260500,0.2,0.0
2024-09-10 00:00:00-04:00,149.6915067964419,150.50738007285446,147.59214370497173,147.91053771972656,31118800,0.0,0.0
2024-09-11 00:00:00-04:00,149.16419505975477,150.73623150719806,146.77630043535657,150.39794921875,29607700,0.0,0.0
2024-09-12 00:00:00-04:00,153.02461331532527,154.0394751896829,151.88040198370663,153.91012573242188,29621500,0.0,0.0
2024-09-13 00:00:00-04:00,154.64640360263152,157.58154353635638,154.42752668404324,156.6661834716797,29591200,0.0,0.0
2024-09-16 00:00:00-04:00,156.51691894363321,157.45218236116395,155.8105069116596,157.2631378173828,18379800,0.0,0.0
2024-09-17 00:00:00-04:00,158.21830933206348,159.740594664956,157.5815364815847,158.5167999267578,20715600,0.0,0.0
2024-09-18 00:00:00-04:00,159.05408446311074,159.69085736808276,157.8004420763462,159.00433349609375,23677300,0.0,0.0
2024-09-19 00:00:00-04:00,162.88467834172684,162.9642616693234,160.52661614683478,161.3225860595703,26587700,0.0,0.0
2024-09-20 00:00:00-04:00,162.67573141732413,162.90456764484875,161.2429886014312,162.76527404785156,40896400,0.0,0.0
2024-09-23 00:00:00-04:00,163.52143865567453,164.65569075995793,160.85494193042624,161.03404235839844,24150900,0.0,0.0
2024-09-24 00:00:00-04:00,162.20809181188605,162.39713636620655,159.87989243963506,161.47181701660156,23332100,0.0,0.0
2024-09-25 00:00:00-04:00,160.6559541225392,161.9891949013652,160.48681299524299,160.6758575439453,18869200,0.0,0.0
2024-09-26 00:00:00-04:00,162.81500754909376,163.2527917160846,161.46186338833198,161.9095916748047,20319300,0.0,0.0
2024-09-27 00:00:00-04:00,161.98920666955183,164.86463640620642,161.81012140947348,163.1234588623047,21101300,0.0,0.0
2024-09-30 00:00:00-04:00,162.49664152148338,165.31236092462515,162.43693125430474,165.01388549804688,20413900,0.0,0.0
2024-10-01 00:00:00-04:00,166.84460026695353,168.3071905376278,163.75027859535956,166.14813232421875,28338100,0.0,0.0
2024-10-02 00:00:00-04:00,165.58099330587024,166.67545373891107,163.8995109959539,165.02381896972656,17760200,0.0,0.0
2024-10-03 00:00:00-04:00,163.58113216752693,165.79988539247842,163.0935970324702,165.02381896972656,15073100,0.0,0.0
2024-10-04 00:00:00-04:00,167.21273199051447,167.3818731227034,164.6457371019136,166.2177734375,19047400,0.0,0.0
2024-10-07 00:00:00-04:00,166.87444945314562,167.63061248672904,161.92950423820415,162.15834045410156,22463100,0.0,0.0
2024-10-08 00:00:00-04:00,163.1134853984405,163.89949586826802,162.04887260439375,163.55126953125,23072700,0.0,0.0
2024-10-09 00:00:00-04:00,162.62597153558053,164.00896330918712,158.9346838265827,161.0439910888672,31181800,0.0,0.0
2024-10-10 00:00:00-04:00,160.0589870760538,162.24790816824293,159.591355313801,161.2628936767578,14144100,0.0,0.0
2024-10-11 00:00:00-04:00,161.31261821924474,163.07368374330417,160.42710580677368,162.41702270507812,15344300,0.0,0.0
2024-10-14 00:00:00-04:00,162.81501959424767,165.3919586438415,162.5762240722605,164.1283721923828,19016100,0.0,0.0
2024-10-15 00:00:00-04:00,164.95416217665158,166.8346331245922,163.8000218608721,164.62583923339844,20247200,0.0,0.0
2024-10-16 00:00:00-04:00,163.70053329945262,164.96413494193072,162.91452270440968,164.32736206054688,16406000,0.0,0.0
2024-10-17 00:00:00-04:00,164.8944683866494,165.53124122104538,161.93944041934847,162.10858154296875,21453400,0.0,0.0
2024-10-18 00:00:00-04:00,162.3672941471386,163.87963544942022,162.2578480953578,162.59613037109375,19757700,0.0,0.0
2024-10-21 00:00:00-04:00,162.12851012597127,163.67069908073404,161.8001719473291,163.2428741455078,20946500,0.0,0.0
2024-10-22 00:00:00-04:00,162.15833529455813,164.93427806644567,162.15833529455813,164.3074493408203,16568100,0.0,0.0
2024-10-23 00:00:00-04:00,163.9293642522353,164.98403306169303,161.11362975074982,161.9593505859375,18280500,0.0,0.0
2024-10-24 00:00:00-04:00,162.00908898296657,162.50656821640374,160.1982572859619,161.89964294433594,22412500,0.0,0.0
2024-10-25 00:00:00-04:00,162.8448432872073,164.75516163773898,162.5961036814319,164.43678283691406,19828900,0.0,0.0
2024-10-28 00:00:00-04:00,167.89923522550737,167.89923522550737,163.12343172049856,165.8794708251953,32138600,0.0,0.0
2024-10-29 00:00:00-04:00,166.88438836507615,169.52103755308448,166.24761551933543,168.82455444335938,42169000,0.0,0.0
2024-10-30 00:00:00-04:00,179.76908724801194,181.10234312249673,173.18246710164854,173.58045959472656,68890800,0.0,0.0
2024-10-31 00:00:00-04:00,172.2571653376557,175.92856453316725,170.13789893136754,170.24734497070312,44769000,0.0,0.0
2024-11-01 00:00:00-04:00,169.21260195677476,171.45125861583475,168.02859889466288,170.4264373779297,31796500,0.0,0.0
2024-11-04 00:00:00-05:00,169.07330370933886,169.86927360734452,167.16298506324307,168.3867950439453,21492700,0.0,0.0
2024-11-05 00:00:00-05:00,168.57584265752286,169.6703032834134,167.98882067721098,168.88429260253906,18242100,0.0,0.0
2024-11-06 00:00:00-05:00,172.92380321236175,176.04797252771442,172.62531260376363,175.62013244628906,33695500,0.0,0.0
2024-11-07 00:00:00-05:00,176.51558744027324,180.16708323715014,176.29669536029814,179.8387451171875,25352900,0.0,0.0
2024-11-08 00:00:00-05:00,179.7392438048685,179.98798342551285,177.18220839921253,177.4508514404297,22006200,0.0,0.0
2024-11-11 00:00:00-05:00,177.67968464546155,179.6397540376483,177.57023860694844,179.44076538085938,17450400,0.0,0.0
2024-11-12 00:00:00-05:00,178.91344777717472,181.569985195191,178.48560772038502,180.70436096191406,25134900,0.0,0.0
2024-11-13 00:00:00-05:00,179.5502161710403,180.04769541710874,177.63988250609916,177.97817993164062,23184000,0.0,0.0
2024-11-14 00:00:00-05:00,177.38120927026733,177.9184953896884,173.44118190987194,174.69482421875,31007500,0.0,0.0
2024-11-15 00:00:00-05:00,172.8541459998015,173.2620826521563,170.35680548513443,171.6204071044922,32504600,0.0,0.0
2024-11-18 00:00:00-05:00,172.5457023973927,174.55552283170013,172.02831972302542,174.41622924804688,20135300,0.0,0.0
2024-11-19 00:00:00-05:00,172.84420375176396,177.96823430730947,172.68500673714084,177.22201538085938,23434900,0.0,0.0
2024-11-20 00:00:00-05:00,176.44593283355675,176.78421507240827,172.90388308120177,175.09278869628906,18997100,0.0,0.0
2024-11-21 00:00:00-05:00,173.02330732272836,173.25215874867345,162.87473188507113,166.78492736816406,59734400,0.0,0.0
2024-11-22 00:00:00-05:00,165.01386807553385,165.6207933486009,163.07368691644547,163.92935180664062,38604600,0.0,0.0
2024-11-25 00:00:00-05:00,165.25266140749017,167.77986461840595,164.77508555590978,166.80479431152344,33135300,0.0,0.0
2024-11-26 00:00:00-05:00,166.78490128483136,168.96386286905866,166.73515032254275,168.2673797607422,20486700,0.0,0.0
2024-11-27 00:00:00-05:00,168.14797960120848,168.62555541069312,167.17292456213445,168.37681579589844,19266500,0.0,0.0
2024-11-29 00:00:00-05:00,167.6505077939042,168.57581191461244,166.31726704322566,168.09823608398438,14257200,0.0,0.0
2024-12-02 00:00:00-05:00,167.91916912565142,171.21247970085113,167.72018043971005,170.62545776367188,23789100,0.0,0.0
2024-12-03 00:00:00-05:00,170.62544918240982,171.80943711786688,169.98867631030456,170.4761962890625,22248700,0.0,0.0
2024-12-04 00:00:00-05:00,170.28715321004535,174.02820715023717,170.1976105823781,173.4909210205078,31615100,0.0,0.0
2024-12-05 00:00:00-05:00,174.4759264469432,175.17239437366248,171.46120334982362,171.76963806152344,21356200,0.0,0.0
2024-12-06 00:00:00-05:00,171.1627116663367,174.1973381653999,170.99357054105934,173.82920837402344,21462400,0.0,0.0
2024-12-09 00:00:00-05:00,173.28137934704367,175.57239476360732,172.9725759063786,174.6858673095703,25389600,0.2,0.0
2024-12-10 00:00:00-05:00,182.13667521959667,185.63297660419835,180.34369430470025,184.44761657714844,54813000,0.0,0.0
2024-12-11 00:00:00-05:00,184.58707675233347,194.84689801892716,184.1288797897164,194.63771057128906,67894100,0.0,0.0
2024-12-12 00:00:00-05:00,194.2392695844635,194.4185600761266,190.96211115966233,191.2111358642578,34817500,0.0,0.0
2024-12-13 00:00:00-05:00,190.26484320082633,191.97813450480885,188.90019258748762,189.07949829101562,25143500,0.0,0.0
2024-12-16 00:00:00-05:00,192.11756882122688,198.22365926952406,191.8685441236521,195.89279174804688,44934900,0.0,0.0
2024-12-17 00:00:00-05:00,196.48048589662955,200.6342160179093,194.21933739249496,194.65762329101562,43504000,0.0,0.0
2024-12-18 00:00:00-05:00,194.4584096820746,196.23146433679096,187.0075948858922,187.66500854492188,34166100,0.0,0.0
2024-12-19 00:00:00-05:00,190.88242054359256,192.27695280314458,187.64509939888953,187.7745819091797,32265200,0.0,0.0
2024-12-20 00:00:00-05:00,185.0552429190991,192.13750634222802,184.49742999563804,190.6632843017578,63462900,0.0,0.0
2024-12-23 00:00:00-05:00,191.86855908689105,194.33889522295496,189.40819366703502,193.8707275390625,25675000,0.0,0.0
2024-12-24 00:00:00-05:00,194.0798904284353,195.34494018554688,193.02402811118543,195.34494018554688,10403300,0.0,0.0
2024-12-26 00:00:00-05:00,194.38868793025316,195.98245219810025,193.62170274567876,194.83694458007812,12046600,0.0,0.0
2024-12-27 00:00:00-05:00,194.18945436832726,194.558021252894,189.906226569023,192.00799560546875,18891400,0.0,0.0
2024-12-30 00:00:00-05:00,189.05957268360805,191.79884463576994,188.3822175336386,190.49395751953125,14264700,0.0,0.0
2024-12-31 00:00:00-05:00,190.33456284838633,191.21113466683676,187.77458160553064,188.56150817871094,17466900,0.0,0.0
2025-01-02 00:00:00-05:00,189.90625140953068,191.25099101984424,186.76854591781662,188.69100952148438,20370800,0.0,0.0
2025-01-03 00:00:00-05:00,190.62343412562188,192.45626758091493,189.23885731709424,191.0417938232422,18596200,0.0,0.0
2025-01-06 00:00:00-05:00,193.2232494371018,197.44671400594865,193.09376692292446,196.1019744873047,29563600,0.0,0.0
2025-01-07 00:00:00-05:00,196.34104650196386,200.21587045148732,193.84084384019965,194.7273712158203,26487200,0.0,0.0
2025-01-08 00:00:00-05:00,191.818753365396,195.52422692104554,191.62949216136246,193.193359375,24864800,0.0,0.0
2025-01-10 00:00:00-05:00,193.54201039861906,195.75335107074358,189.5675704988791,191.2908172607422,26665200,0.0,0.0
2025-01-13 00:00:00-05:00,189.32852659632545,190.43418179207845,186.62909187000687,190.2648468017578,21823700,0.0,0.0
2025-01-14 00:00:00-05:00,190.4939429327445,191.23104632862814,187.57536549994643,188.92010498046875,17174900,0.0,0.0
2025-01-15 00:00:00-05:00,192.336729949174,195.5939775570945,191.11153257710336,194.78713989257812,21776000,0.0,0.0
2025-01-16 00:00:00-05:00,193.3826375623353,194.71740642480486,192.05782421701394,192.15744018554688,17815400,0.0,0.0
2025-01-17 00:00:00-05:00,195.76331327486383,196.46057945672584,192.99415958170988,195.23538208007812,27735100,0.0,0.0
2025-01-21 00:00:00-05:00,198.29339931939404,201.50082353528188,197.0980685764286,197.27737426757812,29971300,0.0,0.0
2025-01-22 00:00:00-05:00,198.28342571973468,199.6978841991253,196.75939576380796,197.5961151123047,26200600,0.0,0.0
2025-01-23 00:00:00-05:00,197.36703633289733,199.51861361447575,194.4385031217372,197.20765686035156,26951400,0.0,0.0
2025-01-24 00:00:00-05:00,197.3272010195889,200.11626582045938,197.227585048445,199.42897033691406,23877500,0.0,0.0
2025-01-27 00:00:00-05:00,191.65938720339696,196.11195036774717,189.98593319836488,191.0617218017578,41728900,0.0,0.0
2025-01-28 00:00:00-05:00,191.99804618358004,194.71739168696277,189.93611434526252,194.53810119628906,24157900,0.0,0.0
2025-01-29 00:00:00-05:00,194.7970833042233,196.0222806001553,192.6753879484473,194.64767456054688,18218300,0.0,0.0
2025-01-30 00:00:00-05:00,197.22758104242592,200.61431120284323,196.89886658344366,200.0863800048828,24354700,0.0,0.0
2025-01-31 00:00:00-05:00,201.2119817615517,204.6784017460065,201.01276501748202,203.22410583496094,32001100,0.0,0.0
2025-02-03 00:00:00-05:00,199.90707487204236,202.9551348332388,199.31938021531738,200.44496154785156,27838300,0.0,0.0
2025-02-04 00:00:00-05:00,202.59654903669593,206.24227455727316,202.01880986682883,205.57489013671875,43856400,0.0,0.0
2025-02-05 00:00:00-05:00,190.32459218887777,191.99803076448742,187.29644352930725,190.5835723876953,70373900,0.0,0.0
2025-02-06 00:00:00-05:00,188.7607254709797,191.35058847007514,187.98376961110344,190.8525390625,29297400,0.0,0.0
2025-02-07 00:00:00-05:00,190.3046897826863,190.43417229867478,182.52516013677956,184.61695861816406,49315000,0.0,0.0
2025-02-10 00:00:00-05:00,186.61912556239702,187.46580046504565,185.13493280467802,185.7425537109375,23105600,0.0,0.0
2025-02-11 00:00:00-05:00,184.3081534858771,186.21070577705743,183.5610794112602,184.59703063964844,21239500,0.0,0.0
2025-02-12 00:00:00-05:00,182.5052293386179,184.38785552440282,181.12065256917043,182.89370727539062,22072600,0.0,0.0
2025-02-13 00:00:00-05:00,183.6009416706382,185.5532868448968,182.42553716023775,185.41383361816406,21402500,0.0,0.0
2025-02-14 00:00:00-05:00,184.3380502737544,185.67281908148942,183.60094685418304,184.50738525390625,20448400,0.0,0.0
2025-02-18 00:00:00-05:00,184.87594800082087,185.23454418579348,181.03100592832718,183.05308532714844,29916700,0.0,0.0
2025-02-19 00:00:00-05:00,183.35191045129994,184.73648715297452,182.87377209155156,184.54722595214844,19549400,0.0,0.0
2025-02-20 00:00:00-05:00,184.07906552714084,184.587070455128,182.00717815142445,183.83999633789062,20441500,0.0,0.0
2025-02-21 00:00:00-05:00,184.42769462228776,184.61695583425816,178.38138255149903,178.95912170410156,35199200,0.0,0.0
2025-02-24 00:00:00-05:00,181.28003655625,182.40561792977684,178.19212401815724,178.55072021484375,29854200,0.0,0.0
2025-02-25 00:00:00-05:00,177.3454308360551,178.04271218366185,174.0085088406691,174.73565673828125,41913400,0.0,0.0
2025-02-26 00:00:00-05:00,174.3870043035156,175.39305850492968,170.91061441664831,172.05612182617188,35431300,0.0,0.0
2025-02-27 00:00:00-05:00,173.31123936714644,173.87900779159736,167.28483845921406,167.8426513671875,39991000,0.0,0.0
2025-02-28 00:00:00-05:00,168.02194319125016,169.94442183496423,166.11940597917265,169.61570739746094,48130600,0.0,0.0
2025-03-03 00:00:00-05:00,171.25924816477874,172.69363277465732,165.28265575645824,166.3584442138672,40770500,0.0,0.0
2025-03-04 00:00:00-05:00,165.59146927723793,172.61395362786732,165.15318337522604,170.25320434570312,45388000,0.0,0.0
2025-03-05 00:00:00-05:00,169.85478454890304,173.10206141211768,168.4004735026306,172.34503173828125,30954900,0.0,0.0
2025-03-06 00:00:00-05:00,169.8647356201999,174.12803748089462,169.83485387065045,171.67764282226562,28302000,0.0,0.0
2025-03-07 00:00:00-05:00,170.59186930474007,174.2874024166863,169.6057412532836,173.18173217773438,27385800,0.0,0.0
2025-03-10 00:00:00-04:00,167.7966101322015,167.99607150995365,163.23920372577845,165.41319274902344,43604000,0.2,0.0
2025-03-11 00:00:00-04:00,164.45584068137828,166.29076966008637,160.92558133782,163.58822631835938,39587400,0.0,0.0
2025-03-12 00:00:00-04:00,166.12124110886077,167.17831943801426,163.07963775446962,166.6497802734375,28372400,0.0,0.0
2025-03-13 00:00:00-04:00,165.58271795856493,165.67248166266438,161.6635485106855,162.31175231933594,31756200,0.0,0.0
2025-03-14 00:00:00-04:00,162.82035345635094,166.03148669065808,162.00260445854184,165.03424072265625,31995900,0.0,0.0
2025-03-17 00:00:00-04:00,164.57550719551887,165.8420138841619,163.21925201833648,163.83753967285156,31184300,0.0,0.0
2025-03-18 00:00:00-04:00,163.2292289881846,163.797666550582,156.28840488131223,160.22752380371094,42074800,0.0,0.0
2025-03-19 00:00:00-04:00,161.31450558479577,165.41318720526314,160.5566041117451,163.4386444091797,34275600,0.0,0.0
2025-03-20 00:00:00-04:00,161.1250457167365,164.43589456907407,160.51672503978745,162.35165405273438,28138500,0.0,0.0
2025-03-21 00:00:00-04:00,160.76603321155818,163.7876873527184,160.44690718978086,163.5383758544922,36625800,0.0,0.0
2025-03-24 00:00:00-04:00,166.6098952363908,167.8564527267567,164.68520255854742,167.21820068359375,30879100,0.0,0.0
2025-03-25 00:00:00-04:00,168.51463564762358,170.16010078341677,167.85646481007365,170.0902862548828,24174400,0.0,0.0
2025-03-26 00:00:00-04:00,168.53459028680902,169.14291101426645,164.3860428738787,164.60543823242188,28901600,0.0,0.0
2025-03-27 00:00:00-04:00,164.1766304631432,164.96444818748884,161.55386834836875,161.793212890625,24508300,0.0,0.0
2025-03-28 00:00:00-04:00,160.04800692471866,161.3743458553731,153.20689914473365,153.90496826171875,48669300,0.0,0.0
2025-03-31 00:00:00-04:00,152.68834136730996,155.11164193370462,150.24509161947617,154.21412658691406,54603500,0.0,0.0
2025-04-01 00:00:00-04:00,153.19693997672525,157.66461343058796,153.19693997672525,156.637451171875,30672900,0.0,0.0
2025-04-02 00:00:00-04:00,154.72270392156926,157.9737354754909,154.2739462849113,156.6074981689453,25041700,0.0,0.0
2025-04-03 00:00:00-04:00,150.69384170810525,152.35924068042604,149.97582338010557,150.30491638183594,46883400,0.0,0.0
2025-04-04 00:00:00-04:00,147.60237162636182,150.6539570990706,144.97962505338862,145.1990203857422,62259500,0.0,0.0
2025-04-07 00:00:00-04:00,141.1601793715283,152.42906261628312,140.14298415460087,146.34585571289062,76794100,0.0,0.0
2025-04-08 00:00:00-04:00,150.80354683062922,151.82074204837693,142.63609935843277,144.30149841308594,52200200,0.0,0.0
2025-04-09 00:00:00-04:00,144.0222787835972,159.11061702523395,143.51368875470308,158.27293395996094,70406200,0.0,0.0
2025-04-10 00:00:00-04:00,156.10888048544342,157.28563866565491,149.51708388683267,152.39913940429688,48022000,0.0,0.0
2025-04-11 00:00:00-04:00,152.47890126397309,157.23576875594767,152.39913497789206,156.7072296142578,33636200,0.0,0.0
2025-04-14 00:00:00-04:00,159.5593589601424,161.27462328630523,157.12607630131762,158.63192749023438,30333000,0.0,0.0
2025-04-15 00:00:00-04:00,158.6917731015249,159.2103301054895,154.78257030571797,155.87953186035156,27551500,0.0,0.0
2025-04-16 00:00:00-04:00,152.67838302048966,155.46069292632185,151.0927501668845,152.90774536132812,28187400,0.0,0.0
2025-04-17 00:00:00-04:00,153.86508310192784,154.25400844452392,148.09103529003713,150.74371337890625,33046600,0.0,0.0
2025-04-21 00:00:00-04:00,148.46997994299036,148.5397792458497,145.69763745597456,147.2633056640625,26049100,0.0,0.0
2025-04-22 00:00:00-04:00,148.4799748767304,151.7708901311246,148.1309326464279,151.05287170410156,26971800,0.0,0.0
2025-04-23 00:00:00-04:00,155.1814586711159,157.09616926384234,153.38641273519517,154.92218017578125,31128800,0.0,0.0
2025-04-24 00:00:00-04:00,155.7199692710382,159.15049822016638,155.36096007364648,158.8413543701172,45894000,0.0,0.0
2025-04-25 00:00:00-04:00,164.61541287682232,165.6425750916004,160.59649729347288,161.51397705078125,56034000,0.0,0.0
2025-04-28 00:00:00-04:00,161.98267405118585,162.70069244870191,158.16323494184564,160.16769409179688,29745800,0.0,0.0
2025-04-29 00:00:00-04:00,159.87849612757626,160.29733764803302,157.086204107764,159.71893310546875,26809000,0.0,0.0
2025-04-30 00:00:00-04:00,157.5449218586139,158.83137774482094,154.9720253029664,158.3626708984375,34981100,0.0,0.0
2025-05-01 00:00:00-04:00,160.00812396444732,161.5039930234171,158.47237175928248,160.8557891845703,30203200,0.0,0.0
2025-05-02 00:00:00-04:00,162.95997467027814,164.51567601619934,161.42420728854916,163.57826232910156,25715000,0.0,0.0
2025-05-05 00:00:00-04:00,162.55110755610633,164.93452502755278,162.2718798770323,163.75778198242188,21341800,0.0,0.0
2025-05-06 00:00:00-04:00,161.72339340187466,164.3461554362482,160.74609651363122,162.7804718017578,21277200,0.0,0.0
2025-05-07 00:00:00-04:00,163.62814193511582,164.545606521222,147.43285979099062,150.96311950683594,127490100,0.0,0.0
2025-05-08 00:00:00-04:00,154.57313616382487,155.5005676767597,152.4789133936082,153.85511779785156,57498700,0.0,0.0
2025-05-09 00:00:00-04:00,153.7454179749914,154.62299934708025,151.78084208678038,152.32933044433594,32435300,0.0,0.0
2025-05-12 00:00:00-04:00,157.0562906900787,158.66185748829406,155.81970007226886,158.02362060546875,44138800,0.0,0.0
2025-05-13 00:00:00-04:00,158.35270013902556,160.12781218093087,155.72995326636035,159.09066772460938,42382100,0.0,0.0
2025-05-14 00:00:00-04:00,159.51949150800576,166.5400972975048,159.170449289238,164.91458129882812,48755900,0.0,0.0
2025-05-15 00:00:00-04:00,165.3832808496498,165.75227223459135,161.92283584781248,163.5084686279297,33146700,0.0,0.0
2025-05-16 00:00:00-04:00,167.26806720706887,168.88361607338598,165.16387753981013,165.73231506347656,42846900,0.0,0.0
2025-05-19 00:00:00-04:00,164.0569364118495,166.18107529267584,163.7677417629434,166.0813446044922,30426100,0.0,0.0
2025-05-20 00:00:00-04:00,165.9716462897934,168.03595283640126,162.45136908866291,163.5283966064453,46607700,0.0,0.0
2025-05-21 00:00:00-04:00,163.2392111991083,172.66318349220677,163.1095643409873,168.09579467773438,73416000,0.0,0.0
2025-05-22 00:00:00-04:00,171.37672606938918,176.28317441687045,170.23986627200654,170.3994140625,74864400,0.0,0.0
2025-05-23 00:00:00-04:00,168.5944139952117,169.49194456610303,167.42763794814334,168.00604248046875,35211400,0.0,0.0
2025-05-27 00:00:00-04:00,169.69139882784629,172.69310408957966,169.53183580095055,172.42384338378906,37995700,0.0,0.0
2025-05-28 00:00:00-04:00,172.6831300854681,174.7873198647011,171.4365725199691,171.8853302001953,34784000,0.0,0.0
2025-05-29 00:00:00-04:00,173.5208093888165,173.93965089581198,170.1600951338123,171.38670349121094,29317300,0.0,0.0
2025-05-30 00:00:00-04:00,170.87810348795895,171.73573563304672,166.97886808315485,171.26702880859375,52639900,0.0,0.0
2025-06-02 00:00:00-04:00,167.37775851379809,169.40216659815258,166.9290008745093,168.56448364257812,38612300,0.0,0.0
2025-06-03 00:00:00-04:00,167.0287408798973,168.01600469808255,164.82482048675826,165.7223358154297,45084900,0.0,0.0
2025-06-04 00:00:00-04:00,166.28081407126308,167.75673398423967,165.90185569784677,167.5872039794922,26900800,0.0,0.0
2025-06-05 00:00:00-04:00,169.8708734285067,170.45924489376316,167.128447034404,167.7467498779297,36379100,0.0,0.0
2025-06-06 00:00:00-04:00,170.35954849552294,174.01943975782734,170.35954849552294,173.20169067382812,35731800,0.0,0.0
2025-06-09 00:00:00-04:00,174.27003651227847,176.19705935039198,174.1003012753775,175.81764221191406,28935900,0.21,0.0
2025-06-10 00:00:00-04:00,175.92747903926403,180.8298886948226,174.63948090794972,178.3237762451172,61766100,0.0,0.0
2025-06-11 00:00:00-04:00,179.49195401036374,180.09101684926247,176.47662077845203,177.07569885253906,31646800,0.0,0.0
2025-06-12 00:00:00-04:00,175.9075065231488,176.4466798719252,174.47972552416806,175.42825317382812,20941900,0.0,0.0
2025-06-13 00:00:00-04:00,172.17329464872896,176.85604320367563,172.1233689351953,174.39984130859375,27663100,0.0,0.0
2025-06-16 00:00:00-04:00,174.45974398959817,176.66633252587772,174.37986589593493,176.49659729003906,27389200,0.0,0.0
2025-06-17 00:00:00-04:00,175.4282431183839,177.08567926563504,174.30998028900405,175.6778564453125,24973000,0.0,0.0
2025-06-18 00:00:00-04:00,175.73776761612697,176.28692000243774,172.93211615674434,173.05194091796875,28707500,0.0,0.0
2025-06-20 00:00:00-04:00,173.68095462694552,174.07035081830173,165.20409556084024,166.38226318359375,75659900,0.0,0.0
2025-06-23 00:00:00-04:00,166.0128407101847,167.08117785912864,161.74944069273923,164.93450927734375,57671000,0.0,0.0
2025-06-24 00:00:00-04:00,166.66183161080377,167.95982401484335,165.87306016657053,166.51206970214844,40524300,0.0,0.0
2025-06-25 00:00:00-04:00,167.37074500344593,172.09342522608725,167.29086690480466,170.416015625,35479000,0.0,0.0
2025-06-26 00:00:00-04:00,172.16329217484034,173.42135306121023,169.67715325213413,173.27157592773438,31796700,0.0,0.0
2025-06-27 00:00:00-04:00,173.27158802075178,178.40363764116194,171.46438989107267,178.25387573242188,108140200,0.0,0.0
2025-06-30 00:00:00-04:00,180.50039372606906,180.949694682379,174.30998606031628,175.95742797851562,63378900,0.0,0.0
2025-07-01 00:00:00-04:00,175.46818749328466,175.81763700531283,173.26159900853952,175.56802368164062,35904500,0.0,0.0
2025-07-02 00:00:00-04:00,175.26848197683447,178.58335417760583,174.79922295185074,178.3636932373047,29128900,0.0,0.0
2025-07-03 00:00:00-04:00,178.22391365801445,179.39210218822254,176.7761594232363,179.2523193359375,21689700,0.0,0.0
2025-07-07 00:00:00-04:00,178.78304908898676,179.0226833705182,175.40827199123135,176.5165557861328,34175600,0.0,0.0
2025-07-08 00:00:00-04:00,177.5749242496101,177.67476043779465,172.54271112131266,174.09031677246094,40442500,0.0,0.0
2025-07-09 00:00:00-04:00,174.97894087050608,179.1624626362242,172.50278095171484,176.34681701660156,43025600,0.0,0.0
2025-07-10 00:00:00-04:00,175.35836349959487,178.15402063985096,174.11029683512743,177.34527587890625,29252400,0.0,0.0
2025-07-11 00:00:00-04:00,176.51656530489134,181.14938835134018,176.20704719654847,179.91131591796875,34282900,0.0,0.0
2025-07-14 00:00:00-04:00,180.7300224544814,183.3859118317051,179.40207776586954,181.2791748046875,32536600,0.0,0.0
2025-07-15 00:00:00-04:00,182.5272506181519,183.93507346834292,181.31913062189142,181.718505859375,33448300,0.0,0.0
2025-07-16 00:00:00-04:00,182.95659839065306,184.04490889196538,181.74846312672318,182.68701171875,33104200,0.0,0.0
2025-07-17 00:00:00-04:00,181.85827589550698,183.77530432362263,180.20083982993623,183.29605102539062,31992600,0.0,0.0
2025-07-18 00:00:00-04:00,185.113228386666,186.13165497814074,183.42585517412414,184.7737579345703,34014500,0.0,0.0
2025-07-21 00:00:00-04:00,185.9619181252415,189.99566255854273,185.86206670599856,189.80596923828125,45803100,0.0,0.0
2025-07-22 00:00:00-04:00,191.20380830960463,191.35357021159422,187.17006365240448,191.04405212402344,44660200,0.0,0.0
2025-07-23 00:00:00-04:00,191.20381577219638,192.23222149983224,188.88739669642578,189.93577575683594,58681900,0.0,0.0
2025-07-24 00:00:00-04:00,196.72525594978663,197.64383117376477,190.70458366341637,191.87277221679688,74881700,0.0,0.0
2025-07-25 00:00:00-04:00,191.68306935737266,194.02944081770818,190.96418172846938,192.88121032714844,39785900,0.0,0.0
2025-07-28 00:00:00-04:00,193.35047209995227,193.7498625541434,190.54482081320737,192.28213500976562,38139500,0.0,0.0
2025-07-29 00:00:00-04:00,192.13236281084488,195.61697034161693,191.78291329403916,195.44723510742188,41389200,0.0,0.0
2025-07-30 00:00:00-04:00,195.2974741739121,197.2943808004953,194.3888780023715,196.2260284423828,32445400,0.0,0.0
2025-07-31 00:00:00-04:00,195.40729975764043,195.68686545955075,190.79443520574372,191.60317993164062,51329200,0.0,0.0
2025-08-01 00:00:00-04:00,188.73762721302066,190.53484621084553,187.52950724447476,188.8374786376953,34832200,0.0,0.0
2025-08-04 00:00:00-04:00,189.9956738002762,194.96798225717674,189.82593856567027,194.7383270263672,31547400,0.0,0.0
2025-08-05 00:00:00-04:00,194.4088584088549,197.55398036609623,193.59011934927213,194.36891174316406,31602300,0.0,0.0
2025-08-06 00:00:00-04:00,194.19916035027438,196.32587068335496,193.37044231078846,195.7866973876953,21562900,0.0,0.0
2025-08-07 00:00:00-04:00,196.75520727948205,197.23446060352177,194.0294340028213,196.21604919433594,26321800,0.0,0.0
2025-08-08 00:00:00-04:00,196.9149587094283,202.29662132319493,196.86503299798275,201.10845947265625,39161800,0.0,0.0
2025-08-11 00:00:00-04:00,200.62921267003748,201.16837075965444,198.76210983585918,200.68911743164062,25832400,0.0,0.0
2025-08-12 00:00:00-04:00,201.0585431482033,204.18370696130674,200.27975076589462,203.02549743652344,30397900,0.0,0.0
2025-08-13 00:00:00-04:00,203.81428597106753,204.21366121456273,197.2045144743427,201.64764404296875,28342900,0.0,0.0
2025-08-14 00:00:00-04:00,201.18833871082708,204.12379383237695,200.91875205563483,202.62611389160156,25230400,0.0,0.0
2025-08-15 00:00:00-04:00,203.534714766441,206.12070520105007,200.96868242883633,203.58462524414062,34931400,0.0,0.0
2025-08-18 00:00:00-04:00,203.8841712567715,204.9525236553874,202.17682455801943,203.1852569580078,18526600,0.0,0.0
2025-08-19 00:00:00-04:00,202.7159730378366,203.1253425488118,199.65072931767816,201.25823974609375,24240200,0.0,0.0
2025-08-20 00:00:00-04:00,200.41952632200108,200.9686786831588,196.29592455953664,199.01171875,28955500,0.0,0.0
2025-08-21 00:00:00-04:00,199.4410400390625,202.166813191516,199.12152768080315,199.4410400390625,19774600,0.0,0.0
2025-08-22 00:00:00-04:00,202.41643648326647,208.21744781149425,200.98865555430208,205.771240234375,42827000,0.0,0.0
2025-08-25 00:00:00-04:00,206.11069972619865,210.19438514977915,204.9624845680577,208.1675262451172,29928900,0.0,0.0
2025-08-26 00:00:00-04:00,207.18903343187435,207.52851912382437,205.3818354433132,206.81961059570312,28464100,0.0,0.0
2025-08-27 00:00:00-04:00,205.38184246485358,208.58688428789492,205.3319167524022,207.15908813476562,23022900,0.0,0.0
2025-08-28 00:00:00-04:00,206.92944327697995,211.8917573213033,206.57997853322107,211.31265258789062,32339300,0.0,0.0
2025-08-29 00:00:00-04:00,210.1843914975452,214.3179874085232,209.87487342277922,212.5806884765625,39728400,0.0,0.0
2025-09-02 00:00:00-04:00,208.11761422314743,211.3525932568575,205.88107328271496,211.0231170654297,47523000,0.0,0.0
2025-09-03 00:00:00-04:00,225.86012385269166,230.95222645491896,224.44230678385503,230.30323791503906,103336100,0.0,0.0
2025-09-04 00:00:00-04:00,229.2947939629136,232.01058815431742,225.76027598883607,231.94070434570312,51684200,0.0,0.0
2025-09-05 00:00:00-04:00,231.84086323662245,235.39535470067108,231.5413241866342,234.63653564453125,46588900,0.0,0.0
2025-09-08 00:00:00-04:00,235.31608185012894,237.97434675109136,233.5172554040335,233.8870086669922,32474700,0.21,0.0
2025-09-09 00:00:00-04:00,234.0169206603603,240.3128053844981,233.07753270088136,239.47335815429688,38061000,0.0,0.0
2025-09-10 00:00:00-04:00,238.74382884116824,241.50203443312756,237.6945274082077,239.01365661621094,35141100,0.0,0.0
2025-09-11 00:00:00-04:00,239.7232054178332,242.09165136894262,236.09557331646107,240.21287536621094,30599300,0.0,0.0
2025-09-12 00:00:00-04:00,240.21286654309478,241.92175543476245,237.84442067897936,240.64259338378906,26771600,0.0,0.0
2025-09-15 00:00:00-04:00,244.5000723057695,252.24500622225327,244.5000723057695,251.44552612304688,58383800,0.0,0.0
2025-09-16 00:00:00-04:00,251.91521585326547,252.87457975705254,249.30692141357196,250.99581909179688,34109700,0.0,0.0
2025-09-17 00:00:00-04:00,251.0557800198683,251.43553649547647,246.11900683222018,249.36688232421875,34108000,0.0,0.0
2025-09-18 00:00:00-04:00,251.51547232528497,253.82397511354577,249.6367116291099,251.86524963378906,31239500,0.0,0.0
2025-09-19 00:00:00-04:00,253.08445699569828,255.83265939150547,251.64539584681071,254.55349731445312,55571400,0.0,0.0
2025-09-22 00:00:00-04:00,254.2636811395151,255.6128047936517,250.13639113793755,252.36492919921875,32290500,0.0,0.0
2025-09-23 00:00:00-04:00,252.8745862102155,254.1937306726042,250.31626206974443,251.49549865722656,26628000,0.0,0.0
2025-09-24 00:00:00-04:00,251.49550432970327,252.18505574615793,246.2789151995329,246.97845458984375,28201000,0.0,0.0
2025-09-25 00:00:00-04:00,244.24022750230412,246.32887284028934,240.58263166512353,245.6293182373047,31020400,0.0,0.0
2025-09-26 00:00:00-04:00,246.90849752367055,249.25695217808112,245.80921049475367,246.3788299560547,18503200,0.0,0.0
2025-09-29 00:00:00-04:00,247.6879914773483,250.98582213384148,242.61131034259105,243.89047241210938,32505800,0.0,0.0
2025-09-30 00:00:00-04:00,242.65128209661555,243.13096406959585,239.09361157011617,242.94110107421875,34724300,0.0,0.0
2025-10-01 00:00:00-04:00,240.59263270567308,246.13900797357311,238.45403213601972,244.7399139404297,31658200,0.0,0.0
2025-10-02 00:00:00-04:00,244.98974812584623,246.64866670301694,242.14162021805868,245.52940368652344,25483300,0.0,0.0
2025-10-03 00:00:00-04:00,244.33018254314118,246.138996907564,241.5020306823554,245.1896209716797,30249600,0.0,0.0
2025-10-06 00:00:00-04:00,244.61999567020933,251.1557292673991,244.42012945214807,250.26629638671875,28894700,0.0,0.0
2025-10-07 00:00:00-04:00,248.10771903747053,250.27629875611288,245.35951661425605,245.59934997558594,23181300,0.0,0.0
2025-10-08 00:00:00-04:00,244.79988761332393,245.84918907751907,243.66063338889384,244.46009826660156,21307100,0.0,0.0
2025-10-09 00:00:00-04:00,244.3101967172578,244.60000044134677,238.99366696134817,241.3721160888672,27892100,0.0,0.0
2025-10-10 00:00:00-04:00,241.27216783484693,243.93043262992407,235.6858257251368,236.4153594970703,33180300,0.0,0.0
2025-10-13 00:00:00-04:00,240.05299046060216,244.34017953936018,239.55331729181,243.9904022216797,24995000,0.0,0.0
2025-10-14 00:00:00-04:00,241.07230809804528,246.95845730298234,240.35277752895155,245.28955078125,22111600,0.0,0.0
2025-10-15 00:00:00-04:00,247.0883778879278,251.94520161834686,245.82920701293574,250.86590576171875,27007700,0.0,0.0
2025-10-16 00:00:00-04:00,251.60541868813706,256.79201310331337,249.93651222042618,251.29562377929688,27997200,0.0,0.0
2025-10-17 00:00:00-04:00,250.59608169913423,254.05382673080507,247.64801305801078,253.13442993164062,29671600,0.0,0.0
2025-10-20 00:00:00-04:00,254.52352413042843,257.1617826336821,254.06381810029453,256.3822937011719,22350200,0.0,0.0
2025-10-21 00:00:00-04:00,254.5734808325197,254.71338870395212,243.99039197294186,250.29627990722656,47312100,0.0,0.0
2025-10-22 00:00:00-04:00,254.20372304336274,256.19241249616164,249.12704181794433,251.52548217773438,35029400,0.0,0.0
2025-10-23 00:00:00-04:00,252.81462530948346,254.8732762688867,251.68537434804077,252.91456604003906,19901400,0.0,0.0
2025-10-24 00:00:00-04:00,256.412278354529,261.5089509442133,255.1531226659378,259.7501220703125,28655100,0.0,0.0
2025-10-27 00:00:00-04:00,264.6468909460984,269.9634205104271,264.10723541197956,269.0939636230469,35235200,0.0,0.0
2025-10-28 00:00:00-04:00,269.5137161039883,270.5530448339537,266.3257988486908,267.295166015625,29738600,0.0,0.0
2025-10-29 00:00:00-04:00,267.57498405043395,275.1600191542769,267.49504976173847,274.3905334472656,43580300,0.0,0.0
2025-10-30 00:00:00-04:00,291.3993974290424,291.3993974290424,279.87693527724974,281.2960205078125,74876000,0.0,0.0
2025-10-31 00:00:00-04:00,283.02486366213384,285.81304844327684,276.8489107040144,281.0061950683594,39267900,0.0,0.0
2025-11-03 00:00:00-05:00,281.9955439895644,285.3433603410046,279.61709481156873,283.5345458984375,29786000,0.0,0.0
2025-11-04 00:00:00-05:00,276.56908942406625,281.0861237356038,276.07941949471564,277.35858154296875,30078400,0.0,0.0
2025-11-05 00:00:00-05:00,278.6876991693174,286.23278206992967,277.15870054271744,284.1241455078125,31010300,0.0,0.0
2025-11-06 00:00:00-05:00,285.14348075532007,288.1615262521665,280.9562476047489,284.5638732910156,37173600,0.0,0.0
2025-11-07 00:00:00-05:00,283.0248465894465,283.59448127875606,275.0101005397699,278.647705078125,34479600,0.0,0.0
2025-11-10 00:00:00-05:00,284.23409016650885,290.6098939896417,282.6750818691635,289.9103698730469,29557300,0.0,0.0
2025-11-11 00:00:00-05:00,287.56189748708465,291.72918497214437,287.1321858980205,291.11956787109375,19842100,0.0,0.0
2025-11-12 00:00:00-05:00,291.4893355792204,291.8191369528623,283.504568014819,286.5225830078125,24829900,0.0,0.0
2025-11-13 00:00:00-05:00,282.15543354563385,282.65510670070455,277.0587612643864,278.3879089355469,29494000,0.0,0.0
2025-11-14 00:00:00-05:00,271.23257767900105,278.3778974858086,270.52305035910666,276.22930908203125,31647200,0.0,0.0
2025-11-17 00:00:00-05:00,285.59319216713175,293.7578650793077,283.38464532335746,284.83367919921875,52670200,0.0,0.0
2025-11-18 00:00:00-05:00,287.7318125744744,288.61121173854644,278.0181648979437,284.09417724609375,49158700,0.0,0.0
2025-11-19 00:00:00-05:00,286.9722907427786,303.6114007455407,286.44263841708545,292.61859130859375,68198900,0.0,0.0
2025-11-20 00:00:00-05:00,304.3409354639468,306.2197114167213,288.48131431646567,289.26080322265625,62025200,0.0,0.0
2025-11-21 00:00:00-05:00,296.2262391249899,303.7213362601199,293.6579118539212,299.464111328125,74137700,0.0,0.0
2025-11-24 00:00:00-05:00,310.9266228942269,319.27117069793417,309.39762425695875,318.3717346191406,85165100,0.0,0.0
2025-11-25 00:00:00-05:00,325.9967549915166,328.6150374741804,317.4423529194355,323.22857666015625,88632100,0.0,0.0
2025-11-26 00:00:00-05:00,320.4703785574214,324.287888914303,316.58293713459693,319.7408752441406,51373400,0.0,0.0
2025-11-28 00:00:00-05:00,323.15862038246837,326.6363566172421,316.5829348985448,319.970703125,26018600,0.0,0.0
2025-12-01 00:00:00-05:00,317.49233426982363,319.6409227326276,313.684827275924,314.6841735839844,41183000,0.0,0.0
2025-12-02 00:00:00-05:00,316.5329308632399,318.17187340075924,313.7047943107319,315.6035461425781,35854700,0.0,0.0
2025-12-03 00:00:00-05:00,315.68353592029735,321.369788644051,313.89469739870816,319.42108154296875,41838300,0.0,0.0
2025-12-04 00:00:00-05:00,322.0193865832628,322.14927599125497,314.4943097586067,317.4123840332031,31240900,0.0,0.0
2025-12-05 00:00:00-05:00,319.28113189003057,322.9487461411032,318.961364259978,321.0599670410156,28851700,0.0,0.0
2025-12-08 00:00:00-05:00,320.04998779296875,320.44000244140625,311.2200012207031,313.7200012207031,33909400,0.21,0.0
2025-12-09 00:00:00-05:00,312.3699951171875,317.989990234375,311.8999938964844,317.0799865722656,30194000,0.0,0.0
2025-12-10 00:00:00-05:00,315.8299865722656,321.30999755859375,314.67999267578125,320.2099914550781,33428900,0.0,0.0
2025-12-11 00:00:00-05:00,320.0799865722656,321.1199951171875,308.6000061035156,312.42999267578125,42353700,0.0,0.0
2025-12-12 00:00:00-05:00,313.70001220703125,314.8699951171875,305.55999755859375,309.2900085449219,35940200,0.0,0.0
2025-12-15 00:00:00-05:00,311.32000732421875,311.4200134277344,304.8800048828125,308.2200012207031,29151900,0.0,0.0
2025-12-16 00:00:00-05:00,304.95001220703125,310.7699890136719,302.5899963378906,306.57000732421875,30585000,0.0,0.0
2025-12-17 00:00:00-05:00,308.010009765625,308.0899963378906,296.1199951171875,296.7200012207031,43930400,0.0,0.0
2025-12-18 00:00:00-05:00,301.7200012207031,303.9599914550781,299.2300109863281,302.4599914550781,33518000,0.0,0.0
2025-12-19 00:00:00-05:00,301.7300109863281,307.25,300.9700012207031,307.1600036621094,59943200,0.0,0.0
2025-12-22 00:00:00-05:00,309.8800048828125,310.1300048828125,305.29998779296875,309.7799987792969,26429900,0.0,0.0
2025-12-23 00:00:00-05:00,309.6300048828125,314.94000244140625,309.32000732421875,314.3500061035156,25478700,0.0,0.0
2025-12-24 00:00:00-05:00,314.7699890136719,315.0799865722656,311.9200134277344,314.0899963378906,10097400,0.0,0.0
2025-12-26 00:00:00-05:00,314.4800109863281,315.0899963378906,312.2799987792969,313.510009765625,10899000,0.0,0.0
2025-12-29 00:00:00-05:00,311.3699951171875,314.0199890136719,310.6199951171875,313.55999755859375,19621800,0.0,0.0
2025-12-30 00:00:00-05:00,312.5,316.95001220703125,312.4599914550781,313.8500061035156,17380900,0.0,0.0
2025-12-31 00:00:00-05:00,312.8500061035156,314.5799865722656,311.44000244140625,313.0,16377700,0.0,0.0
2026-01-02 00:00:00-05:00,316.8999938964844,322.5,310.3299865722656,315.1499938964844,32009400,0.0,0.0
2026-01-05 00:00:00-05:00,317.6600036621094,319.0199890136719,314.6300048828125,316.5400085449219,30195600,0.0,0.0
2026-01-06 00:00:00-05:00,316.3999938964844,320.94000244140625,311.7799987792969,314.3399963378906,31212100,0.0,0.0
2026-01-07 00:00:00-05:00,314.3599853515625,326.1499938964844,314.19000244140625,321.9800109863281,35104400,0.0,0.0
2026-01-08 00:00:00-05:00,328.9700012207031,330.32000732421875,321.5,325.44000244140625,31896100,0.0,0.0
2026-01-09 00:00:00-05:00,327.0899963378906,330.8299865722656,325.79998779296875,328.57000732421875,26214200,0.0,0.0
2026-01-12 00:00:00-05:00,325.79998779296875,334.0400085449219,325.0,331.8599853515625,33923900,0.0,0.0
2026-01-13 00:00:00-05:00,334.95001220703125,340.489990234375,333.6199951171875,335.9700012207031,33517600,0.0,0.0
2026-01-14 00:00:00-05:00,335.05999755859375,336.5199890136719,330.4800109863281,335.8399963378906,28525600,0.0,0.0
2026-01-15 00:00:00-05:00,337.6499938964844,337.69000244140625,330.739990234375,332.7799987792969,28442400,0.0,0.0
2026-01-16 00:00:00-05:00,334.4100036621094,334.6499938964844,327.70001220703125,330.0,40341600,0.0,0.0
2026-01-20 00:00:00-05:00,320.8699951171875,327.7300109863281,320.42999267578125,322.0,35361000,0.0,0.0
2026-01-21 00:00:00-05:00,320.9200134277344,332.4800109863281,319.3500061035156,328.3800048828125,35386600,0.0,0.0
2026-01-22 00:00:00-05:00,334.45001220703125,335.1499938964844,328.75,330.5400085449219,26253600,0.0,0.0
2026-01-23 00:00:00-05:00,332.489990234375,333.69000244140625,327.45001220703125,327.92999267578125,27280000,0.0,0.0
2026-01-26 00:00:00-05:00,327.80999755859375,335.8399963378906,327.0,333.260009765625,26042100,0.0,0.0
2026-01-27 00:00:00-05:00,335.3699951171875,337.9100036621094,333.4800109863281,334.54998779296875,21636200,0.0,0.0
2026-01-28 00:00:00-05:00,336.05999755859375,337.5400085449219,331.94000244140625,336.010009765625,27434400,0.0,0.0
2026-01-29 00:00:00-05:00,340.29998779296875,342.2900085449219,326.5400085449219,338.25,39785600,0.0,0.0
2026-01-30 00:00:00-05:00,340.0,340.0,332.2900085449219,338.0,31024000,0.0,0.0
2026-02-02 00:00:00-05:00,336.2200012207031,344.8299865722656,335.6300048828125,343.69000244140625,32006100,0.0,0.0
2026-02-03 00:00:00-05:00,347.3399963378906,349.0,337.4700012207031,339.7099914550781,36506700,0.0,0.0
2026-02-04 00:00:00-05:00,342.9599914550781,343.30999755859375,328.5199890136719,333.0400085449219,70618400,0.0,0.0
2026-02-05 00:00:00-05:00,312.2200012207031,332.69000244140625,306.4599914550781,331.25,88205800,0.0,0.0
2026-02-06 00:00:00-05:00,327.17999267578125,330.3800048828125,319.9200134277344,322.8599853515625,56380500,0.0,0.0
2026-02-09 00:00:00-05:00,320.92999267578125,327.70001220703125,317.260009765625,324.32000732421875,39586100,0.0,0.0
2026-02-10 00:00:00-05:00,320.95001220703125,321.6700134277344,314.6099853515625,318.8800048828125,23358040,0.0,0.0
