,Open,High,Low,Close,Volume
2018-12-22 12:29:57.610599,105.46489930952177,106.57637373733579,102.60103064822107,104.58923003106132,7386343
2018-12-23 12:29:57.610599,103.21768249788661,105.57950140953069,101.43651978370585,103.88419787377026,9935009
2018-12-24 12:29:57.610599,104.6609872360804,107.08012514346315,104.19503587773613,105.50469827591205,9672461
2018-12-25 12:29:57.610599,102.05846469031691,104.42622608562205,100.31335945567051,102.69950664644493,8262448
2018-12-26 12:29:57.610599,102.89148793498593,105.24767814738225,98.30957027328338,102.93873256278148,6587886
2018-12-27 12:29:57.610599,103.3345473048363,104.8117843982789,103.14146792986831,103.84413179711456,1303539
2018-12-28 12:29:57.610599,105.50148902882908,109.48107307963484,104.95841698878358,107.35382226167653,5275104
2018-12-29 12:29:57.610599,108.83444019674751,113.2161495971785,109.00074483323917,109.89136899251517,8094808
2018-12-30 12:29:57.610599,105.65667655023718,108.98136771972987,107.4991084651682,107.62739506769188,5498356
2018-12-31 12:29:57.610599,106.32213275454137,108.35196556330857,105.51892380361964,106.95074586431187,3607903
2019-01-01 12:29:57.610599,110.92402062346264,112.97275361274637,107.60739037723643,111.48753414816825,2513286
2019-01-02 12:29:57.610599,112.22513995570151,114.01403989046976,111.42139936508953,113.36842547040834,6767596
2019-01-03 12:29:57.610599,110.85241623228166,111.62405934124916,111.22390208129517,111.54602578243424,1263148
2019-01-04 12:29:57.610599,113.91000797767748,114.53522875841286,111.03456250481864,114.17079082466557,2532903
2019-01-05 12:29:57.610599,117.30575103451861,118.22525257998981,114.55235240409529,116.44503826596426,6072354
2019-01-06 12:29:57.610599,116.64691078694308,117.43685283656441,114.61966555938965,115.70156780753791,8539551
2019-01-07 12:29:57.610599,117.58040639885539,118.13768359992574,114.83998371949242,117.30962648679127,6826549
2019-01-08 12:29:57.610599,113.0795075840628,115.12423229940816,113.13249684495639,113.30268270823528,1971141
2019-01-09 12:29:57.610599,111.7850689091227,113.32281293559934,110.05403398526542,113.0576288411468,3368791
2019-01-10 12:29:57.610599,117.17110775346399,119.50236261617911,116.18112703472848,117.29718531061097,4414043
2019-01-11 12:29:57.610599,118.72120397751094,121.38490418300682,117.22613950949554,118.666400423872,1148095
2019-01-12 12:29:57.610599,118.3808426073922,120.95741421497405,116.93165396060274,118.96006989940463,4113904
2019-01-13 12:29:57.610599,119.16212242213132,118.45639119476036,117.3802072964628,118.11705574716281,4161472
2019-01-14 12:29:57.610599,118.39188695301232,119.29630645964794,116.9597040123673,117.27924404972053,3840409
2019-01-15 12:29:57.610599,121.5245942992188,119.41278340931441,116.87597023132689,119.13706617809424,5622435
2019-01-16 12:29:57.610599,120.72940867575488,123.29661145579675,120.43579948795332,121.13471618020064,7699231
2019-01-17 12:29:57.610599,119.50523266163115,124.02951185390981,118.4512893381508,120.29179204838988,1028170
2019-01-18 12:29:57.610599,117.18733310388919,119.33616172437526,117.05122631922991,117.2185482028819,9410651
2019-01-19 12:29:57.610599,115.55024987352344,117.04965552570928,114.66446843347829,115.22704386029488,7463483
2019-01-20 12:29:57.610599,115.30997047439793,118.8754794936951,114.31790969431555,115.23720441863271,8643574
2019-01-21 12:29:57.610599,115.00057916494237,115.26854416030368,114.13216003729508,114.63390115980826,3750558
2019-01-22 12:29:57.610599,114.41314957158232,114.56092091334052,111.60227495408992,113.91975819453745,2815489
2019-01-23 12:29:57.610599,120.14132527874344,121.96529702906803,118.0085206074705,120.06487728057661,1316531
2019-01-24 12:29:57.610599,117.8898341903969,119.51541856517817,117.64578228488126,118.39509857724073,1529172
2019-01-25 12:29:57.610599,118.31913252424519,122.75111459203417,118.16293899794255,118.60313592124976,8811735
2019-01-26 12:29:57.610599,123.28540384400223,122.63768913969746,120.71577508369978,122.26880692268415,2580075
2019-01-27 12:29:57.610599,122.12651530985929,126.01686515186503,122.23999344122106,123.95032049404233,1040252
2019-01-28 12:29:57.610599,125.95884195994338,127.07796607540025,124.5499154450541,126.95421342437928,9478416
2019-01-29 12:29:57.610599,125.2569322322257,127.7034886612999,122.17914918936832,126.22387858109913,3151135
2019-01-30 12:29:57.610599,127.34998504528693,132.26793592604662,126.33426532346606,127.55774518077628,3269964
2019-01-31 12:29:57.610599,129.7824807382749,129.84230193427177,128.61625126152114,129.5622096340773,7871198
2019-02-01 12:29:57.610599,133.50775697329277,136.74638579023446,132.00854490861815,133.63022501605676,5914091
2019-02-02 12:29:57.610599,135.6905667944529,135.38837934822195,132.07577287837879,134.328588111236,2573125
2019-02-03 12:29:57.610599,133.259937437336,133.81264500866948,132.66702351604394,133.2006168222485,7654841
2019-02-04 12:29:57.610599,130.54884581399025,134.31465639850558,127.49536890975804,132.1155031532376,1297070
2019-02-05 12:29:57.610599,131.3911601243931,133.0877466559163,131.72703661271765,132.48044880603805,2779722
2019-02-06 12:29:57.610599,132.72135578840926,133.08803320851845,132.50836447605292,132.61111436385548,9811193
2019-02-07 12:29:57.610599,128.48641286226234,129.64101756200986,125.92557151701955,128.44152379871312,6538486
2019-02-08 12:29:57.610599,132.89476225046226,134.86886070076332,131.94988531242117,133.23886270053998,1597880
2019-02-09 12:29:57.610599,131.97727914369995,133.56048720768146,131.23904518333296,132.03343452090445,9612707
2019-02-10 12:29:57.610599,130.42038304636714,132.15582033447313,128.4057730957517,129.59955306004431,7642073
2019-02-11 12:29:57.610599,132.8467482004343,134.0812489660366,128.6243997712355,131.4364653393941,8199115
2019-02-12 12:29:57.610599,131.89425131746071,132.63749498185402,132.2093812421092,132.60040591533578,8929956
2019-02-13 12:29:57.610599,132.3921285650663,134.0637816045792,128.01164969026468,132.62339248499228,6931856
2019-02-14 12:29:57.610599,134.0146988828865,136.6956696063102,131.29298814936234,133.75912244054783,5599950
2019-02-15 12:29:57.610599,132.44799709337633,132.13908295078363,129.35718401476424,131.55678363375824,8839583
2019-02-16 12:29:57.610599,133.04750992525487,135.2894330321182,133.47661704750283,134.2835992383563,6687197
2019-02-17 12:29:57.610599,130.7139119036653,132.9333505096081,129.40253758649513,131.1514486090209,1975044
2019-02-18 12:29:57.610599,127.64676966028794,132.3410687177068,126.96248833467772,128.75198153180187,4814507
2019-02-19 12:29:57.610599,128.47416862257558,128.28733505574257,125.41437311572969,127.08352373414047,4012636
2019-02-20 12:29:57.610599,122.68947791480336,125.68648478394188,123.3246194994414,123.99322684569114,8149244
2019-02-21 12:29:57.610599,126.75797701802325,126.91661124786012,125.92366835575706,126.20808366162545,5569782
2019-02-22 12:29:57.610599,125.41342420420213,129.87573489701222,126.42706487943583,126.67551466671583,2229717
2019-02-23 12:29:57.610599,127.73324899454484,127.71197080852795,125.57887005342015,127.0953504821982,6400797
2019-02-24 12:29:57.610599,124.40454932677719,127.3740168106434,125.18582463731418,125.9417145785263,3672178
2019-02-25 12:29:57.610599,123.1959777663109,123.96048561089198,122.99964948996461,123.41325323921527,2537366
2019-02-26 12:29:57.610599,123.62930745975261,123.39283718661694,121.96740987140319,123.37884048450908,4862527
2019-02-27 12:29:57.610599,120.14478043882474,122.30858001519842,119.99310451074153,121.55972706201722,6364094
2019-02-28 12:29:57.610599,120.85204035407092,121.59031637145432,119.78020541836668,120.00624572896504,5635521
2019-03-01 12:29:57.610599,115.95358267740689,118.31323321340672,114.92825511847556,117.49506926684575,7432216
2019-03-02 12:29:57.610599,115.13696200955847,119.5441446924656,115.42731191060675,116.12483479761714,7131133
2019-03-03 12:29:57.610599,115.84120448321369,117.85021529124887,113.64210171002883,114.99241223457878,7545634
2019-03-04 12:29:57.610599,116.55083329383137,119.8916706474609,114.55663552124481,117.42148921720582,6155140
2019-03-05 12:29:57.610599,119.16131855423524,119.79198194232409,116.29736640689327,118.4888319177897,8935604
2019-03-06 12:29:57.610599,117.6289012221408,117.94138252958,116.0352538958435,117.51526889331517,1896449
2019-03-07 12:29:57.610599,114.59864107683867,114.95474668565419,110.63773291230059,114.0233211342186,7164565
2019-03-08 12:29:57.610599,114.1097447808334,112.97778446617262,110.40466854465117,112.75603806551459,7079670
2019-03-09 12:29:57.610599,110.43294188821734,111.08092823031427,110.36864718950213,110.72578987914244,6618938
2019-03-10 12:29:57.610599,111.44856759535726,112.03180347626804,110.88924748572789,111.48511866371486,4965085
2019-03-11 12:29:57.610599,111.64763545592507,114.20746656334481,109.02075108720636,112.53222506657845,6409531
2019-03-12 12:29:57.610599,111.82749445144619,113.31079149733044,113.07615709209024,113.13808289533921,1745572
2019-03-13 12:29:57.610599,113.43289195136919,114.4297622687896,111.76367786594271,113.55671746490002,3920215
2019-03-14 12:29:57.610599,110.80917380836532,110.74440436637428,108.2197924847471,110.26480196433889,5330764
2019-03-15 12:29:57.610599,111.66655275694389,112.06727866626446,111.21365163425834,111.50153277728757,7481674
2019-03-16 12:29:57.610599,115.97135448165125,116.34549479228635,113.8948875899671,114.90976788071652,4232494
2019-03-17 12:29:57.610599,114.59456949112992,115.29029470803526,112.12416174628392,114.00802186456488,1050432
2019-03-18 12:29:57.610599,118.26579360075158,121.133558888402,116.41567245504488,118.51386326273713,1247838
2019-03-19 12:29:57.610599,117.48231011836745,119.03593727471535,117.1913911282388,117.41546377600397,7312762
2019-03-20 12:29:57.610599,118.82716453532505,120.20032284734603,119.1715887949798,119.66407990247266,1226979
2019-03-21 12:29:57.610599,116.80983836338548,119.81949635908322,116.5366466658024,117.21751927199276,6390810
2019-03-22 12:29:57.610599,120.2748621411457,121.2449570270187,118.56810685055358,120.5387045667382,4498416
2019-03-23 12:29:57.610599,121.50083068782806,123.58857265983009,118.36693203777814,120.23404507835473,9038868
2019-03-24 12:29:57.610599,119.21921961908438,123.90835598990998,119.91601600666081,120.00048920047014,9489180
2019-03-25 12:29:57.610599,119.97944565445812,122.02540893710123,119.69919745598708,121.18110471691341,3916518
2019-03-26 12:29:57.610599,119.57731023564209,124.58236516189154,119.6836462922665,119.75053870712694,4274138
2019-03-27 12:29:57.610599,117.1734807915439,118.51405016922784,118.0722156902726,118.10077512694525,1441762
2019-03-28 12:29:57.610599,118.67104620093198,121.3216004867854,116.84008000644303,118.23555095720181,3900698
2019-03-29 12:29:57.610599,116.98245881123609,120.9362882793224,115.23503472506623,117.79557828708715,3757070
2019-03-30 12:29:57.610599,117.5621949039061,117.44567993727534,115.3869657176295,117.41166492199524,7015919
2019-03-31 12:29:57.610599,114.34042871772316,116.61888691391232,115.96064829127239,116.2808089486135,7595941
2019-04-01 12:29:57.610599,112.75752143720797,113.36962400819303,112.41573848402847,113.30733452813102,1967682
2019-04-02 12:29:57.610599,108.91181634604384,111.6351400105264,109.99355291094112,110.21967082101656,6184706
2019-04-03 12:29:57.610599,110.72337789678699,111.58157796225854,106.52087286470868,111.00805456231039,5083401
2019-04-04 12:29:57.610599,114.7383336296292,114.79717584756133,110.10662273201463,114.10183629782256,2956233
2019-04-05 12:29:57.610599,113.92929933713876,114.58001157439757,113.28840908155193,113.97615567494584,1902073
2019-04-06 12:29:57.610599,112.42221042109904,114.94632400952001,113.30030503057748,113.58046859612634,3271569
2019-04-07 12:29:57.610599,110.07489289094312,110.76173806218196,108.85943517842186,109.9477265622161,6462723
2019-04-08 12:29:57.610599,105.19516655088012,109.3471477091509,102.96270967473774,106.6001538156326,1498287
2019-04-09 12:29:57.610599,107.62729081561656,109.30138747961925,107.7688177146926,109.2845109427573,8663641
2019-04-10 12:29:57.610599,108.37960520098035,111.81531196950172,109.15850199003995,109.51426418942813,1411128
2019-04-11 12:29:57.610599,110.69231396465031,112.25419938271439,109.53064665701022,109.5684723533524,5985229
2019-04-12 12:29:57.610599,108.00040640872669,109.69281606055941,107.57354579887945,107.71777810024442,7910580
2019-04-13 12:29:57.610599,100.99623463136527,104.14337048591699,101.423494431015,102.40130097272583,8892084
2019-04-14 12:29:57.610599,102.4781280368474,103.80517229027119,101.72675045964287,102.10098430522913,4304883
2019-04-15 12:29:57.610599,101.22692959157685,100.82785201317746,100.43966078435493,100.65110065385372,1230070
2019-04-16 12:29:57.610599,101.33028039814184,102.89258792887661,98.51687633433394,102.0557498876416,8066069
2019-04-17 12:29:57.610599,102.963489692409,104.0067104790494,102.42204904076875,103.21274042492246,1133783
2019-04-18 12:29:57.610599,106.9923423823511,105.51696979271146,103.70501133019152,104.70242592377238,6931315
2019-04-19 12:29:57.610599,105.0381517171267,107.3189484249057,103.91051606903493,104.20297145895049,8974165
2019-04-20 12:29:57.610599,107.9598065493923,106.84163402200117,101.83533446768641,105.49606711177262,5111642
2019-04-21 12:29:57.610599,104.44427857783057,107.40309989076349,102.8924087503312,104.31505109649927,4160141
2019-04-22 12:29:57.610599,105.08797601995472,105.17818209722304,103.17941430340443,104.67837702723511,7088580
2019-04-23 12:29:57.610599,103.99962477938374,107.50600175605895,101.7522460356089,103.22821134865644,8323328
2019-04-24 12:29:57.610599,100.95890480076523,105.86816173704773,103.70561119257503,103.81354140473644,7125048
2019-04-25 12:29:57.610599,102.6801713688827,103.68885626583588,100.82849041675924,102.73575450840762,4065714
2019-04-26 12:29:57.610599,104.71155647322247,105.57330252761335,102.3584544484033,104.08517089960347,8817558
2019-04-27 12:29:57.610599,104.80258681148848,105.77495323924732,103.01531954823653,105.01112286134729,9945893
2019-04-28 12:29:57.610599,105.17272458917574,109.83550213618776,105.23224246503203,106.16341661860478,5820768
2019-04-29 12:29:57.610599,106.2099357287951,106.62754944862823,102.53137664403697,105.61295137301735,1859418
2019-04-30 12:29:57.610599,106.00819743464268,107.77980640558201,107.06463730707407,107.09189001538458,4780323
2019-05-01 12:29:57.610599,107.55246156756318,109.72357472316465,105.89278002646103,108.27757245651065,9215165
2019-05-02 12:29:57.610599,106.23812375767119,108.50332056782628,106.5831633593436,107.98175244541004,2023662
2019-05-03 12:29:57.610599,107.73684638853369,110.17553057408912,105.0883594142292,109.1076751111672,1184537
2019-05-04 12:29:57.610599,110.76574603930385,113.10502128037935,107.8666628830755,111.03995753657168,1770234
2019-05-05 12:29:57.610599,112.10765280528076,111.21557659581964,108.67713976674717,110.64714252069888,9365694
2019-05-06 12:29:57.610599,111.78698276843426,113.7285562789071,111.97341700265557,112.33146381836579,5606292
2019-05-07 12:29:57.610599,112.48048983892451,115.32654539910544,109.87584582605369,111.8921145535993,1215942
2019-05-08 12:29:57.610599,114.31936194832372,114.32386396597292,111.83841258166677,112.91225405521065,8900443
2019-05-09 12:29:57.610599,111.00498814008418,112.01347290616144,108.18462444877208,111.49461487907892,7789042
2019-05-10 12:29:57.610599,112.49190152632028,115.80344948948269,113.92611390006518,113.96691731439718,5620964
2019-05-11 12:29:57.610599,113.49137597057084,116.63252665315683,112.28265734694112,114.5437347177514,5137593
2019-05-12 12:29:57.610599,113.86978679352134,115.9748084493412,113.69602700607159,113.99741502611462,3354359
2019-05-13 12:29:57.610599,111.72618907420663,112.64796474808885,111.2100651881532,112.61428086500173,7986951
2019-05-14 12:29:57.610599,111.2476146512984,113.82717655746671,109.08761867592709,111.10208556037084,5709265
2019-05-15 12:29:57.610599,110.3220795453358,112.58590157308772,109.88396557427491,110.66196341298767,5251632
2019-05-16 12:29:57.610599,109.32340998395536,110.06854139829473,109.99850857209209,110.05191985653825,9281139
2019-05-17 12:29:57.610599,108.36592110613832,108.19284613477934,105.62520363207582,107.85754078405905,6106800
2019-05-18 12:29:57.610599,108.71546564136506,108.55304594953219,104.81658446216112,107.64603833844077,6796181
2019-05-19 12:29:57.610599,107.4993379111008,109.1086705181326,102.67000460113358,107.65213808160375,8390688
2019-05-20 12:29:57.610599,106.67773063500219,110.5913502169789,104.1636133130236,105.80887020297578,8187179
2019-05-21 12:29:57.610599,107.74733172676665,110.45057651226023,106.88317864712968,108.18784558514508,9967416
2019-05-22 12:29:57.610599,109.0545029412177,110.58240702486115,109.20940395107468,109.85744202652917,8967092
2019-05-23 12:29:57.610599,108.04676850202873,109.24904443896605,105.57269218328767,107.37926761210454,4491423
2019-05-24 12:29:57.610599,108.72714244258412,109.2871008183541,103.43913751735485,108.19998194146072,1868824
2019-05-25 12:29:57.610599,112.34111972983897,111.63870555863764,110.15782158867721,111.22911528824272,9966605
2019-05-26 12:29:57.610599,111.86868613182244,112.1615190238647,107.60552261753983,110.99601421980226,8981147
2019-05-27 12:29:57.610599,109.69396217341279,112.13797149394235,110.40354796600667,111.44401781867006,9675355
2019-05-28 12:29:57.610599,114.44791979681614,113.81620939588701,110.65903313738778,113.09497365317769,3034793
2019-05-29 12:29:57.610599,108.17886583699625,112.02827355383599,109.22628186566224,110.03959659856817,8165764
2019-05-30 12:29:57.610599,106.82151169468438,107.3043433707273,103.74329005464762,106.4594778834675,5604483
2019-05-31 12:29:57.610599,109.16724958514567,108.73566391614924,105.39831642012469,108.70454564450326,5334568
2019-06-01 12:29:57.610599,111.45830318625539,114.27068794022895,111.95180016603548,112.28105641851613,8950907
2019-06-02 12:29:57.610599,112.21874838034019,111.92229648755252,111.23005182112666,111.70014993549024,2347088
2019-06-03 12:29:57.610599,110.1861110418593,111.11941837580396,108.5144974619086,109.33359943856337,6277975
2019-06-04 12:29:57.610599,113.71265220241565,114.01393983127994,111.73828899487724,112.61073835072116,1826762
2019-06-05 12:29:57.610599,110.07022884831031,112.92025328135024,108.45455309032404,111.01461668878453,9960747
2019-06-06 12:29:57.610599,113.61040865906686,116.0245792285816,113.4662988925977,114.69209648563609,1335333
2019-06-07 12:29:57.610599,118.06289775485303,118.49883910207997,116.93043315245933,117.24053594168072,7237991
2019-06-08 12:29:57.610599,111.63135226181716,114.82786162383672,109.44571423334592,112.58094174186546,9006271
2019-06-09 12:29:57.610599,110.44454494192132,111.44718849741737,109.4646608891494,111.25882164524518,5663226
2019-06-10 12:29:57.610599,107.5555552922921,112.19530600938387,109.46430412692294,110.3038412653258,2877212
2019-06-11 12:29:57.610599,111.65351962590209,113.78999552588915,108.97800168204391,112.72138380272122,9881337
2019-06-12 12:29:57.610599,108.96877395048212,111.83418705357263,108.40262727106801,109.04879138283678,5075735
2019-06-13 12:29:57.610599,107.57404566809855,108.03787887063316,106.11829471708047,107.66485341282257,4951673
2019-06-14 12:29:57.610599,105.90713092134979,108.21364755239195,103.27303751826828,106.49698559693282,6037549
2019-06-15 12:29:57.610599,100.97041350587654,103.42790119947487,102.01318545291684,102.6704674466198,2574762
2019-06-16 12:29:57.610599,101.22072968881463,104.77503440695513,100.1830208419236,102.13211941350191,1835685
2019-06-17 12:29:57.610599,105.6247270610598,107.75426836609442,104.03012456754489,105.00256819363511,8152409
2019-06-18 12:29:57.610599,107.52343947159142,106.67754936888447,103.92554361244821,106.47381252950987,4188253
2019-06-19 12:29:57.610599,107.84678865888719,111.38294334368685,105.48348501561297,108.94901123832948,7250102
2019-06-20 12:29:57.610599,108.13644610003622,111.92242413887807,108.28325615250608,108.83667918106472,9636676
2019-06-21 12:29:57.610599,111.0363193704001,111.55716090506387,107.20478002872593,111.00356211864543,6720622
2019-06-22 12:29:57.610599,109.07864819126677,110.71548164354053,107.3001060698034,108.64960684981497,8730550
2019-06-23 12:29:57.610599,107.07857724310718,106.3817260966319,105.97119924092291,106.22255895549213,5363492
2019-06-24 12:29:57.610599,107.96407963077174,111.86105622260405,105.77570856155084,107.72078596450196,9744368
2019-06-25 12:29:57.610599,108.04615742232359,109.40938652127069,107.52045886437826,108.12917340291746,2122667
2019-06-26 12:29:57.610599,106.64836424893727,106.69318254026598,105.7917903021241,105.97770697160199,7883284
2019-06-27 12:29:57.610599,105.67470191091616,107.5056666516842,102.31137492912707,105.54553392856398,6502720
2019-06-28 12:29:57.610599,107.37435531362016,106.48713009645617,103.40684133509001,106.48355190292446,1107157
2019-06-29 12:29:57.610599,105.81873493875204,110.97324718258265,103.13424180391854,105.6782416482058,6081817
2019-06-30 12:29:57.610599,106.89266837841659,109.03324359510718,107.63296548754907,107.9622407782469,1817401
2019-07-01 12:29:57.610599,103.81747594285861,105.05615943131329,103.94672986651489,104.29980219854498,5301818
2019-07-02 12:29:57.610599,101.52877303171947,105.11159711482783,99.75496519416572,103.42211838098052,9181721
2019-07-03 12:29:57.610599,103.23197647680722,106.12602818803127,103.10630733060655,103.27155896941278,6066827
2019-07-04 12:29:57.610599,100.40432546300248,102.06867238947365,99.94178419269679,101.39709225473561,3936385
2019-07-05 12:29:57.610599,100.93998788996477,100.33348705840828,96.50042909511683,99.92619057679156,2470441
2019-07-06 12:29:57.610599,97.98825831442116,102.55577416237163,99.22486897505804,99.37380915256222,2683726
2019-07-07 12:29:57.610599,99.84945052817294,102.7723995602206,96.49024474469593,99.43433694063134,9696696
2019-07-08 12:29:57.610599,98.2628939294191,102.62202679636121,97.91949849868668,98.57340641100922,4407369
2019-07-09 12:29:57.610599,99.13338249289144,99.36793747953946,97.81533706956694,98.69819258901751,6584700
2019-07-10 12:29:57.610599,99.23792561235,99.9116626594442,95.99335481441591,99.38848369148982,8790494
2019-07-11 12:29:57.610599,97.25686609807306,100.87802096430171,95.47423836990102,98.12964212596363,2879036
2019-07-12 12:29:57.610599,94.8779903209887,97.48034397701565,90.48811686980514,94.79339089376393,8582896
2019-07-13 12:29:57.610599,90.86866139258385,94.77853648147311,91.10071187734951,92.53559177640433,7830041
2019-07-14 12:29:57.610599,91.58910963777646,95.40792382788874,90.83458438896379,91.61932211095638,9082182
2019-07-15 12:29:57.610599,92.5121467618248,93.77233934664824,88.24495791471071,92.83548820706872,9329476
2019-07-16 12:29:57.610599,94.43215511302607,96.84749253652656,93.87589028413433,93.92330794437837,3041895
2019-07-17 12:29:57.610599,93.90070419406588,94.61614121598227,93.65767727005428,94.60254663177794,3789536
2019-07-18 12:29:57.610599,93.6900606324094,95.85759327406605,93.87046139425502,93.98450158440517,6706392
2019-07-19 12:29:57.610599,97.43917988067848,98.26978819738143,95.75065944179075,96.92900178668442,5159713
2019-07-20 12:29:57.610599,96.61072382288312,96.73071550505568,94.82498257943483,95.21959666530121,5466850
2019-07-21 12:29:57.610599,96.40748865843162,95.45283200894859,93.38253966762363,94.95457410012213,5008744
2019-07-22 12:29:57.610599,93.33284484087534,94.10263363608868,87.09634895048517,93.07906943060281,5635497
2019-07-23 12:29:57.610599,95.40534921755115,96.51000051575909,95.71677735951123,95.7471999171985,4378825
2019-07-24 12:29:57.610599,99.72689036817523,103.01864895921383,97.55846044239578,99.94607142823558,9511071
2019-07-25 12:29:57.610599,97.72306103840539,100.5159684789462,94.51797907179248,100.04886752951599,4279698
2019-07-26 12:29:57.610599,101.58623097586518,102.94944784336055,100.48038055348556,101.9017560405704,8997138
2019-07-27 12:29:57.610599,105.1892622216016,107.74200690985404,104.89458373277132,104.96101034633894,5257246
2019-07-28 12:29:57.610599,105.68960669042258,106.1769425654413,104.08670960890232,105.75002294489371,8645020
2019-07-29 12:29:57.610599,106.85547900243071,106.95371719648936,104.60303896910563,106.8567732408455,9843587
2019-07-30 12:29:57.610599,108.58295338913774,109.69941754658744,107.87037083540935,108.62780166414623,4527472
2019-07-31 12:29:57.610599,109.79219651874939,115.63192019640843,110.12779147252833,111.06072965918884,8628057
2019-08-01 12:29:57.610599,112.61231968402826,114.78759456515319,111.56795025256822,113.02210592734217,4254883
2019-08-02 12:29:57.610599,114.53938409602378,116.16505432480024,113.40634290827597,114.43095593934623,4915711
2019-08-03 12:29:57.610599,113.78044941852596,116.40052312085147,112.06307287696156,113.61854858128814,8493804
2019-08-04 12:29:57.610599,114.96749146361442,117.37850483836111,114.01966304230153,115.72178745543486,7466209
2019-08-05 12:29:57.610599,111.97238159109367,116.76526757774968,114.32417769169102,114.59169742190699,4887755
2019-08-06 12:29:57.610599,112.93941174458351,112.82639792411356,112.31335158378528,112.39165817527427,1956125
2019-08-07 12:29:57.610599,114.26172012075992,113.61110468432561,113.45695421607883,113.51587320061778,9086200
2019-08-08 12:29:57.610599,115.5328108288089,116.75126580473272,113.45942760409925,115.27345457735517,9677983
2019-08-09 12:29:57.610599,112.44637663019701,114.42596608941308,112.88506818241984,113.24693576271387,9483141
2019-08-10 12:29:57.610599,115.15667049727922,114.86153532959112,110.94272947023087,113.40333523056633,2151278
2019-08-11 12:29:57.610599,110.98218348372586,114.15381043331126,111.13063050549182,112.34263028522807,9260297
2019-08-12 12:29:57.610599,110.98035278341439,112.17249377480363,110.94384788171742,111.39514362778209,2814799
2019-08-13 12:29:57.610599,113.60666980348515,115.7359094888865,111.65265809435452,113.6353838500333,2103566
2019-08-14 12:29:57.610599,111.65278015457672,114.39824701123271,112.67392313815425,113.24866028555253,8535257
2019-08-15 12:29:57.610599,113.35076225540185,115.544946528237,111.11199563275623,113.96704792772104,6092208
2019-08-16 12:29:57.610599,115.56886366367921,117.2842924429665,113.69185334059169,114.55922506376744,6488873
2019-08-17 12:29:57.610599,117.64012512297587,119.02058791074997,117.20407932995403,117.97399214633494,3143540
2019-08-18 12:29:57.610599,117.50013852961258,118.24334569936563,116.4418213766354,117.60562649500986,4841690
2019-08-19 12:29:57.610599,115.04725857799106,117.65523050434696,112.69538288377838,115.12269233009656,9785309
2019-08-20 12:29:57.610599,115.86012737122442,117.01363709371842,114.37356267192816,116.71750096934397,8521790
2019-08-21 12:29:57.610599,117.17426007425642,118.08199400339194,115.275013349163,116.86524923854275,7176847
2019-08-22 12:29:57.610599,116.25221972232595,117.31503791449461,114.99573613559271,116.47045985356978,6034386
2019-08-23 12:29:57.610599,118.50148282121275,121.546142288124,115.79642493325083,117.28818494150237,2431038
2019-08-24 12:29:57.610599,112.29757843674311,115.42098718814331,113.22266853170972,114.1246145833642,9321984
2019-08-25 12:29:57.610599,113.55955807649974,115.1727266332036,113.03737403511718,114.48916893570431,3048726
2019-08-26 12:29:57.610599,112.63796586061545,115.2243077801355,112.21521373361418,112.39366082481288,4850155
2019-08-27 12:29:57.610599,112.720520777502,116.38109871915351,112.68455312703914,113.56707483657003,8959678
2019-08-28 12:29:57.610599,110.05288538702388,109.84409837957082,105.13630089536555,109.7700137248632,6256911
2019-08-29 12:29:57.610599,111.5920649219406,112.83772300438451,110.50886284402102,112.00114116508652,7455706
2019-08-30 12:29:57.610599,110.50016718155426,113.89494995110974,108.78284028608125,111.27226799112522,7912272
2019-08-31 12:29:57.610599,114.17177104787568,115.82650854436736,110.48606602771639,113.25848428132265,3997981
2019-09-01 12:29:57.610599,111.86988854262853,112.30779513367307,110.60312210161621,111.15035456733943,3793787
2019-09-02 12:29:57.610599,103.92163660797551,106.09775073000955,102.04646811946827,105.23922195390627,7617414
2019-09-03 12:29:57.610599,100.82478945266365,102.79489184495836,99.21766164192996,101.52111513901872,5268360
2019-09-04 12:29:57.610599,105.53568760998763,105.33449618027801,102.27545626722402,104.8133477492081,5565660
2019-09-05 12:29:57.610599,104.50556303508216,108.24725540565886,104.16551143568859,104.54157097044437,5011175
2019-09-06 12:29:57.610599,102.15512505164578,105.15676381507195,101.03773883417358,103.1592474597307,8898631
2019-09-07 12:29:57.610599,103.61371633090839,105.14063642981961,101.82963725333667,102.14330982616991,1313980
2019-09-08 12:29:57.610599,100.60603138279059,102.64022394716177,100.05742175355971,100.75127608996891,3094040
2019-09-09 12:29:57.610599,100.17407381800146,101.19487735960473,100.44922624417062,101.15765021703804,7211518
2019-09-10 12:29:57.610599,100.91933200673616,100.89647550672126,99.11417638615445,100.6866174929055,6201654
2019-09-11 12:29:57.610599,99.14789987898958,101.5389959020444,96.05681390420337,98.58427706224919,1488801
2019-09-12 12:29:57.610599,100.54122623310124,101.94846091218992,98.4486482953456,100.27072621250869,5439738
2019-09-13 12:29:57.610599,99.35976366151557,101.9837158003847,97.49339172961957,98.36276823485944,7683548
2019-09-14 12:29:57.610599,103.78889169912998,105.91534361667661,99.5868769359631,103.04885365142276,2105002
2019-09-15 12:29:57.610599,98.90145617359028,100.78565319683042,97.17715734688937,100.29907743131935,1288316
2019-09-16 12:29:57.610599,100.54012558019487,100.95230516228452,99.7017302956522,100.89586594355659,8542513
2019-09-17 12:29:57.610599,101.1421681592772,101.46949709586156,97.40345374205171,99.45785074043887,2173617
2019-09-18 12:29:57.610599,100.23316230266246,99.49530055313295,96.33593008010337,97.86807960557994,5486433
2019-09-19 12:29:57.610599,97.0790064213686,100.81576302354001,98.16272329668195,98.33434092950887,5958428
2019-09-20 12:29:57.610599,99.63222351364084,100.58554540903427,98.87294511899267,99.91541279238346,8014779
2019-09-21 12:29:57.610599,97.67818537903709,96.71978855964088,96.00159278022404,96.52041858583084,2282599
2019-09-22 12:29:57.610599,94.7519349542847,97.60125386331823,91.3221860742005,94.85270157474682,2212572
2019-09-23 12:29:57.610599,94.2494532203628,97.04884125917052,93.96496954023895,94.39965609027767,9959004
2019-09-24 12:29:57.610599,93.14517982029457,95.1556186810365,92.14237786463434,92.94144962020825,2658004
2019-09-25 12:29:57.610599,90.33589228668824,92.71377158084545,87.63054457901205,91.09311534186678,9029889
2019-09-26 12:29:57.610599,96.75578285099373,98.77876189490377,92.37029366793847,95.72142028326205,5223973
2019-09-27 12:29:57.610599,93.13191952653241,94.79404054643727,91.17985785469043,94.00097911345384,6045825
2019-09-28 12:29:57.610599,92.379409387918,93.0699343890584,90.06101333215564,91.63759609642905,7996622
2019-09-29 12:29:57.610599,92.3610024600121,94.1478764896778,92.19576769746247,93.66978156895641,6476647
2019-09-30 12:29:57.610599,91.54457409889238,91.9308948961851,88.60183523248988,91.35027148659361,5583044
2019-10-01 12:29:57.610599,91.35242572109948,92.67621139027464,87.01601126286789,91.47440350675602,9311114
2019-10-02 12:29:57.610599,89.54989110625009,90.7031498318174,88.76552852929312,90.09929365756294,8885351
2019-10-03 12:29:57.610599,89.46136685333161,91.82542841504579,88.95092521301325,89.20029204467018,6738869
2019-10-04 12:29:57.610599,84.82734538129571,87.12943603812923,85.92532922894699,86.77425909468442,4712822
2019-10-05 12:29:57.610599,82.51126783279068,84.04793009282501,80.99817676668526,83.13734596464698,6729518
2019-10-06 12:29:57.610599,80.36306638702553,82.96834100179359,80.3415361092296,80.90222190994596,4050315
2019-10-07 12:29:57.610599,84.58345431849891,86.16989723899258,83.53686022639494,84.59628620971098,4579334
2019-10-08 12:29:57.610599,89.49105586748765,89.3935750219584,85.85237941760731,87.95024711843445,3613423
2019-10-09 12:29:57.610599,84.25570368265637,87.4729109848191,83.7124575547339,86.05538203926673,1434041
2019-10-10 12:29:57.610599,84.85774136092444,85.36829317591929,84.48179284324178,84.88549081897168,6104087
2019-10-11 12:29:57.610599,86.56281150190362,87.43905630484352,81.58949775346994,84.36266132485935,9813891
2019-10-12 12:29:57.610599,85.56583173872374,88.3677772691111,79.84260649223748,84.14819731001538,3994290
2019-10-13 12:29:57.610599,84.16330677717619,85.86157740005979,84.19758388564479,85.28730272659055,9639020
2019-10-14 12:29:57.610599,89.49660211956339,88.79308910543637,87.27623829234447,88.27496732766186,4284008
2019-10-15 12:29:57.610599,84.79795937174647,90.74727012355793,84.03741231996771,87.034588947467,1468102
2019-10-16 12:29:57.610599,83.07484085255263,84.40963074848894,80.40771487136395,83.49492929490484,2868842
2019-10-17 12:29:57.610599,82.3176264083851,87.07938856301828,81.43899318772483,83.68689463041395,6146790
2019-10-18 12:29:57.610599,82.13061962221855,85.56840214057263,83.04323392051505,83.66658790306474,2782747
2019-10-19 12:29:57.610599,85.61732652793914,86.7075077811762,83.56734484053861,84.25499574844248,3647114
2019-10-20 12:29:57.610599,85.47026124439108,85.78911706756341,83.044298444867,85.20775266837833,4322475
2019-10-21 12:29:57.610599,84.71386527843492,87.31577259664815,84.55333763199665,85.9293901468628,4940936
2019-10-22 12:29:57.610599,89.1765429088781,90.7488778722109,87.04622413733759,89.2034181211634,2280805
2019-10-23 12:29:57.610599,92.56318913362311,93.02054035494142,90.1130130410307,91.68697493131633,3093278
2019-10-24 12:29:57.610599,92.41447339881127,94.01668624553368,91.31049530335923,92.46374584811576,5440175
2019-10-25 12:29:57.610599,95.16472178487592,96.75366887147756,91.76166809390458,95.00982391809875,8296637
2019-10-26 12:29:57.610599,94.59530594977126,95.67838965331791,93.53589510140627,94.5988284885016,1163556
2019-10-27 12:29:57.610599,94.31369830084007,94.43339585064798,91.06469564085761,94.14901708644025,4387122
2019-10-28 12:29:57.610599,96.83936480748311,95.64324915218965,92.37962586086681,95.14597183285147,2854850
2019-10-29 12:29:57.610599,97.49507349441562,99.80999408726022,95.32506595053131,97.1498412709724,3028396
2019-10-30 12:29:57.610599,96.82341516585983,98.39591878949409,94.50259110723795,96.56618906318583,9402440
2019-10-31 12:29:57.610599,96.6847009499225,99.26017327523891,94.36131192976619,96.82562942776241,8713830
2019-11-01 12:29:57.610599,98.62907313475812,101.07182067641386,97.7724626984733,99.48753555605546,6228573
2019-11-02 12:29:57.610599,104.17161193694815,102.67368698671189,100.4051831028362,101.82474179882041,9817479
2019-11-03 12:29:57.610599,104.59124431024357,104.43620855405649,102.82768166228993,103.41518346618074,5788843
2019-11-04 12:29:57.610599,103.43283694519312,105.50934557125794,103.16408554939417,103.8428986954339,4884342
2019-11-05 12:29:57.610599,98.66886931307577,102.54833521325384,97.39415187947932,100.58381038594273,5161409
2019-11-06 12:29:57.610599,98.95288127685102,100.0651323214466,99.33089777935263,99.70101227726329,8216619
2019-11-07 12:29:57.610599,96.7709986011806,97.44090092188748,94.87520389037032,96.5481192199508,3123103
2019-11-08 12:29:57.610599,97.49149540550737,99.7738185201559,95.82364315302127,97.59631797088171,3042289
2019-11-09 12:29:57.610599,98.16842715372343,100.24613023916747,97.25785784311955,98.43958474034876,6508198
2019-11-10 12:29:57.610599,94.50084221666592,95.78699418263827,94.27595661614671,95.18817135174218,5562599
2019-11-11 12:29:57.610599,98.110379500218,99.40211393659268,97.15335157616427,99.25752781148712,1353072
2019-11-12 12:29:57.610599,101.54295221000505,104.33163929266125,97.93415399833367,102.1294440450861,9483397
2019-11-13 12:29:57.610599,99.171791830888,101.71179287136192,99.86882981969904,100.86668982005786,4700705
2019-11-14 12:29:57.610599,102.86187033581211,99.99662451743738,98.6776451015906,99.69198810569647,2608325
2019-11-15 12:29:57.610599,99.59053922651404,103.59449160245222,98.90418954993615,99.67665653198469,5457008
2019-11-16 12:29:57.610599,97.60491251483558,98.39519714925406,95.2162240476166,97.25856466371931,8849428
2019-11-17 12:29:57.610599,95.12537200361476,96.9313221073136,94.25168651220342,95.78642497900589,5183410
2019-11-18 12:29:57.610599,97.08191982187628,98.05120110949248,94.87042121328419,95.83507845935092,7316497
2019-11-19 12:29:57.610599,95.0960667174492,95.2760977946948,92.87385035738723,94.30052032415915,8456935
2019-11-20 12:29:57.610599,96.86646699981269,98.6858051269375,96.03032055812103,96.79305317896271,8123609
2019-11-21 12:29:57.610599,95.28760139819704,95.46084205023996,89.58139576747546,95.08276561714297,7428202
2019-11-22 12:29:57.610599,98.66044038079228,97.07216862786814,91.39727822664395,95.91756472765485,8843635
2019-11-23 12:29:57.610599,98.2568556876236,97.65974481245813,95.45050915067331,97.55237262427221,7630376
2019-11-24 12:29:57.610599,93.54477004606169,94.46851551303348,91.48378474988974,94.31388858873083,8134884
2019-11-25 12:29:57.610599,92.15925685911893,94.54753724633042,91.88396058785474,93.61875605261385,7320779
2019-11-26 12:29:57.610599,93.95775195225112,94.53130295631692,93.60825751077486,93.8566707165896,7404476
2019-11-27 12:29:57.610599,95.71055312734133,100.3845708400925,96.0699532898781,98.05571647673814,9836305
2019-11-28 12:29:57.610599,94.19528780637884,96.57432578867778,94.89795033389993,95.17119072195003,9855051
2019-11-29 12:29:57.610599,96.67009298062257,97.2024404675052,96.37260737762966,97.06757647994013,2359198
2019-11-30 12:29:57.610599,98.5946664018829,98.41014501789805,91.57421741123882,96.32431497885669,8478505
2019-12-01 12:29:57.610599,97.2742221730449,99.59907841688894,95.31480157914096,96.75058878343468,6129157
2019-12-02 12:29:57.610599,98.0248162077013,99.33847354142367,92.81098146337328,97.37753409110793,4193264
2019-12-03 12:29:57.610599,96.13612906414019,98.60112092588297,96.26222850313482,96.3143757795232,1677379
2019-12-04 12:29:57.610599,99.29088573909912,99.37462981694374,98.12099042220522,98.84501342334133,3793452
2019-12-05 12:29:57.610599,98.69106168153759,98.79406718525333,97.94251788242137,97.95924225516669,2515032
2019-12-06 12:29:57.610599,96.71653992919133,99.61637219884582,94.67714221265251,98.61182996866525,3365340
2019-12-07 12:29:57.610599,97.46220648174243,99.36115643342767,97.16486740192568,97.28267107931173,8535661
2019-12-08 12:29:57.610599,97.6800497336509,98.20551037256132,96.75336566711448,97.35881336328808,6559222
2019-12-09 12:29:57.610599,98.2095698589542,99.5527665075962,97.36788846206194,98.34323270285415,4194866
2019-12-10 12:29:57.610599,99.91219900538516,100.7383917585883,95.91291343111043,99.23050132007366,8410801
2019-12-11 12:29:57.610599,97.3871529621432,97.62364885288844,95.75086866709266,97.25025959415336,9045451
2019-12-12 12:29:57.610599,98.36405920773436,98.51006355975852,97.4074260581956,97.83642360012605,2404511
2019-12-13 12:29:57.610599,99.27563442784971,101.32332742728057,94.88068984205273,99.04594035926706,1110664
2019-12-14 12:29:57.610599,99.231953834491,100.25845015375637,98.59510669701704,99.0623164107105,1565702
2019-12-15 12:29:57.610599,95.98711950758464,98.5418758788175,94.9901600599251,96.68218466945349,2024398
2019-12-16 12:29:57.610599,96.43866196723577,97.10965854295758,95.59390548359751,96.27604829732896,7720564
2019-12-17 12:29:57.610599,97.2550571503235,97.1318274449046,93.78350058459813,95.62535840253133,4637210
2019-12-18 12:29:57.610599,97.44498723222438,98.5721181587816,94.23526180274877,96.78161286698145,9088185
2019-12-19 12:29:57.610599,99.36645297134814,101.34335501794371,98.10786749497188,98.81022930444631,6359159
2019-12-20 12:29:57.610599,101.5869943083335,102.3918483001057,97.12232838402464,100.86594919895076,8017310
2019-12-21 12:29:57.610599,100.8056893735806,103.71094176649714,100.47908681495059,102.29283051524972,9206509
2019-12-22 12:29:57.610599,102.63766812366258,102.17156257751854,100.3398937563916,100.78576890138973,1310312
2019-12-23 12:29:57.610599,96.70504803777138,100.13462425861857,96.87982172060222,98.37390642676917,6629522
2019-12-24 12:29:57.610599,101.46827450562942,101.86684422207256,94.31850838914879,100.59476438846445,7453853
2019-12-25 12:29:57.610599,99.0855413515887,100.67400750194885,97.16537706903758,98.668949652979,6199566
2019-12-26 12:29:57.610599,99.31031676616048,100.38144020424828,99.87523578899834,99.9520192356174,9074812
2019-12-27 12:29:57.610599,100.19039154456463,99.11481101184941,97.24524517795344,98.5339514308233,7289501
2019-12-28 12:29:57.610599,98.02273581521027,102.48358029581698,92.4849838476698,98.67849653170445,5071725
2019-12-29 12:29:57.610599,98.52101577594934,100.7150702537197,98.4080904944368,99.77061432154792,5364230
2019-12-30 12:29:57.610599,98.31014863593286,97.78261289234092,95.55037823568,97.42987070199761,5858466
2019-12-31 12:29:57.610599,96.51736688524616,98.11268720111178,96.44739546928987,96.66305310689626,6339105
2020-01-01 12:29:57.610599,97.86464219196382,97.99967667279445,94.29445817883489,96.64195234480226,4702225
2020-01-02 12:29:57.610599,91.17519116322075,93.35678061320566,90.02908066053737,92.52052770968365,1741544
2020-01-03 12:29:57.610599,92.39488840358082,92.48142674760972,90.27261947182977,92.36111228803362,4316887
2020-01-04 12:29:57.610599,92.10302287864205,94.01069141328043,92.732232919646,93.35168898894455,9624360
2020-01-05 12:29:57.610599,90.9254738512546,93.00097300565938,90.9478595299143,91.23962705196112,1298572
2020-01-06 12:29:57.610599,91.99810558930467,93.87330923703293,91.84933294484063,92.77731285850138,3056539
2020-01-07 12:29:57.610599,95.1237919053326,95.39058793451868,91.66276422512836,93.24019771652888,5811701
2020-01-08 12:29:57.610599,91.8285807198255,92.464487622867,91.25026446659899,91.95041179759482,7067999
2020-01-09 12:29:57.610599,94.37139989105493,96.4552088571695,92.24033896274793,93.58990735472075,1541210
2020-01-10 12:29:57.610599,94.84486984513119,97.74449390259595,91.53892006623273,94.97832513796958,2822055
2020-01-11 12:29:57.610599,93.8357887070382,95.00812861173539,92.40014531842914,94.02068476745973,3600057
2020-01-12 12:29:57.610599,92.55930648834043,94.34964693318302,92.75269996150723,93.31684026364414,9758508
2020-01-13 12:29:57.610599,96.28397929237767,95.26872063356903,92.95849914201536,94.83634346671633,5142650
2020-01-14 12:29:57.610599,92.84944225441852,96.88813777800024,90.90689228706584,92.87168672801656,9590882
2020-01-15 12:29:57.610599,91.86715781238377,93.99127289823535,89.96167050832948,92.10910789126314,2676290
2020-01-16 12:29:57.610599,89.61105217699586,94.59680222680889,91.26664766930965,91.3364723026857,3790776
2020-01-17 12:29:57.610599,89.01703416218596,92.1431039217206,89.29002066824482,90.29776914184156,9518727
2020-01-18 12:29:57.610599,90.77839012235411,90.948808772596,88.8249322121823,90.47273795519955,2471633
2020-01-19 12:29:57.610599,93.76677878007473,95.35701224572693,91.26719540912913,92.01403797387512,9067887
2020-01-20 12:29:57.610599,95.0122109245857,97.22229834851663,94.61147626552096,94.83538863016429,3358983
2020-01-21 12:29:57.610599,92.20882565444988,95.34706980233925,92.52892390879217,94.1920020562975,5357629
2020-01-22 12:29:57.610599,96.7816565346964,97.08586129331432,92.55335473248365,95.25786425065455,3545185
2020-01-23 12:29:57.610599,96.70858970607827,96.36254904027504,93.36782898804996,96.23804147635741,4766686
2020-01-24 12:29:57.610599,94.33885388658315,94.41741851355853,93.91124429983346,94.19352296716255,3570154
2020-01-25 12:29:57.610599,90.5425907025163,92.14247467532678,88.75537569351373,90.32025193521307,9215835
2020-01-26 12:29:57.610599,89.05753979765474,91.25992466151456,89.82050106618314,90.31587361797565,5075704
2020-01-27 12:29:57.610599,90.34191538853365,91.36186771236959,88.39414857731971,89.72934201946956,2716246
2020-01-28 12:29:57.610599,87.32212851169086,89.48650378745519,85.86705883877129,86.77643070774462,5142480
2020-01-29 12:29:57.610599,87.46483856753984,89.5065932367915,85.76804089611734,87.5300447232722,4084102
2020-01-30 12:29:57.610599,86.20364672142784,89.06837280770789,86.16116215895781,87.24012014727515,8183397
2020-01-31 12:29:57.610599,83.87863474040498,86.27652528772671,83.07810805928588,85.8347306371954,8672577
2020-02-01 12:29:57.610599,81.69310367252622,83.22656742084682,79.90146933353941,81.88353079953546,3160352
2020-02-02 12:29:57.610599,82.18507266381533,82.0895830603705,80.7366452591631,82.02506980909098,6311011
2020-02-03 12:29:57.610599,79.32284226305251,81.37113214841555,79.8999925382533,80.89315497092994,3262247
2020-02-04 12:29:57.610599,77.24097574771076,78.80287041367147,76.15797111018946,76.74210071962285,3301439
2020-02-05 12:29:57.610599,80.63539476964043,80.2202678392335,78.239439215752,79.70538224635544,4318338
2020-02-06 12:29:57.610599,81.20901923059989,85.78963469610972,78.54109571432727,82.98430939390556,4269024
2020-02-07 12:29:57.610599,87.83145172947489,87.1555318244648,86.11131716991703,86.59060580089175,1694573
2020-02-08 12:29:57.610599,88.97037084871421,89.1372850992067,87.73762682405071,88.33073091320736,4070076
2020-02-09 12:29:57.610599,86.22033516077677,88.37257281620806,86.87417842937543,87.67376018511318,5180331
2020-02-10 12:29:57.610599,85.85899502019639,86.94995890135358,84.60700242532094,85.61668918985356,8603643
2020-02-11 12:29:57.610599,86.34780312360176,86.09503141493661,83.9852773863467,85.23196316816171,3176080
2020-02-12 12:29:57.610599,82.48739379539498,88.67274563325411,84.60898086056525,84.62874933167964,3899959
2020-02-13 12:29:57.610599,84.02623523236781,85.02610200907574,83.35747942807039,83.94457689603033,2947609
2020-02-14 12:29:57.610599,82.04426826927427,83.88840832946732,78.24467533999773,82.06845326542884,6928440
2020-02-15 12:29:57.610599,80.54124307061899,81.23379312005147,78.99424538748842,80.65100496630845,3298651
2020-02-16 12:29:57.610599,83.20862692393185,83.32986499038948,80.5548286222915,82.42453228914188,5203564
2020-02-17 12:29:57.610599,81.90854041354054,83.34595136673332,80.55932621048994,81.74561955243786,8196517
2020-02-18 12:29:57.610599,78.81975128199727,79.85726983911941,76.01911879899262,78.9401884927632,8495342
2020-02-19 12:29:57.610599,79.52123507897167,78.9030785200215,76.39136622530717,77.90146858703373,2817453
2020-02-20 12:29:57.610599,81.50136998236094,81.45696525496466,78.77171410611811,79.78068861258211,2676553
2020-02-21 12:29:57.610599,80.15051884112121,81.57895367847202,77.93630216748585,80.88131259336836,3335952
2020-02-22 12:29:57.610599,81.36215494794392,83.96225174100836,81.29177926310987,81.29589053594029,1434416
2020-02-23 12:29:57.610599,78.33760820759377,81.51137739434198,77.44868338619037,79.09034266234954,7694933
2020-02-24 12:29:57.610599,77.85054741542676,77.9178844154938,73.95539708870376,77.81662431003116,9199055
2020-02-25 12:29:57.610599,83.33475075198565,81.97559998708805,81.4126546223476,81.81465623653807,9276328
2020-02-26 12:29:57.610599,79.7234950599571,82.14174325978071,81.12570226798505,81.19614742216804,1245263
2020-02-27 12:29:57.610599,81.80378901554711,83.09962939545237,80.183088141395,82.06204943261999,3065508
2020-02-28 12:29:57.610599,83.21875183959385,85.79788643227853,84.49949117190366,84.70652743767464,1323514
2020-02-29 12:29:57.610599,87.23318525780078,86.95924918949407,82.66084648729797,86.12313638554718,7977749
2020-03-01 12:29:57.610599,85.29037055597841,85.96749639458305,82.53179447295008,84.68242912623006,1525819
2020-03-02 12:29:57.610599,85.1923147056684,86.25161548736963,84.32497996990082,84.80716845462673,7951629
2020-03-03 12:29:57.610599,84.8348027469079,88.25600224958364,84.03798141845138,87.14323690508762,1305793
2020-03-04 12:29:57.610599,88.8466696273445,89.33208433005915,88.15619735069629,88.73274456691487,5734868
2020-03-05 12:29:57.610599,85.70785852769612,85.93054703641836,83.46016269836367,85.32595937572408,5692289
2020-03-06 12:29:57.610599,84.96581380672573,88.09191265468765,82.91022420928464,85.40948431595126,1840200
2020-03-07 12:29:57.610599,86.22942658284269,86.78742797140418,84.75866172115437,84.93173035253665,5266769
2020-03-08 12:29:57.610599,85.98129018970607,88.05409082513064,84.51484387602234,85.12477094505357,7844718
2020-03-09 12:29:57.610599,86.8640799086872,89.7199661634332,81.7561162783442,87.16235355715384,3549821
2020-03-10 12:29:57.610599,81.30954318923436,83.55171798638779,80.70478130584803,82.22011765735047,2505060
2020-03-11 12:29:57.610599,81.79816043969704,83.21854887451686,78.34790423931341,81.67741928113492,8772946
2020-03-12 12:29:57.610599,83.89113423369207,82.64983471304502,81.75412538468898,82.08515479262613,4158463
2020-03-13 12:29:57.610599,84.31041464036672,85.27310818760961,82.51617145787664,83.87587367678637,4569773
2020-03-14 12:29:57.610599,88.90898380687007,88.6547868628516,86.42481785194316,88.0729592839041,5883152
2020-03-15 12:29:57.610599,88.92628917900278,91.34219005017749,88.16571230003423,89.19158228644612,9278937
2020-03-16 12:29:57.610599,89.67040896257978,92.72479392313582,87.44121753543087,89.56879615557317,1274366
2020-03-17 12:29:57.610599,90.16406590550724,91.10048018230408,88.49679160399677,90.27787636761097,9907771
2020-03-18 12:29:57.610599,89.67697255484985,92.33711695201997,88.39974939101835,91.69912732777861,3311022
2020-03-19 12:29:57.610599,90.57786854749625,92.64228304260328,91.31785418560726,91.90893594296399,2723766
2020-03-20 12:29:57.610599,95.11818214769701,97.4620001201142,94.51827470284864,95.24427028487334,1457700
2020-03-21 12:29:57.610599,96.97749381432263,101.83894257923845,97.05586449079155,97.8400816238118,6845347
2020-03-22 12:29:57.610599,95.15129157462613,94.78124630438582,94.32236308679335,94.50532635236253,4929060
2020-03-23 12:29:57.610599,94.47417941892803,96.02983386945319,92.99587186551383,94.9795142595167,3306811
2020-03-24 12:29:57.610599,94.0616487504158,98.11842193373433,93.02941436486947,94.71366153059826,6493258
2020-03-25 12:29:57.610599,93.88145151066253,96.65844915975264,95.33780112033563,95.53774444659811,5345759
2020-03-26 12:29:57.610599,96.49324551051943,100.33258591847293,96.95624515053531,97.28523203561011,5719111
2020-03-27 12:29:57.610599,100.0079702387134,101.4805142370808,98.27782376524989,98.6700625139176,4578516
2020-03-28 12:29:57.610599,98.71073885942059,100.03036760141063,96.7587581821704,99.8412238078028,3284061
2020-03-29 12:29:57.610599,99.04254477090397,102.16495526660017,97.10892741863766,99.22584661378798,4515551
2020-03-30 12:29:57.610599,101.78311837433547,102.09773903105462,100.42781001177607,101.30150510334008,3045382
2020-03-31 12:29:57.610599,101.87527950940077,103.72328581573208,100.03594054366437,101.50608155864784,4435678
2020-04-01 12:29:57.610599,97.25535146401032,99.95987758095045,92.62900656291356,97.84779264092529,2012713
2020-04-02 12:29:57.610599,100.90824962315091,101.79170240346609,100.73497477650713,101.10583480316791,6712234
2020-04-03 12:29:57.610599,100.07890857075242,101.08920641983471,98.35572251874824,99.7978796491689,7343176
2020-04-04 12:29:57.610599,98.95811744255921,104.04999580136308,97.26192947220366,100.18003416614282,2757832
2020-04-05 12:29:57.610599,101.81412945605463,102.46030828245826,100.3585482140464,100.69104749400276,6134104
2020-04-06 12:29:57.610599,101.9418880464171,104.86064168132259,97.7843337832527,101.93151053379738,2145746
2020-04-07 12:29:57.610599,103.12740176751177,107.1899786298592,103.25261686953942,103.45103361956731,8453030
2020-04-08 12:29:57.610599,100.86562869884838,105.5237573144855,100.33399314738769,101.6370135013833,3640946
2020-04-09 12:29:57.610599,101.05634143541961,100.66967518592769,98.72931930536846,99.35130111492055,3568964
2020-04-10 12:29:57.610599,103.1529572823318,106.38750128212227,96.26776727634154,102.56812848751284,2507179
2020-04-11 12:29:57.610599,101.25479452346232,101.63956491439582,99.56010122967153,101.57592356078317,6666140
2020-04-12 12:29:57.610599,96.98653314384673,101.14896647417287,97.81247218703791,98.17708291551364,5783049
2020-04-13 12:29:57.610599,98.55778259914361,99.53245037282261,94.72616163040932,98.13106982984003,5644531
2020-04-14 12:29:57.610599,100.01100402097899,102.81603571344566,99.88635022111679,100.49387984243067,6329324
2020-04-15 12:29:57.610599,102.36751741763288,105.10762541936455,101.97954296095853,103.67164281149145,8000218
2020-04-16 12:29:57.610599,102.5261697193124,103.77737705609343,103.0666760258943,103.69323222766226,7055732
2020-04-17 12:29:57.610599,101.94367776962639,107.84834987509389,99.33757137118688,103.35152875378233,6224797
2020-04-18 12:29:57.610599,103.18787382450564,104.64799902136373,100.80375071760521,103.37924112800857,7553221
2020-04-19 12:29:57.610599,102.71590837274533,102.27335602298558,99.4771202794868,101.37265998327649,4555558
2020-04-20 12:29:57.610599,101.66422467426072,101.91116190073456,99.70806292471691,101.0411997957489,4912419
2020-04-21 12:29:57.610599,99.41132181213403,99.79757413933613,96.58944619342918,99.06018407375791,2105948
2020-04-22 12:29:57.610599,100.53543006568744,106.19502184985325,99.76729662295338,101.69325816982132,4491735
2020-04-23 12:29:57.610599,99.9958227673671,101.19992906305713,98.53582173954086,100.22416728101592,7076963
2020-04-24 12:29:57.610599,104.44259612087605,103.62146183859345,102.3973153531741,103.61625508886758,7482377
2020-04-25 12:29:57.610599,105.45872751756367,107.48906201751802,101.8498033021758,106.16658512299611,1475788
2020-04-26 12:29:57.610599,107.96899639099499,108.61649946999019,107.03107871849157,107.25749985445742,4077312
2020-04-27 12:29:57.610599,107.58331923352812,108.16001029538066,106.10463996223352,107.34061691264034,5054728
2020-04-28 12:29:57.610599,104.13288238680553,107.40277382918755,104.95328060605492,105.57282726944028,4276192
2020-04-29 12:29:57.610599,104.72686018949692,108.9388810857983,103.99337993406814,105.4629965492379,3308127
2020-04-30 12:29:57.610599,107.40117673740338,110.92258226096324,108.37390254909766,109.54827984721307,8257232
2020-05-01 12:29:57.610599,111.41884895139057,112.33670597847,111.00932115615119,111.373410654336,8517058
2020-05-02 12:29:57.610599,110.26989740273079,115.05883656147691,110.1939611569449,111.57400961809175,7937865
2020-05-03 12:29:57.610599,110.27373612225932,112.43763594526523,110.49212185521083,110.76154893573626,3988926
2020-05-04 12:29:57.610599,107.9404720736912,114.54325805012424,106.28665180618516,109.25280373910672,1068317
2020-05-05 12:29:57.610599,106.54522349704389,109.13076724187597,107.77443148705619,107.97068404958904,3910508
2020-05-06 12:29:57.610599,103.90587526215944,106.0421812670493,103.27576200719994,104.75383097405417,9643463
2020-05-07 12:29:57.610599,104.27170131829968,108.00910153123029,102.90293160834563,105.53145684486223,2767256
2020-05-08 12:29:57.610599,104.9600274001497,105.74524459120562,103.30990846809343,105.24853431770651,8832651
2020-05-09 12:29:57.610599,106.04174080186762,109.42285923376247,105.84551401124291,107.59562376598677,7332056
2020-05-10 12:29:57.610599,109.5749109408304,110.97236920822061,107.16104559163121,109.23219680140815,9919416
2020-05-11 12:29:57.610599,111.10707531497219,112.69988880617223,103.80512547542114,111.80257200162322,4245335
2020-05-12 12:29:57.610599,112.2010079522929,113.56336578854581,111.40396166353298,112.54788367121643,7012453
2020-05-13 12:29:57.610599,111.20286959449011,111.84533401301414,109.12512915928211,109.37594333469643,7772514
2020-05-14 12:29:57.610599,111.96336692905412,111.32168274131556,110.87090943215954,110.9439125235041,1091266
2020-05-15 12:29:57.610599,114.16940722555393,113.64326251481248,112.86326220736184,113.5154069431344,6143394
2020-05-16 12:29:57.610599,111.18119094786205,109.84754360992558,108.087011301354,109.68438008412689,3820776
2020-05-17 12:29:57.610599,111.52839593579867,112.47253121449891,109.16230471945579,111.23324483617941,4032910
2020-05-18 12:29:57.610599,111.9621347693174,114.80982157101722,113.27163391084986,113.44089879730075,7570751
2020-05-19 12:29:57.610599,113.8604981855676,114.68879334355685,110.17945182751996,113.14911394218629,8328433
2020-05-20 12:29:57.610599,110.08535071411077,114.6405523840308,110.56813682771771,110.6548844373536,9099145
2020-05-21 12:29:57.610599,109.4539174586383,110.02902183191223,108.51985141441388,109.61915902240665,9093697
2020-05-22 12:29:57.610599,111.63368939718505,112.82106030871837,110.06862521253052,110.79779757807661,2428167
2020-05-23 12:29:57.610599,110.29762200294869,113.7623584430321,109.11708590543296,111.39798368656749,6567505
2020-05-24 12:29:57.610599,112.297607224072,112.26990607760035,109.87630534031686,112.0675780415502,3093896
2020-05-25 12:29:57.610599,113.36909785302983,113.89181350580934,112.97197593875282,113.48411893007498,8319443
2020-05-26 12:29:57.610599,111.92784236634341,113.27004741555369,110.93286777865552,111.55940473743415,1829280
2020-05-27 12:29:57.610599,111.08693454283703,111.62455105428526,105.9101156047999,109.85394148927733,6985242
2020-05-28 12:29:57.610599,105.4531897612329,107.97164698384212,105.58072782777501,107.45180388978042,8164011
2020-05-29 12:29:57.610599,108.46772293033847,106.90801539297682,105.75936950581882,106.83682318781014,4945628
2020-05-30 12:29:57.610599,105.36204342212923,105.65488077138042,103.88706385567407,104.75982388949791,4114799
2020-05-31 12:29:57.610599,104.36281517606461,103.61075825767793,99.17999092383279,103.08247100579607,9360282
2020-06-01 12:29:57.610599,104.68370825451275,103.54094805083021,101.82147298123263,103.50517991660608,4818680
2020-06-02 12:29:57.610599,103.12351510477541,105.14259659856415,100.68036205733712,101.16205368692965,9008490
2020-06-03 12:29:57.610599,101.8301915453993,103.9757191335729,96.61031005076111,101.47977262700269,2585878
2020-06-04 12:29:57.610599,103.83462031240809,105.25295954472034,103.24248396566827,104.157428838285,2613124
2020-06-05 12:29:57.610599,103.3380830820692,103.43235460950079,101.46735597123845,103.24968172105783,1341738
2020-06-06 12:29:57.610599,102.15432774538442,106.61790444107058,100.37613117828123,104.125823539768,6679676
2020-06-07 12:29:57.610599,107.64248610010502,107.68232741730891,102.17409091744267,106.947614754959,3308995
2020-06-08 12:29:57.610599,105.87477453109372,106.70674417616841,104.48275803338369,104.9038966334253,3319762
2020-06-09 12:29:57.610599,105.44989445543627,104.19690237195552,103.42506960140761,104.0296853488885,3129605
2020-06-10 12:29:57.610599,104.62407905856195,105.77720511956706,102.45338707765275,104.9512387380958,7904095
2020-06-11 12:29:57.610599,105.94672151210894,105.50064579863998,104.30635957305373,105.25353125513747,3587848
2020-06-12 12:29:57.610599,107.5251926517964,106.8704489944399,106.3693379506852,106.79719537228605,3759882
2020-06-13 12:29:57.610599,102.28389736883031,107.50980344417025,103.18572515959957,105.15460915435868,7810307
2020-06-14 12:29:57.610599,102.67740867378619,104.02031242716859,99.59873915942947,101.97089992764528,4726922
2020-06-15 12:29:57.610599,102.31468085934702,106.40953262630458,100.03602183365508,102.45866665959181,2861800
2020-06-16 12:29:57.610599,101.3314569406082,104.40013220457692,98.2440222484009,102.71728897906904,9001095
2020-06-17 12:29:57.610599,103.01402463470025,105.79064579067821,100.8564521025931,102.69059690409382,5877802
2020-06-18 12:29:57.610599,101.13172401425656,104.73374980534334,101.87909050126578,102.83509842354964,4776046
2020-06-19 12:29:57.610599,102.43717056850879,102.6789722368093,99.80805448880068,101.9739058265827,5807994
2020-06-20 12:29:57.610599,101.62198688431913,100.92668991575452,99.44826985952251,100.65081252191585,8310670
2020-06-21 12:29:57.610599,102.53295758824775,103.54784155484128,100.84883313198914,101.22739632954422,8932903
2020-06-22 12:29:57.610599,101.37102803826117,104.41339465383126,99.7945632674245,103.44370539285218,7584084
2020-06-23 12:29:57.610599,103.20220152291321,104.10537870495713,103.01671950270128,103.13703885226876,8930649
2020-06-24 12:29:57.610599,100.18003180492897,102.29491610043765,98.78262990865703,101.37029046346655,6066873
2020-06-25 12:29:57.610599,107.05106226887844,107.47564391189006,103.17442726328657,106.37538269754928,4808787
2020-06-26 12:29:57.610599,107.41064835571984,107.42986517333944,105.53281311313219,107.4284412061606,7520805
2020-06-27 12:29:57.610599,106.57349143694387,108.07204930847354,104.88678658138147,107.63687999126964,3165451
2020-06-28 12:29:57.610599,107.57191492245494,108.14948468236967,106.35394157655574,106.8381627429444,8096535
2020-06-29 12:29:57.610599,111.58577996596559,113.29702532140071,110.50609228892544,112.0516980099746,6179170
2020-06-30 12:29:57.610599,112.89155144078711,113.36446940159277,109.80994679656264,112.13569635446515,5562115
2020-07-01 12:29:57.610599,111.67972613022535,113.92343443924851,111.78798155444409,113.28801889013346,7903944
2020-07-02 12:29:57.610599,113.69966762357988,116.83055831485397,113.65258279114616,113.6704357004283,6810501
2020-07-03 12:29:57.610599,112.84132713403791,112.80554747067998,110.24928564767808,111.65254665497098,9065379
2020-07-04 12:29:57.610599,115.36610656873128,116.43961818672415,113.48463045905103,113.64374979813726,8963888
2020-07-05 12:29:57.610599,114.40592635998203,114.51195496242816,111.7206597291848,112.95170717209437,8680737
2020-07-06 12:29:57.610599,111.48848221759323,113.09882709972295,110.54991290656233,112.59588205996214,5064197
2020-07-07 12:29:57.610599,111.69932312858886,114.50126440856366,110.40800130582917,111.64953891374438,8039897
2020-07-08 12:29:57.610599,108.87113625860685,108.95706320518893,108.12884202414534,108.64579463086022,8436865
2020-07-09 12:29:57.610599,109.5066030317391,112.65848972424288,107.37555301275671,109.36332855664175,5431184
2020-07-10 12:29:57.610599,112.84846168712282,112.39194240439525,111.31128933629532,112.1049985379831,3000362
2020-07-11 12:29:57.610599,112.69923372686009,114.16528553405918,112.39496940285837,113.44548640777717,4340012
2020-07-12 12:29:57.610599,109.5067216956904,112.08805813337165,109.66443553232438,110.0007929732439,1074968
2020-07-13 12:29:57.610599,109.15015830065443,114.82215330646609,109.1403183724266,110.05683778801924,5563958
2020-07-14 12:29:57.610599,112.8178788307734,112.76985176732775,110.78867832895611,110.89089804329306,4165885
2020-07-15 12:29:57.610599,114.11589905115713,113.20810644673182,109.00511974296991,112.93028294708127,1768410
2020-07-16 12:29:57.610599,113.43549129144316,115.99814050610769,111.5871737530709,112.7082765027621,6571466
2020-07-17 12:29:57.610599,115.69470359605914,116.43245709341397,115.17292328497233,116.1752272235562,6930614
2020-07-18 12:29:57.610599,117.25255335859413,118.36845771259716,114.6725127189421,116.04250163223168,8333829
2020-07-19 12:29:57.610599,117.19581273665887,119.2780961653415,113.67426334774868,117.21340681757412,9889444
2020-07-20 12:29:57.610599,117.47449342384145,121.17665899649042,116.26856215307993,117.43765207285934,6365597
2020-07-21 12:29:57.610599,116.64065330810185,116.65060109566114,115.34861763714858,115.84042504422314,7192313
2020-07-22 12:29:57.610599,119.48662850877241,116.83220666973243,114.6170126291736,116.78758885257731,2330955
2020-07-23 12:29:57.610599,113.31198692590142,116.14347930855303,111.43824007901883,112.53324927356185,6953676
2020-07-24 12:29:57.610599,111.68444284731792,114.92892855203031,109.81266987571281,112.6638374972204,2338124
2020-07-25 12:29:57.610599,115.72285605816292,116.23155672322818,114.24028688449472,114.77678584856082,4241369
2020-07-26 12:29:57.610599,117.90105632707541,118.9680191301155,115.87533814509578,117.11056731254324,3636793
2020-07-27 12:29:57.610599,114.07216754766809,116.82726964506513,113.22530937990359,114.76431672069252,4645977
2020-07-28 12:29:57.610599,114.65457442659816,114.43162638621035,113.2516334837547,113.94792120747202,7142033
2020-07-29 12:29:57.610599,113.80478621772066,113.4812130724977,112.59069382729754,113.28868665804829,4083105
2020-07-30 12:29:57.610599,114.99160692809271,117.55647146347687,114.77373806016395,117.08917916029218,8303298
2020-07-31 12:29:57.610599,118.34855532251052,121.19733290916916,115.44271578648231,117.98786248360277,3324883
2020-08-01 12:29:57.610599,117.59189981416365,118.16951456261863,114.89223473658296,117.71272764672241,5737806
2020-08-02 12:29:57.610599,116.49947193477975,118.85474904990444,115.4502856519343,117.27733452005454,7596633
2020-08-03 12:29:57.610599,114.52184689650309,116.32536547020763,114.27339290218221,114.80395725793407,4539408
2020-08-04 12:29:57.610599,113.61732737142187,116.50447761734472,111.09426909930863,113.70113097007484,1230654
2020-08-05 12:29:57.610599,114.6879302862932,114.07797673102621,110.54113813863057,113.86954845451868,4800562
2020-08-06 12:29:57.610599,114.3162973213623,118.69759708392426,112.86101646254507,116.29400194864414,3343448
2020-08-07 12:29:57.610599,116.67086535474303,116.98382998419928,114.44936158807693,115.96655071589959,5860509
2020-08-08 12:29:57.610599,118.22746237118488,121.30302176643816,116.71953655540091,117.55853345419109,1261285
2020-08-09 12:29:57.610599,115.86910737603012,117.57678070375587,109.66579868082168,115.7042343428985,1579823
2020-08-10 12:29:57.610599,115.03344252353122,114.63131607432497,113.18453395257009,114.21850727534932,4509321
2020-08-11 12:29:57.610599,112.83047832087308,119.53819712501056,112.15850963391152,114.78778726148057,4618779
2020-08-12 12:29:57.610599,114.2923434303139,113.75853320228484,111.32131452399045,113.61428210248435,1735303
2020-08-13 12:29:57.610599,113.413859217922,113.72777342500392,110.9724423299899,111.46853894839332,3429313
2020-08-14 12:29:57.610599,110.04895655696629,110.52485061498534,107.34428292988652,110.19608022386622,1826953
2020-08-15 12:29:57.610599,110.02214853809866,111.60914281210196,109.42360419520807,110.64573799560092,3282231
2020-08-16 12:29:57.610599,106.83737826471028,111.045295064613,105.86992467991988,109.28614934464929,8324859
2020-08-17 12:29:57.610599,108.67968295449735,112.91901623610052,108.20812244652956,109.04551171676331,9190527
2020-08-18 12:29:57.610599,107.20910317042572,111.87224505425232,106.7729770266163,108.11573133505115,6450509
2020-08-19 12:29:57.610599,110.10758793827227,112.26282331747926,110.05207348753017,110.5165244695824,3967766
2020-08-20 12:29:57.610599,112.0996266626855,112.48685818985732,108.69671379720045,111.87949005142349,7090467
2020-08-21 12:29:57.610599,112.11434258755375,112.77200913257704,112.04522279418809,112.54943520549557,4656780
2020-08-22 12:29:57.610599,110.17325679008707,116.04500879592906,107.6447440106958,109.89691305211849,3859345
2020-08-23 12:29:57.610599,109.78652584217289,111.5245388806633,106.91905382441252,111.15731366752331,8319624
2020-08-24 12:29:57.610599,112.24019837823737,112.70973085822366,112.13557066489231,112.13936396673896,6583204
2020-08-25 12:29:57.610599,115.28372878868382,115.51616083181403,113.37614107720914,114.37511770011746,3171955
2020-08-26 12:29:57.610599,115.52429133038883,119.59821693070919,116.34685800252329,116.43589645488736,4077108
2020-08-27 12:29:57.610599,112.53804282816732,115.40292678602843,112.26924923989539,112.35091208895392,1564804
2020-08-28 12:29:57.610599,112.93543652038626,112.94744054114314,110.83754637476206,111.43069890970011,4138158
2020-08-29 12:29:57.610599,118.35854894704742,116.49449075778801,113.39457614245754,116.26048723732,2061220
2020-08-30 12:29:57.610599,116.55130234716462,116.63280630785746,115.2791679587523,116.55866029231792,9058974
2020-08-31 12:29:57.610599,122.33765841798875,121.43780038880124,120.10560722175089,120.73723143094529,3029191
2020-09-01 12:29:57.610599,121.3338431314678,122.93983983059363,119.55428024554148,120.91571139150508,9924326
2020-09-02 12:29:57.610599,120.41471735199411,120.96962568487935,116.84271434912993,118.83767694507836,1651736
2020-09-03 12:29:57.610599,119.78718484020115,122.78424620421264,117.9612766845018,119.75812833152148,5787873
2020-09-04 12:29:57.610599,119.30559002297791,127.77084082156185,117.05727622226135,119.12730468395759,9509932
2020-09-05 12:29:57.610599,119.47617621201589,118.64604162322115,116.81612587467345,118.52284388884078,6422330
2020-09-06 12:29:57.610599,119.66217581567508,120.25368698526266,119.67352250916893,120.1763871882373,5304035
2020-09-07 12:29:57.610599,119.78360106293871,120.70893410836992,119.2318439766336,120.30598393949609,7649584
2020-09-08 12:29:57.610599,122.33745641673879,124.40931463249699,121.34929139475825,122.33781936063967,2667528
2020-09-09 12:29:57.610599,122.45723760421961,123.68318389465588,120.82862084600958,122.52416699363425,4163934
2020-09-10 12:29:57.610599,121.48709578337733,123.60338238375154,119.92603668248998,122.03880335729156,1514186
2020-09-11 12:29:57.610599,126.18102247380429,125.13924897221413,121.71768375406286,124.07073608584918,3375868
2020-09-12 12:29:57.610599,123.04606537529563,126.10079749084409,120.97314368928984,122.47595474588817,5861380
2020-09-13 12:29:57.610599,122.89676085313182,124.902391607321,122.0262913497729,123.15926522527401,3175405
2020-09-14 12:29:57.610599,121.15985046415265,122.78549623491521,121.04114279566453,121.3127580089536,7132752
2020-09-15 12:29:57.610599,122.90044155237315,122.24310597372042,118.802935474367,121.89646638276116,1942427
2020-09-16 12:29:57.610599,120.58867542006159,122.06417310736418,118.23436007232985,120.2201129382749,1533828
2020-09-17 12:29:57.610599,120.15635742149635,121.14538396543132,119.1026271846225,119.38593903362468,3240289
2020-09-18 12:29:57.610599,122.55747665328644,123.37477864677093,119.29407912611194,121.56769527240426,2869449
2020-09-19 12:29:57.610599,117.79640747514946,119.01212153061655,117.31181542796891,117.88550012663688,5653749
2020-09-20 12:29:57.610599,119.28808601535785,120.82697627756042,118.69696502353952,119.3093383668566,7227181
2020-09-21 12:29:57.610599,118.98763099336405,121.03886773465632,114.97721114192355,118.92652425778266,5918729
2020-09-22 12:29:57.610599,116.8953898306558,119.07301988207585,117.6892419173429,118.06821474748693,3393589
2020-09-23 12:29:57.610599,120.3472606708715,119.37163548180979,117.57464840435044,118.82611183590066,8115615
2020-09-24 12:29:57.610599,120.414102374393,121.34163312244182,119.06543812527237,121.10966769222077,6696813
2020-09-25 12:29:57.610599,122.44827290793441,122.32905578939503,120.18638692420234,121.59935432790068,3223244
2020-09-26 12:29:57.610599,122.84388843656876,124.14789877046702,122.27496892537039,122.94814437472353,8758667
2020-09-27 12:29:57.610599,121.94529130879123,124.23626926313374,122.54657980173384,122.86759803078121,6489804
2020-09-28 12:29:57.610599,123.1915977662524,124.03355420836331,120.68724715426171,121.26200049885361,9291558
2020-09-29 12:29:57.610599,121.55103411578742,123.87878869827253,121.38226680015183,122.69481277804735,3903821
2020-09-30 12:29:57.610599,124.66762013639736,125.46363155260663,121.88918219147982,124.72520452436015,8844701
2020-10-01 12:29:57.610599,122.84955196780334,125.59603436202607,123.47044639423781,124.51807741564245,6556708
2020-10-02 12:29:57.610599,124.49577185992116,126.67865253422504,120.82187566334636,123.45305667378085,3376444
2020-10-03 12:29:57.610599,124.18807990845761,124.01504600345115,119.78404127832987,123.94245159228052,2185417
2020-10-04 12:29:57.610599,122.57220107476834,127.78760554020207,121.73636889730001,123.92736091534029,9312586
2020-10-05 12:29:57.610599,127.40730842367286,126.87853160658307,124.09486356686412,125.48330130122706,2934724
2020-10-06 12:29:57.610599,127.21517006565504,130.2925054506635,125.01471804745111,127.09659242079739,4302340
2020-10-07 12:29:57.610599,126.70955283671448,128.0213861113758,124.36545997422608,126.0858805663008,7725234
2020-10-08 12:29:57.610599,128.0411825159044,129.9544065328065,124.32690980777693,128.29616381157314,1900839
2020-10-09 12:29:57.610599,124.48827204634591,127.91642381598349,125.934870282422,126.3631379131852,1066804
2020-10-10 12:29:57.610599,129.7926090149943,131.86649471394406,127.32094261202437,130.52134695315408,9706621
2020-10-11 12:29:57.610599,130.2402615721255,130.8089290680192,128.7813699916359,130.74380501869567,6934323
2020-10-12 12:29:57.610599,125.96967280075617,126.9781789450707,124.64640249204348,126.85481979649407,2582300
2020-10-13 12:29:57.610599,125.27722966113015,130.99937023775485,125.59300810682701,126.81350782508927,6745636
2020-10-14 12:29:57.610599,127.82652026666058,129.98847066254604,129.70127953736372,129.91204784381245,3032148
2020-10-15 12:29:57.610599,127.10236199255559,127.36744519984387,124.45301559871342,125.90988913798516,2642720
2020-10-16 12:29:57.610599,126.31787427688458,127.61413015704015,124.1603353742634,125.69455392391788,4776993
2020-10-17 12:29:57.610599,122.66087225506013,122.27733852156234,121.98828260408213,122.1413245876301,2391432
2020-10-18 12:29:57.610599,125.15102813303145,125.08995199231377,124.8439323507069,124.92399921313508,9903639
2020-10-19 12:29:57.610599,123.41723747337797,124.70874795130176,122.44422386794244,123.86923834577631,6140689
2020-10-20 12:29:57.610599,122.61517266549592,125.77135564927967,123.17850227631705,124.16383199242071,2615196
2020-10-21 12:29:57.610599,124.85489024922745,128.1635736933904,124.7393600373612,124.81794134450848,4279641
2020-10-22 12:29:57.610599,124.77551096897726,125.59099474318987,124.61650590576453,124.9231178219136,4487240
2020-10-23 12:29:57.610599,126.97452928722615,127.29245432306855,124.80396400357837,126.51031234343705,4609180
2020-10-24 12:29:57.610599,128.5993294757689,132.2336858620903,126.62433117396286,130.40394057165554,8447997
2020-10-25 12:29:57.610599,128.79236019914936,129.93273508960658,127.5648686599109,128.8866397255869,3353030
2020-10-26 12:29:57.610599,132.1013891835763,135.91827751218767,127.52854945789794,131.2248594694111,7872380
2020-10-27 12:29:57.610599,132.82606712216315,134.03283199493512,131.4090117113175,131.97688747368497,8452145
2020-10-28 12:29:57.610599,134.10943489163546,134.50275559160661,132.72639130993804,133.98132073151214,2590173
2020-10-29 12:29:57.610599,132.88450629305098,131.6682509039538,129.85841409929228,131.43378861392563,3028460
2020-10-30 12:29:57.610599,131.4907515968396,134.1689474123014,128.06921252593466,131.72263156492818,3088235
2020-10-31 12:29:57.610599,128.6607210539745,133.31279219692752,129.05925481579123,130.41124320119,9879123
2020-11-01 12:29:57.610599,129.51283729773272,130.58821113695157,129.36263406082324,129.50910988481652,2529647
2020-11-02 12:29:57.610599,128.66862907261316,134.93514902977367,130.19812929805826,130.66983294596804,8375930
2020-11-03 12:29:57.610599,130.70054971156642,133.63819574174065,127.2002235753797,130.71882383107047,5907121
2020-11-04 12:29:57.610599,135.06001408143044,138.74542097244748,134.25553677310458,135.4170634066108,3722532
2020-11-05 12:29:57.610599,133.77417870447184,136.90240496295291,132.54512867247658,135.02490969943094,7008956
2020-11-06 12:29:57.610599,135.91184973377662,137.94297267353772,135.70998927027674,136.09769863665045,4334314
2020-11-07 12:29:57.610599,136.8872190762773,136.93161224723838,133.54866620466785,135.51406588555562,3358952
2020-11-08 12:29:57.610599,136.56800116752586,136.52417085333806,134.17364918860628,135.08926628703932,9692059
2020-11-09 12:29:57.610599,135.80916004331058,136.70676104977997,133.27172189138028,135.50528415489114,5412288
2020-11-10 12:29:57.610599,135.00158468718965,137.1825755728521,134.9102937073115,135.80053889953322,8693233
2020-11-11 12:29:57.610599,132.95086252772577,135.41298904996316,128.36761620501093,133.25427013587628,4104938
2020-11-12 12:29:57.610599,135.64406099713173,138.01475048189522,136.45803963914472,136.5613345217114,8408271
2020-11-13 12:29:57.610599,135.60395713083977,138.36612291193995,134.55644709283015,137.80580325899118,6203431
2020-11-14 12:29:57.610599,139.18255267277712,140.20755260032576,137.8082497699357,140.02275923584492,4058360
2020-11-15 12:29:57.610599,141.12548004310452,143.07637112690338,140.30586700988994,141.4745589704952,4856168
2020-11-16 12:29:57.610599,144.2569710402913,146.80242872636478,141.32605452532073,143.44602785256043,6359173
2020-11-17 12:29:57.610599,145.12134863698935,145.63688204322884,141.26180995557286,143.79902599004754,7757266
2020-11-18 12:29:57.610599,142.97902176381206,145.64025480535247,142.82765711366378,143.0248030805341,5925100
2020-11-19 12:29:57.610599,141.94092504643493,142.63450399015466,141.71483583536974,141.99698554249088,9471265
2020-11-20 12:29:57.610599,139.1318459638765,140.86792893397026,136.88151069424322,139.21918812670987,2656877
2020-11-21 12:29:57.610599,136.96540985930824,139.19708586235862,135.48834413148103,138.4189788238011,8020640
2020-11-22 12:29:57.610599,136.4051014524539,138.0028330639881,134.6729559105559,135.45658984088809,7942221
2020-11-23 12:29:57.610599,136.20151049036494,136.70984922753345,135.38530141094697,135.48951185338612,2742192
2020-11-24 12:29:57.610599,139.03127685024174,142.88040118599108,135.95004632611543,138.3351366030158,3978772
2020-11-25 12:29:57.610599,136.9018041212064,139.03912565899216,134.53472502003814,137.11101647920705,5414188
2020-11-26 12:29:57.610599,139.50358839074855,144.1187651685863,137.7399460847715,139.95948272782258,7754324
2020-11-27 12:29:57.610599,141.12088312333935,140.32634941410166,139.78380497348982,139.78732491774952,4945004
2020-11-28 12:29:57.610599,139.0525561160217,139.40530465358466,134.8802950237418,138.41680504451256,7806139
2020-11-29 12:29:57.610599,138.33710831862015,139.5339838406319,137.3666183737707,137.99401618050626,9905523
2020-11-30 12:29:57.610599,138.24699073884574,140.0629994022764,137.89575741183742,138.41188950970613,9143827
2020-12-01 12:29:57.610599,138.42267968311475,138.65817728535097,136.70462734207115,137.17289582008578,7545230
2020-12-02 12:29:57.610599,135.90354178381494,139.34341704242567,137.01574666208492,137.6464284553293,7633315
2020-12-03 12:29:57.610599,137.0373672225538,138.62314622942966,135.1329557738972,137.5432367470081,7205800
2020-12-04 12:29:57.610599,136.1701803167048,138.62287406631782,136.67432831145334,137.7024500974601,1092906
2020-12-05 12:29:57.610599,138.12260802178446,139.734585787217,136.98296070690705,138.693906816473,6754550
2020-12-06 12:29:57.610599,141.93040465538456,142.52865857494342,140.3493483232199,141.91722231966224,5124456
2020-12-07 12:29:57.610599,140.98780404129812,142.17614665986775,138.6677318153356,140.83393193864111,7524186
2020-12-08 12:29:57.610599,141.03388663750104,145.1788227117124,139.49227245878743,142.04643921269397,4439657
2020-12-09 12:29:57.610599,143.76789168560478,144.45460876278744,142.7387300486663,143.36130514807388,4006050
2020-12-10 12:29:57.610599,146.98456668796342,148.36747984803964,143.67899612606416,144.78008385287933,2197496
2020-12-11 12:29:57.610599,144.55504214286202,147.6760406975314,144.2015198380436,145.1277875662788,4006535
2020-12-12 12:29:57.610599,141.205408769739,142.33106287752398,141.14239375815163,141.4684388895592,6868983
2020-12-13 12:29:57.610599,141.71650897876052,143.0050366527348,138.6820724102636,141.16409996652803,2746736
2020-12-14 12:29:57.610599,135.1635299428415,137.37936398708985,136.05559975962706,136.22807821178515,3369150
2020-12-15 12:29:57.610599,135.3288963709203,137.93968112257087,136.69920624074157,137.3533372729386,3101798
2020-12-16 12:29:57.610599,138.74588059811458,139.10281994072952,138.0971710324569,138.71769359210245,2993988
2020-12-17 12:29:57.610599,140.5756716690766,141.39042373982025,138.40196595218725,140.18730269352142,8470486
2020-12-18 12:29:57.610599,142.89391596476463,142.16684431182244,139.54239826220953,141.4323078146985,5944512
2020-12-19 12:29:57.610599,142.31868328036512,145.96366277497506,139.0660237209136,142.4912345360546,6119942
2020-12-20 12:29:57.610599,145.88089058702576,146.00930007296137,143.9662097994275,145.0731383292682,2585905
2020-12-21 12:29:57.610599,144.60181636283266,148.91183971871928,146.38699736514621,146.661986525485,8292499
2020-12-22 12:29:57.610599,146.16941106095945,147.90845717954636,145.02989500939745,146.91538461270522,6550009
2020-12-23 12:29:57.610599,149.90751625852153,152.0033761997995,147.99451170870714,149.9873833267445,6909416
2020-12-24 12:29:57.610599,152.77271797984423,153.1914487101852,147.79239668969723,151.37640179792416,9012895
2020-12-25 12:29:57.610599,152.4284060053057,156.25987608918214,150.238333213566,152.95585119445633,4514530
2020-12-26 12:29:57.610599,150.57101921818364,152.07711301119878,151.31761356616568,151.39620368442348,9582146
2020-12-27 12:29:57.610599,148.05485819549864,150.58179401299176,144.85986539796917,148.4053121777077,3972623
2020-12-28 12:29:57.610599,149.3006425361857,149.24858865281655,148.3816307872458,148.75397134066344,9038215
2020-12-29 12:29:57.610599,148.68417551379466,150.24080999125917,147.3866335440306,147.6692945477497,5968970
2020-12-30 12:29:57.610599,147.4037279034887,149.3737389138164,147.38349403027001,147.4972726891174,3787655
2020-12-31 12:29:57.610599,146.5061337695519,152.20917807916447,145.97934726660307,149.10440279666798,1668163
2021-01-01 12:29:57.610599,147.87832694285734,150.552312829975,145.65970138280662,147.35391920129135,2956920
2021-01-02 12:29:57.610599,146.4587655369328,146.30086712618186,145.3816838208954,146.2398672829645,9943919
2021-01-03 12:29:57.610599,141.77375131432888,143.2412173613278,139.73788448055691,141.8063150844489,6517493
2021-01-04 12:29:57.610599,140.3451546704394,141.47423026910153,137.80906746627622,140.6026767965175,8950694
2021-01-05 12:29:57.610599,139.87208599105793,139.2096950148576,136.91341936280313,139.01684199001647,9722760
2021-01-06 12:29:57.610599,139.744939010136,142.58230140520004,139.4137762655538,140.81872607528064,8002899
2021-01-07 12:29:57.610599,142.93178189993895,143.9021444195731,142.4012990130935,142.4819713533564,7389791
2021-01-08 12:29:57.610599,143.04992478935137,144.19841801525544,141.12766137600212,143.48912676614984,2519826
2021-01-09 12:29:57.610599,147.30144987545776,146.25033414942195,145.49993102769375,145.52739742627182,8961890
2021-01-10 12:29:57.610599,148.26753292490233,150.8334948880348,142.40321054383196,148.16654655033747,5705134
2021-01-11 12:29:57.610599,147.90515279616613,150.7258125033055,145.25052483103659,148.81045515693688,7711642
2021-01-12 12:29:57.610599,149.7798445799563,151.24237311817245,147.99939449342875,148.59209071791483,7719968
2021-01-13 12:29:57.610599,145.46131076945062,147.5806470984558,144.48271613654308,145.1751326743737,2420619
2021-01-14 12:29:57.610599,141.34234994262684,145.88956161470207,139.50311677170876,141.6396778947099,4686358
2021-01-15 12:29:57.610599,142.78821120076168,145.8386855704534,143.35913777362214,144.69663999464484,4341125
2021-01-16 12:29:57.610599,145.65189253881573,144.68415269156628,143.60298904972308,144.27536739179655,9392785
2021-01-17 12:29:57.610599,146.224889938946,147.46695946816118,145.1625866889721,146.3678969339544,2914141
2021-01-18 12:29:57.610599,146.4777227065265,148.4024387156166,143.45974289318247,145.86398471777696,6938096
2021-01-19 12:29:57.610599,143.45660395717135,145.64052042139812,141.02105363101907,144.57166820380868,2752908
2021-01-20 12:29:57.610599,148.42337432887427,148.5264811847374,146.52369753520188,148.4387276980606,8529551
2021-01-21 12:29:57.610599,152.98714600547842,155.89699037715752,148.8289514042503,152.19776509261868,4584200
2021-01-22 12:29:57.610599,149.9731417156238,154.67945292318495,149.3882403477438,150.94215684467775,6502677
2021-01-23 12:29:57.610599,153.82049719871992,153.73953415128918,152.84532722810002,153.59766112798823,5018160
2021-01-24 12:29:57.610599,156.09794850420306,157.66266969914938,152.85533879557954,155.2517691405744,2406127
2021-01-25 12:29:57.610599,156.83731644863494,158.1899215257257,153.0085108096164,156.9129800351134,6127348
2021-01-26 12:29:57.610599,155.46859094421325,156.99894232048717,151.92944106562592,155.11920216150065,3642154
2021-01-27 12:29:57.610599,151.55432073661157,151.5444973649834,149.2598524903568,151.14544741165219,6737240
2021-01-28 12:29:57.610599,150.23697542904728,152.60449104579766,150.54844321401606,151.6921072287737,3774613
2021-01-29 12:29:57.610599,148.61334849974176,149.07825558081785,147.88816902299826,149.03447485010588,2968165
2021-01-30 12:29:57.610599,147.58741692484594,149.8305325403102,146.46938996549628,147.9908726829612,6151379
2021-01-31 12:29:57.610599,154.20029511870996,156.90657526611542,152.52731396803864,153.23603337408017,3814297
2021-02-01 12:29:57.610599,152.97670222332948,152.57056496573082,150.6372350522824,151.88374940781202,4993177
2021-02-02 12:29:57.610599,150.8168462137918,151.76764456106287,148.93141182638982,151.62570733921248,7474865
2021-02-03 12:29:57.610599,154.65507481851176,153.8959300362683,151.81182440229432,151.97260270865408,2250640
2021-02-04 12:29:57.610599,152.1640819402336,156.76454672466562,149.22172799427105,151.920271731949,2422311
2021-02-05 12:29:57.610599,155.5416515632176,157.1635640717615,153.59653617417987,155.38417825700122,5125185
2021-02-06 12:29:57.610599,155.25162941638578,158.32205049323696,151.41955982260333,155.38046570232575,4315733
2021-02-07 12:29:57.610599,154.9568777795455,157.59090952074285,152.98277479258817,154.32564734992485,8817227
2021-02-08 12:29:57.610599,153.70323850393208,154.63401120899115,153.31633364541608,153.4900371524094,1849390
2021-02-09 12:29:57.610599,156.33972317253128,159.05809124042258,154.92474529450996,155.70691281225248,1042721
2021-02-10 12:29:57.610599,155.58204742906085,158.13963360053944,153.87206123196125,155.88315765430184,4542591
2021-02-11 12:29:57.610599,147.3448297899162,151.93092379748376,148.47012477968903,150.0316947058728,6617274
2021-02-12 12:29:57.610599,150.32844534814032,150.75462070820404,147.02493351573114,150.53706705850942,7305026
2021-02-13 12:29:57.610599,150.32976275788357,151.53858336688046,149.17129334090168,150.83307813438472,7825032
2021-02-14 12:29:57.610599,154.14396888100896,154.32040170387043,152.07862917190516,153.69584833090335,3957012
2021-02-15 12:29:57.610599,151.6839523824099,154.6865687768946,151.12977257577023,152.11149089810297,9703862
2021-02-16 12:29:57.610599,148.55755930604084,150.95558572109923,147.5681287072058,147.76393321634322,4956063
2021-02-17 12:29:57.610599,153.27410236014356,152.21790733846692,150.70888539255546,151.66654122734198,3540145
2021-02-18 12:29:57.610599,152.31120885857823,152.7260511111791,148.28883039140916,151.2304768518214,1688918
2021-02-19 12:29:57.610599,152.7725444297809,155.22533363987728,151.6829934458252,154.27518857271747,5349780
2021-02-20 12:29:57.610599,152.6728962726527,152.51898124910818,150.28743515502816,152.44388598979708,2133932
2021-02-21 12:29:57.610599,148.50968301934302,149.827711322497,148.4592216886996,148.7326791043744,2933397
2021-02-22 12:29:57.610599,148.35624098903355,150.8642976639232,145.9160999543456,148.28558854056902,4799728
2021-02-23 12:29:57.610599,147.9776611415121,148.67848267223746,145.33864650249606,146.5045895045956,2876371
2021-02-24 12:29:57.610599,145.30807559074108,145.07121153898663,143.8599424025949,144.5993807594538,9724005
2021-02-25 12:29:57.610599,140.51646828909605,142.21445033393226,141.14088656800126,141.6282757169067,3420425
2021-02-26 12:29:57.610599,139.43002956834746,142.83628458504253,138.3153547753965,139.42595727093465,4611613
2021-02-27 12:29:57.610599,137.87164276844123,141.63133725096858,136.85107994990688,139.01826262128603,6170734
2021-02-28 12:29:57.610599,139.22683200165835,140.80145096739085,137.44849660185625,140.1396945607562,5506912
2021-03-01 12:29:57.610599,139.60839180288514,141.0031912288661,138.7762245755883,140.78605278214246,4625071
2021-03-02 12:29:57.610599,146.59801368200513,148.0089334721076,145.34220294305243,145.6320046393064,1815682
2021-03-03 12:29:57.610599,146.2837761846498,148.23537749921965,144.71328716910858,146.71390195503955,9346776
2021-03-04 12:29:57.610599,147.5974172906177,145.15414368877498,143.17015553064235,145.12334775258898,9342915
2021-03-05 12:29:57.610599,142.49193945566097,145.36604943746983,141.93406445513605,143.4429860017439,2451475
2021-03-06 12:29:57.610599,137.23229939566338,142.4238651680382,139.36283417124693,139.5614681613481,3258270
2021-03-07 12:29:57.610599,138.00038605768324,143.14884686334636,137.6653120659992,138.5198943387993,7207745
2021-03-08 12:29:57.610599,138.17365084515416,139.17209146278492,136.6143554621131,137.54390054312898,5047250
2021-03-09 12:29:57.610599,136.35071697268899,139.81090788678637,135.1750830190067,137.07621783981148,2462457
2021-03-10 12:29:57.610599,138.27328993469214,139.96122705296798,136.83075097033495,138.1022219668633,3241403
2021-03-11 12:29:57.610599,138.68661792332387,139.71496449189422,138.20015021916348,138.74576756395462,4313882
2021-03-12 12:29:57.610599,143.49202972671478,142.36371660855352,140.5130832553503,141.96719002698356,4102387
2021-03-13 12:29:57.610599,139.36092716993167,140.01899095756602,137.48590423455695,139.94966425346095,6246423
2021-03-14 12:29:57.610599,144.27160780902256,144.3423838827996,141.52754245729184,143.31187685815954,8971358
2021-03-15 12:29:57.610599,144.12583551894235,143.41956365221742,141.17466738678596,143.24069995017018,1311352
2021-03-16 12:29:57.610599,142.553375381983,146.4180334346076,138.35655002916872,142.58779581703217,7307991
2021-03-17 12:29:57.610599,141.83710306268964,146.6634560587882,141.04582055203855,141.73161063735614,9253477
2021-03-18 12:29:57.610599,143.6933191919749,144.47816863972943,139.24723112631014,142.1489932798861,9462991
2021-03-19 12:29:57.610599,141.9247934465934,142.43782633651892,139.74575459679286,142.22005876251,1916116
2021-03-20 12:29:57.610599,140.45463677603678,142.772163718166,138.1286398828178,141.14105303457973,3855423
2021-03-21 12:29:57.610599,138.88328166350058,139.3309263768732,137.8059998557896,138.60711223168403,2972406
2021-03-22 12:29:57.610599,138.4462225892206,140.49956812430025,136.2877663420257,138.12585401660886,8641045
2021-03-23 12:29:57.610599,137.82302955467196,137.862589101318,136.34244168648493,136.89742479967128,4552310
2021-03-24 12:29:57.610599,141.42373300581886,143.15159346060588,139.13181702434954,140.93515004312894,8715305
2021-03-25 12:29:57.610599,139.90909915911723,141.45306193245614,137.2422296730808,140.39449406387183,4163213
2021-03-26 12:29:57.610599,137.7773139615091,140.0000511717999,137.12811973236492,138.065833766514,7230403
2021-03-27 12:29:57.610599,137.13388338706395,139.24369881309735,134.9835102930735,137.6826874605853,7477858
2021-03-28 12:29:57.610599,138.50443509570215,138.36737494963086,133.3352846503914,137.14731903654268,3719883
2021-03-29 12:29:57.610599,138.894484317416,139.78217851738123,135.00070334002748,138.17530420862587,3911805
2021-03-30 12:29:57.610599,135.52990971018485,135.91441179374698,133.0842968782442,135.59645620894565,8320039
2021-03-31 12:29:57.610599,142.13886635336792,141.95592943234152,138.5625588512168,140.5079938915328,2569895
2021-04-01 12:29:57.610599,139.53919360956542,139.3486289092703,137.17534432411617,138.66599057764248,5335122
2021-04-02 12:29:57.610599,138.4888328885315,142.4526039794622,136.83463672447843,138.9962183397289,6479997
2021-04-03 12:29:57.610599,140.57407630081124,140.6613918200643,138.66580083084511,140.43630013579434,1370637
2021-04-04 12:29:57.610599,141.04556595821813,142.18415915612476,138.0099144198221,139.79609739472437,2411815
2021-04-05 12:29:57.610599,143.61359582157937,145.66044481736165,143.2049295429296,143.6776885356188,9829077
2021-04-06 12:29:57.610599,143.29342088434274,144.0732937050801,139.14712466093033,143.41460290421216,9921063
2021-04-07 12:29:57.610599,143.02274726766544,146.4289159317965,142.83741222325736,144.1301835130453,1913684
2021-04-08 12:29:57.610599,146.00527265692082,147.15943078732698,142.7687387503857,145.21474256985584,6753479
2021-04-09 12:29:57.610599,147.25309272461368,150.46390758388227,143.47380533902586,147.07058380797716,1348020
2021-04-10 12:29:57.610599,147.54781129095065,147.74715480851273,145.80684578873098,146.4065358553236,7329019
2021-04-11 12:29:57.610599,147.70795610955065,150.70325360873895,144.0474465382049,145.7679687918175,6540525
2021-04-12 12:29:57.610599,145.0700497335868,147.50248075037518,144.84501352432142,145.08243805727884,1484437
2021-04-13 12:29:57.610599,146.69010182909759,151.58004467809013,143.86804895136862,146.96335468022244,6294836
2021-04-14 12:29:57.610599,149.96288324820878,150.72684019394407,149.2440809048162,150.38463447776167,4799186
2021-04-15 12:29:57.610599,149.52448696412347,152.4276315652951,146.34340237663133,149.79975914847813,4186577
2021-04-16 12:29:57.610599,147.1347432421931,150.00349876147015,145.53030525651067,147.0511123262474,2072177
2021-04-17 12:29:57.610599,146.24479567143038,148.20327490266064,143.8996252788754,145.7278040175866,5413958
2021-04-18 12:29:57.610599,144.264836902292,144.11099552192084,143.0697175103441,143.7235222159079,2523211
2021-04-19 12:29:57.610599,145.84134121823615,146.76202203118868,140.38259406096728,146.39152789900157,9976353
2021-04-20 12:29:57.610599,147.75971212260552,149.20796796601365,145.60874127142614,147.16625533487874,9365158
2021-04-21 12:29:57.610599,148.79817681199154,148.4277382243442,145.65407647355167,147.6479819852291,5230050
2021-04-22 12:29:57.610599,149.57172282902366,151.72709722956344,149.5147705123462,149.73405568532814,9539945
2021-04-23 12:29:57.610599,147.1480476113522,150.86356278253695,147.92164907573468,148.2854144385379,3343839
2021-04-24 12:29:57.610599,148.95774454321796,150.90320246399554,148.62348323814794,149.51432052115447,1436807
2021-04-25 12:29:57.610599,152.1983027493688,152.59958182444,152.11517695765866,152.2473405789931,6473602
2021-04-26 12:29:57.610599,153.41603582439953,156.76265655354842,152.36622680170544,154.89045590696685,2607557
2021-04-27 12:29:57.610599,157.6744708848218,158.95762929102082,157.07229646452507,158.29714210405507,6845298
2021-04-28 12:29:57.610599,159.5366979986924,159.3875254731922,158.3309435463219,158.80284149216865,9634344
2021-04-29 12:29:57.610599,158.24048260824887,160.4605432017683,154.42227621667416,158.2894642453086,8504234
2021-04-30 12:29:57.610599,159.49616466604618,162.73941185914748,155.1912262836579,159.24985856110453,6367789
2021-05-01 12:29:57.610599,158.81060816039906,158.2019165562517,155.7825655560079,157.65965618677498,3930421
2021-05-02 12:29:57.610599,160.10801260818775,158.42901307234405,155.53184555152475,158.0205115519673,8275606
2021-05-03 12:29:57.610599,160.61251989868288,161.06385798004584,158.15250100110643,160.28812394832212,3464208
2021-05-04 12:29:57.610599,162.10031773437157,162.1453327172465,159.16989364618888,161.1229136106038,5016503
2021-05-05 12:29:57.610599,161.47607578805736,163.98290500640343,162.4157280769033,163.311059429491,3919693
2021-05-06 12:29:57.610599,159.6145355547544,162.45006239258416,158.91699505135244,160.43029260258075,3159090
2021-05-07 12:29:57.610599,163.55516819692255,163.26731341185408,161.8652353645578,162.957464062672,8409609
2021-05-08 12:29:57.610599,163.52535031845687,164.05137435658713,163.2009156328703,163.8772469283478,6551420
2021-05-09 12:29:57.610599,163.79307414733336,165.53434518186268,165.15127024181794,165.27714812289088,8460914
2021-05-10 12:29:57.610599,167.0702076002296,171.9155308314457,166.80412284957885,167.21978944118493,9646771
2021-05-11 12:29:57.610599,167.5718163997883,169.24898245166833,167.45209048711672,167.64371711867443,7867954
2021-05-12 12:29:57.610599,166.61318308330428,169.25843488307123,166.75473615905722,166.93786588497298,7797442
2021-05-13 12:29:57.610599,170.95689624055512,172.48292892486512,168.86116471621108,170.43765448311137,9131610
2021-05-14 12:29:57.610599,170.33167033776365,173.93487668741412,168.8557683303919,170.58998732636232,7470205
2021-05-15 12:29:57.610599,171.89959616091653,175.06797014339358,172.08152483638486,172.85797606752135,4106562
2021-05-16 12:29:57.610599,173.7339598852149,174.75342515310246,170.69380501119832,173.35736623028168,3814712
2021-05-17 12:29:57.610599,175.1058402180918,174.52368385937032,172.65376137377015,173.99282387293957,2958196
2021-05-18 12:29:57.610599,175.93428499163957,176.5284833275614,176.1407138926014,176.35476780164961,1947565
2021-05-19 12:29:57.610599,172.69340153691712,175.8815550124393,173.20233857100627,174.65138880984418,8706954
2021-05-20 12:29:57.610599,172.3445507609653,173.55818337909895,171.35682025629862,173.10359078309915,1675168
2021-05-21 12:29:57.610599,171.0272734873131,172.39736729581418,169.31037440488595,172.11531894467663,6305606
2021-05-22 12:29:57.610599,173.00849733243757,175.80225709912412,171.639708905289,173.64187507367657,9150496
2021-05-23 12:29:57.610599,177.0733351842507,176.3089112661186,172.49385455765656,174.73707913487863,9365859
2021-05-24 12:29:57.610599,173.32611238891894,175.17222884941884,171.49704653472537,174.2386115097568,4657117
2021-05-25 12:29:57.610599,174.17321509134686,176.43953976218293,170.43899561036463,174.70711727877764,9018724
2021-05-26 12:29:57.610599,176.81484561031488,178.79456067275876,171.9476777449807,175.89518930186307,3813528
2021-05-27 12:29:57.610599,178.1794206026193,177.52719941693954,176.83030021645266,177.5081506172506,2484691
2021-05-28 12:29:57.610599,177.5474668214388,178.91196488426255,177.58767052548882,177.93080037297239,9420540
2021-05-29 12:29:57.610599,175.86219678374545,177.02907146159416,173.07088470627903,175.49090878328428,1690058
2021-05-30 12:29:57.610599,180.02457779228843,178.7104156432599,177.79403243206926,178.45236157346915,3518641
2021-05-31 12:29:57.610599,175.10179028872545,174.95684147307014,173.13753108829016,174.94870765061887,3859904
2021-06-01 12:29:57.610599,174.6511774044044,178.10596020311078,174.68772033954147,174.92930356311618,1772293
2021-06-02 12:29:57.610599,180.3176724641539,181.46622509428187,179.45301563898153,180.5136892031986,6722991
2021-06-03 12:29:57.610599,179.12496277381845,178.34696604611878,174.87024790626702,177.92051718986053,9256345
2021-06-04 12:29:57.610599,177.7182889409928,180.29845886600108,175.53912132508756,177.45329723756402,2033261
2021-06-05 12:29:57.610599,173.19366805562134,174.71772797154492,173.26496562923907,174.6611271916974,1485931
2021-06-06 12:29:57.610599,176.6026821097474,178.71074810108624,177.3305589490369,177.5663135279909,7449735
2021-06-07 12:29:57.610599,173.58323593634987,174.98660228588588,173.07505943148277,173.95737825767557,5957971
2021-06-08 12:29:57.610599,174.53047303992176,174.99382234700147,170.33369501712937,174.09678941505499,2016341
2021-06-09 12:29:57.610599,174.24934360451036,173.163448751859,170.59918055986617,172.53455402172682,5284625
2021-06-10 12:29:57.610599,172.65550314309678,174.12094332650625,170.63069289116723,170.7437736608743,7796813
2021-06-11 12:29:57.610599,173.81201174361104,173.74593053627441,171.8011917790605,173.66958628676224,7304841
2021-06-12 12:29:57.610599,172.46206861664987,171.92764273858467,170.19643559235922,171.8405744143865,3790580
2021-06-13 12:29:57.610599,172.0505426488607,172.98254672623037,168.8601114345572,172.32150809146063,1351449
2021-06-14 12:29:57.610599,166.71814150378762,167.91224953812693,165.7310537671941,167.57953716118044,2943562
2021-06-15 12:29:57.610599,172.52971182481892,173.230497120245,171.2362523620854,172.39493210557504,3252337
2021-06-16 12:29:57.610599,173.23955461651272,172.9167363529648,170.89674709233475,172.59725422927434,5740126
2021-06-17 12:29:57.610599,177.5117795152037,178.00301483972444,177.4699744535549,177.55632575206795,3483953
2021-06-18 12:29:57.610599,177.78932501180145,179.30883798838153,177.03096168796318,177.85203360026082,1918433
2021-06-19 12:29:57.610599,177.84838571851768,177.34907167558615,175.6204927123054,175.68125591716324,8355676
2021-06-20 12:29:57.610599,174.806717896111,175.07768003029702,172.32169749664885,174.57898370624835,3316598
2021-06-21 12:29:57.610599,177.22182345948352,180.03561806667676,173.51196994316598,176.28981531733746,9484039
2021-06-22 12:29:57.610599,176.08989406356608,178.3315326233323,174.29494010091076,177.4428588470176,7899989
2021-06-23 12:29:57.610599,178.1014921039305,177.91497640049633,177.14408378899756,177.53385903246667,1535938
2021-06-24 12:29:57.610599,180.71960628566208,183.33912543070036,179.80152108218988,180.20585729734543,2881821
2021-06-25 12:29:57.610599,180.7239064957184,181.01885413019977,178.81427355466477,179.74389806280382,9026020
2021-06-26 12:29:57.610599,175.04818828585775,175.5119528954898,172.61927519803194,175.20369689236725,1294179
2021-06-27 12:29:57.610599,177.47926866539134,180.19417874253463,175.90097340618337,177.05440462880756,1193734
2021-06-28 12:29:57.610599,177.87261665187248,181.1494423966769,177.4167569117297,179.1882037123904,5951326
2021-06-29 12:29:57.610599,178.44068330446294,178.31381937199882,175.66760415077633,178.1190195538664,1211315
2021-06-30 12:29:57.610599,175.28847812772958,177.70407378729027,175.18683599703155,176.9616270489512,4902223
2021-07-01 12:29:57.610599,181.0904882474141,181.51487084303645,178.10444092765064,180.344923634245,1951477
2021-07-02 12:29:57.610599,180.94150322256144,180.5476239588413,177.09853278197977,180.12338099819,4788374
2021-07-03 12:29:57.610599,178.1193129986848,179.11694975822388,177.87881725943012,178.96898413223516,7115748
2021-07-04 12:29:57.610599,174.68524866460857,178.38005779271256,174.77146452547888,176.07457082653008,4252791
2021-07-05 12:29:57.610599,174.37565460984985,176.33137324093443,173.4247299852997,174.93261950388427,3864833
2021-07-06 12:29:57.610599,179.5020392231238,178.4751038850386,175.70184838453758,178.02688037073307,4901713
2021-07-07 12:29:57.610599,178.98784997788113,178.58128107938285,177.02821350089857,178.37288196783084,1106870
2021-07-08 12:29:57.610599,171.97238383101006,174.60093562136097,170.51363375880356,172.84342648150758,6691586
2021-07-09 12:29:57.610599,171.981619074913,174.96823688337238,170.20644671515288,171.9544048575197,8713086
2021-07-10 12:29:57.610599,171.10456488029644,173.92325212729213,171.7137177783033,172.86002289897183,8199094
2021-07-11 12:29:57.610599,176.8174953500117,179.1687503172307,178.14146033986302,178.2488077914414,3493990
2021-07-12 12:29:57.610599,176.0151614904929,178.72050948843327,174.04748634634467,175.31770598387848,1960008
2021-07-13 12:29:57.610599,170.2851320638688,172.20273824643544,169.54299215866405,171.11577493995713,9406345
2021-07-14 12:29:57.610599,173.1807729827147,174.02157460629297,172.01078000293558,172.76758011500482,3196962
2021-07-15 12:29:57.610599,169.90631385257024,174.70421035502983,170.19723558807598,170.8327615359987,5863937
2021-07-16 12:29:57.610599,168.01797006386215,168.71123761524635,165.29641060387786,166.98126837980988,7958164
2021-07-17 12:29:57.610599,167.52245221051575,172.25157770069228,166.07699551608746,167.2521287936994,9157769
2021-07-18 12:29:57.610599,166.38287174816392,167.93283033920383,167.227385646501,167.75096273405345,7056265
2021-07-19 12:29:57.610599,166.8292252676027,170.78776973755518,166.66458335775116,166.8953044602817,6803402
2021-07-20 12:29:57.610599,167.7140728450826,168.19065822875675,165.68203670568667,166.3110143301376,5093505
2021-07-21 12:29:57.610599,164.88700694057462,165.79907234405172,163.74927878128906,164.53289677964696,7512824
2021-07-22 12:29:57.610599,161.80554045590773,164.55626458359012,159.67192590952303,162.9214185261411,4435968
2021-07-23 12:29:57.610599,161.4806866811943,165.509831896128,160.20401079598324,160.87708848021816,6673047
2021-07-24 12:29:57.610599,163.58317353322965,162.9333288365721,160.30079752516636,161.60779301304237,3467422
2021-07-25 12:29:57.610599,160.7320492429794,160.1448914433514,159.23185987102383,159.6053920758527,5880368
2021-07-26 12:29:57.610599,155.77666236756505,157.7434001468678,155.47523016046264,157.04066668945248,8547581
2021-07-27 12:29:57.610599,158.34446717627145,158.75660558219678,155.83760873623908,157.92802229042368,5543195
2021-07-28 12:29:57.610599,157.23281526222482,160.67879209828527,156.34551369740686,158.50201017737922,9563491
2021-07-29 12:29:57.610599,158.67365481609878,160.29864852172838,159.1731948939011,159.63367146014394,9012408
2021-07-30 12:29:57.610599,158.92184439815898,159.6058090721044,157.46840475015233,158.4679608063364,8483650
2021-07-31 12:29:57.610599,159.2154280411878,163.06731919808095,155.63399173218136,158.9826687116021,2695973
2021-08-01 12:29:57.610599,162.24376892314447,166.71673029451037,159.50177240607545,162.58591264470675,9905855
2021-08-02 12:29:57.610599,163.70810860798915,164.16103489887576,162.78075371434483,163.7859164959434,7695708
2021-08-03 12:29:57.610599,161.84399408357368,163.23275325648922,159.61625110577245,162.10371272418485,3668749
2021-08-04 12:29:57.610599,166.2651640606841,165.97391232555702,165.06470791328897,165.87441620992706,4066365
2021-08-05 12:29:57.610599,164.82697878847006,166.8506171301074,162.19885484408167,164.93108960599056,4564964
2021-08-06 12:29:57.610599,164.67027899746992,165.30484922473352,163.1520759843389,163.5115773087898,4058558
2021-08-07 12:29:57.610599,161.5952113707011,162.13856421714516,158.69661795149008,161.26891031512093,4211291
2021-08-08 12:29:57.610599,158.27574503526046,161.7601953749437,156.47092938628205,158.88192659497355,1825502
2021-08-09 12:29:57.610599,155.9145707822602,157.3026054271189,154.9588468029157,157.27639482826902,2653833
2021-08-10 12:29:57.610599,157.8200868646825,163.45138945920837,157.66253438799623,158.68436764817022,1970160
2021-08-11 12:29:57.610599,155.63512469305135,156.8903057690759,155.28711366300448,155.6945280455808,4249083
2021-08-12 12:29:57.610599,150.96531622928308,154.0520997343649,151.54827580074166,151.87988812546124,3127544
2021-08-13 12:29:57.610599,150.4883289414019,151.26412835397196,148.55500008537075,151.2027648550543,3245545
2021-08-14 12:29:57.610599,152.06470613314272,152.65893681077216,149.39938674107887,152.14384700448537,4248982
2021-08-15 12:29:57.610599,149.61957993050697,151.02961328147308,149.3930950791979,150.20119575056907,2956415
2021-08-16 12:29:57.610599,148.95658478294604,150.29182216460833,148.8066744789748,149.09539505569035,5843273
2021-08-17 12:29:57.610599,149.784359599852,150.99972304809367,150.76001681598254,150.79028736991367,8685028
2021-08-18 12:29:57.610599,148.85332746888258,151.13414881795464,147.11727353626483,149.66084004701275,5280413
2021-08-19 12:29:57.610599,152.21533188927373,151.32766495266046,150.84885885517545,150.98719416663354,9792289
2021-08-20 12:29:57.610599,150.9838487024838,150.05935660209292,146.32229631546193,149.41981769995763,6269502
2021-08-21 12:29:57.610599,149.15941061636227,152.0826177996503,146.59250395104513,148.6063469928039,3530977
2021-08-22 12:29:57.610599,148.91393414117252,151.19214499128495,149.5269072672686,150.2467115311139,9027187
2021-08-23 12:29:57.610599,150.64727417310678,151.3551140983495,148.63872600993304,150.82400696940172,4931646
2021-08-24 12:29:57.610599,153.3621559465183,154.22999449417551,147.87796077073483,153.08732297922847,4976177
2021-08-25 12:29:57.610599,155.72521573822644,154.74601225902921,152.9588095075646,154.1556518496023,9356719
2021-08-26 12:29:57.610599,151.39029275938856,153.3180103786066,149.77585507615635,151.96193490115172,9237844
2021-08-27 12:29:57.610599,149.7236721736705,151.42834274523517,148.9206198155575,151.22438035306715,2719811
2021-08-28 12:29:57.610599,152.07806812091246,154.46741561405977,152.160042933676,152.6222598011691,6476207
2021-08-29 12:29:57.610599,155.99938324447555,158.6422270973672,155.76446344600222,156.3212776768189,4894882
2021-08-30 12:29:57.610599,156.41371547198875,159.38075477864876,154.54808832934998,157.68461623830484,1230927
2021-08-31 12:29:57.610599,157.790137982542,156.72904428563697,155.74316367575364,156.53116530408505,7561893
2021-09-01 12:29:57.610599,159.83690128679356,160.421046147495,158.73705525384884,159.14108147781877,3067655
2021-09-02 12:29:57.610599,159.3258178137153,159.26128554717005,156.88547964380044,158.52460746680268,8326938
2021-09-03 12:29:57.610599,158.17197699780436,160.68238095985143,157.82520765968033,159.1483843567546,2300832
2021-09-04 12:29:57.610599,157.25551309516393,158.72146349332098,154.6661460253089,158.46604725767673,7455761
2021-09-05 12:29:57.610599,155.85027993993643,158.10278260051217,156.47501880694105,156.51467676457364,1489454
2021-09-06 12:29:57.610599,155.54762165994126,155.90686161318513,154.46077298656542,155.85288843548784,7298204
2021-09-07 12:29:57.610599,156.88484769805115,160.20621118826412,156.67269167220465,157.1665120985774,6518691
2021-09-08 12:29:57.610599,157.18148921518042,158.02652130879886,157.29926632730488,157.36668306652285,8600809
2021-09-09 12:29:57.610599,157.21807052635714,158.52540631344309,154.8832384897617,156.94735615493934,1622801
2021-09-10 12:29:57.610599,154.44979820892493,159.40066027699055,154.79389395191578,154.86974047565127,2408764
2021-09-11 12:29:57.610599,160.27048146268237,160.18336211185428,156.32015051377613,158.51641365395693,8211471
2021-09-12 12:29:57.610599,157.54019281179202,158.47974956165726,156.1628242919312,158.3868385243074,1277888
2021-09-13 12:29:57.610599,158.65018168581793,159.11660942410353,155.08616760344253,156.23020961373268,2901865
2021-09-14 12:29:57.610599,159.2149530260364,157.46546652122467,152.06205789354394,156.0610090825628,2852632
2021-09-15 12:29:57.610599,156.06787971975237,157.33430678667426,155.45333531445226,155.9097327703941,2534182
2021-09-16 12:29:57.610599,153.16631356078938,155.32500730045908,151.4459141538063,153.98802407891299,1347333
2021-09-17 12:29:57.610599,155.112864256562,155.07178377135398,151.13784629575028,153.96125137018853,3925045
2021-09-18 12:29:57.610599,153.2455416958525,154.02799337740484,150.50087296592665,152.3080337277059,8791404
2021-09-19 12:29:57.610599,152.51944925452028,155.95299309831614,150.91344490718316,151.83846485817077,4323004
2021-09-20 12:29:57.610599,153.0550584274702,154.26116637118378,152.40855254660175,152.94949742862505,9230552
2021-09-21 12:29:57.610599,150.934711147151,152.1143633435907,147.01195005763756,150.09460465235804,6928109
2021-09-22 12:29:57.610599,149.41265599678633,151.0860287920137,149.95333705273546,150.3402013027831,6907650
2021-09-23 12:29:57.610599,148.91299161419445,152.92993884175047,150.39899788440084,150.50734567781592,9534142
2021-09-24 12:29:57.610599,147.9728322718151,149.70786721536524,145.52706925121265,147.46115094443047,1699882
2021-09-25 12:29:57.610599,143.7108967549038,144.15761069374065,140.27007488597886,143.71169710730166,7179905
2021-09-26 12:29:57.610599,140.6646321941444,141.62082630036926,141.46578191927284,141.60392270324422,7010097
2021-09-27 12:29:57.610599,142.54234995463412,146.79784349121002,143.00352590016166,143.97215003283557,4964718
2021-09-28 12:29:57.610599,143.17870673391153,147.55922536064426,143.29899657899497,144.51364685554975,1529347
2021-09-29 12:29:57.610599,143.58470080019072,148.90033174937642,144.07141150180883,145.28840855894606,4096261
2021-09-30 12:29:57.610599,148.7186938610243,148.71248208611246,146.5743833546086,146.80542502986995,4514325
2021-10-01 12:29:57.610599,149.5215358409599,153.1588775665985,147.68131712778765,148.96090746237317,4123351
2021-10-02 12:29:57.610599,145.12708523389657,146.43949819513108,144.28174170508143,145.6363661885407,7654290
2021-10-03 12:29:57.610599,145.00392431067374,146.90883473354444,142.2369558328993,145.50059259314887,6310927
2021-10-04 12:29:57.610599,147.9491305285103,151.98433610939438,147.94068251887717,148.61444722284477,1689766
2021-10-05 12:29:57.610599,147.63966982436216,147.74560360660195,147.14095036196517,147.58717624322796,7266912
2021-10-06 12:29:57.610599,144.21033956730003,148.31250762829535,143.69566664903147,146.35377415833906,5876158
2021-10-07 12:29:57.610599,144.5583272997849,147.7918493340129,144.30731946432127,145.03796940331597,2221007
2021-10-08 12:29:57.610599,147.26943682251783,150.0816280353394,148.22994520238151,148.84683251652743,6358024
2021-10-09 12:29:57.610599,148.45799351200208,149.85291037304538,146.86954262274202,148.17481183461877,5884350
2021-10-10 12:29:57.610599,147.63219462223245,151.17038241234684,142.95332549200225,147.37814007266627,6221177
2021-10-11 12:29:57.610599,147.43504896199624,149.45282184690478,146.2767229939578,146.28252651090466,5704679
2021-10-12 12:29:57.610599,146.5682572123087,146.85303073351315,142.40061756128182,145.09003316494784,4941999
2021-10-13 12:29:57.610599,143.06916820442194,144.09514557711228,144.0340566619382,144.04610175184905,3719967
2021-10-14 12:29:57.610599,140.95133583906616,142.7416625492489,140.92267564398207,142.45027739482154,1606164
2021-10-15 12:29:57.610599,143.0227706700023,144.82903038949655,142.3936203725295,143.95118255611365,4686227
2021-10-16 12:29:57.610599,142.7555288643057,144.77778576908108,140.72036012548617,143.19251046300505,3680285
2021-10-17 12:29:57.610599,145.97495660263286,145.9677165993977,144.88845978098757,145.73399593163214,4673126
2021-10-18 12:29:57.610599,143.69185230162006,147.09360414883298,143.5381685806281,143.9587334359688,7154569
2021-10-19 12:29:57.610599,140.47237338055223,142.13099845634773,138.40394604810908,141.04508561400974,6181200
2021-10-20 12:29:57.610599,144.67317445010227,146.31750814388758,143.0813065923189,143.46485731050342,4911651
2021-10-21 12:29:57.610599,143.65724124218005,144.6387191995186,140.23804588792808,142.75731836748756,9864980
2021-10-22 12:29:57.610599,145.63423602837864,147.91694509898804,143.4150839320309,144.6674597711613,1110378
2021-10-23 12:29:57.610599,143.27985470083837,146.06230789532276,139.78046986431147,143.97802736250608,2350961
2021-10-24 12:29:57.610599,145.17976576521545,147.57146674273906,143.91768337215163,145.0165396965045,3892049
2021-10-25 12:29:57.610599,144.63185424140187,145.29180894527013,143.92225205716196,144.6237086562744,9907635
2021-10-26 12:29:57.610599,143.6855722068041,144.93037535061674,144.2679790343873,144.32205028605006,5222002
2021-10-27 12:29:57.610599,142.21697181488025,143.84486550308898,140.46385961639083,142.46191779216664,4891087
2021-10-28 12:29:57.610599,141.5233191592699,143.77660414941852,139.79731131112013,142.06133954937644,7369367
2021-10-29 12:29:57.610599,139.8886745622827,141.65342473335775,138.66533892896751,139.00309400302405,9514724
2021-10-30 12:29:57.610599,140.46026399644393,141.92091844614458,134.53450779941667,141.36030650025592,3770274
2021-10-31 12:29:57.610599,137.1266564268733,142.35989164103745,138.17211283518424,138.8427020223709,5424125
2021-11-01 12:29:57.610599,140.20857779963387,139.64234919454915,138.54956905219768,138.79859745611617,4840557
2021-11-02 12:29:57.610599,141.97696443828127,143.3852990584128,139.12857876573435,141.1898098953,7344740
2021-11-03 12:29:57.610599,140.96375270817276,142.889245805368,138.10524133013448,141.71349675836058,9250508
2021-11-04 12:29:57.610599,142.7505623078635,145.92249742422752,139.93659180537367,141.87853290048082,7725292
2021-11-05 12:29:57.610599,139.06271064119335,140.65785039951942,138.7312884278824,140.36345665280578,7543656
2021-11-06 12:29:57.610599,140.9248425756076,143.81304124828344,140.50273385233947,141.07601104417358,3885838
2021-11-07 12:29:57.610599,143.1504379634002,144.81890224830553,140.36443016658183,141.91417164913983,4881073
2021-11-08 12:29:57.610599,141.70427093880286,141.54492541208504,137.90893826157208,141.34228310758792,4366162
2021-11-09 12:29:57.610599,140.6871888108632,142.97435277782398,139.92524380710802,140.4816675924333,4638901
2021-11-10 12:29:57.610599,143.12344959465383,143.17535435002554,140.76575548773002,142.80789971705804,4899817
2021-11-11 12:29:57.610599,142.45890094820047,143.28653966228907,140.5101651806788,141.36892586279407,5917752
2021-11-12 12:29:57.610599,140.69543349047478,142.5673064409417,139.76089291501495,140.9045865294719,2079447
2021-11-13 12:29:57.610599,144.15770816401172,144.76521471918386,141.67523184593836,142.4173813096262,6093499
2021-11-14 12:29:57.610599,141.9884188883361,144.91589383342804,142.0072686187193,143.34403254624416,5498691
2021-11-15 12:29:57.610599,139.73768499712784,140.6428079394725,137.49948600921576,140.0438960919932,3700537
2021-11-16 12:29:57.610599,142.04185760639234,144.1249388677148,140.06718678184384,141.19223655519323,7979413
2021-11-17 12:29:57.610599,142.78238127321535,144.071274820134,142.5483825148219,142.81818460763495,6630752
2021-11-18 12:29:57.610599,140.96867447563258,143.41258603909935,138.0189188791641,141.1125833583395,5361412
2021-11-19 12:29:57.610599,141.464096856092,142.57990724538485,140.20027549679295,142.04625304401844,4409233
2021-11-20 12:29:57.610599,140.56067295967003,142.27845105021635,135.74799029237377,140.3607239276064,8210728
2021-11-21 12:29:57.610599,139.04738918454436,141.75218929029668,137.41754861697046,140.02734684069904,9986608
2021-11-22 12:29:57.610599,143.87318357950804,143.4585849476942,141.19716341292684,142.08127411370768,7032378
2021-11-23 12:29:57.610599,136.24605365611313,136.714142283424,134.62867080975383,136.23287493803974,9732193
2021-11-24 12:29:57.610599,138.4038081114705,139.5650594287163,137.61195317522012,139.03898953805776,9367560
2021-11-25 12:29:57.610599,140.66794221626148,140.52421427194233,139.93510918666664,140.41670982072742,4593244
2021-11-26 12:29:57.610599,137.0058608213226,138.31700453503885,136.21728048848118,136.30641409227255,4237024
2021-11-27 12:29:57.610599,135.76990888226428,138.35601980490034,136.01189317689847,136.0397816449086,4011639
2021-11-28 12:29:57.610599,138.12749782102608,140.475194973488,136.18908344810652,136.73671433805146,2535907
2021-11-29 12:29:57.610599,136.43932285569744,135.84208654198696,134.52263848455198,135.25029365827172,9531048
2021-11-30 12:29:57.610599,132.13548049532145,133.07045252689832,131.56603863238703,132.18206483110345,1656388
2021-12-01 12:29:57.610599,126.62410120734286,128.19088823090513,126.44290012863027,128.13990003140367,3558489
2021-12-02 12:29:57.610599,128.19040663364066,128.75275783874667,125.73714586818846,126.92950857087646,2678222
2021-12-03 12:29:57.610599,131.54195163898927,132.35475854941998,129.3123064235711,131.57790513289874,1561880
2021-12-04 12:29:57.610599,133.20139941723485,134.14904766356693,131.07096901699038,133.24435832868392,3551828
2021-12-05 12:29:57.610599,134.6225661134167,134.9731289816557,132.59606733588893,132.64308667547814,4572589
2021-12-06 12:29:57.610599,131.37526891319908,131.17401456227424,130.01570684108836,130.22136926419907,5813497
2021-12-07 12:29:57.610599,137.86534688865203,136.8731134399583,132.57500892848668,136.06675555012288,6066861
2021-12-08 12:29:57.610599,131.10685908170584,135.448899438017,129.12370081535863,131.67189835677112,3130221
2021-12-09 12:29:57.610599,131.0007887540581,131.9874747777389,129.94596499475657,131.00686747400854,6642365
2021-12-10 12:29:57.610599,132.2105255660503,136.16938823057262,129.2325078973348,133.83662847275832,7781548
2021-12-11 12:29:57.610599,133.31191962986537,135.07659879822089,132.36815951380797,133.12420817912968,7565721
2021-12-12 12:29:57.610599,131.65635342418148,133.31734032644835,131.81824773893254,131.8472345926051,7684795
2021-12-13 12:29:57.610599,131.90066016288776,135.02421804913746,129.53053571046004,131.79363809232532,3333491
2021-12-14 12:29:57.610599,132.4829305744651,133.08087909661285,128.82654565228088,131.30382993668016,2001036
2021-12-15 12:29:57.610599,129.13311390852164,131.95440890756748,128.54528659620973,129.0491417961381,5210614
2021-12-16 12:29:57.610599,127.41610200730645,127.46588198525623,125.53445547805642,126.75818516283212,9764483
2021-12-17 12:29:57.610599,126.07273168848573,127.10799005784709,124.98931494188221,125.9659510531317,3989100
2021-12-18 12:29:57.610599,124.55289123870736,126.71536845468894,124.85107402476731,125.08077436349153,1533565
2021-12-19 12:29:57.610599,123.71175722886618,124.311250451408,122.74769633270046,124.13034404719087,8639111
2021-12-20 12:29:57.610599,123.64893091982808,123.71145338416646,118.55008686910163,123.28103290679628,3571454
2021-12-21 12:29:57.610599,124.436342805876,124.69242265609797,121.08974342798099,122.80223454669796,1110028
2021-12-22 12:29:57.610599,122.08894782275826,124.89527943265404,120.78486253711857,123.96290719663595,9995901
2021-12-23 12:29:57.610599,126.23823887201674,127.8246395907798,126.76396295401791,127.09661933176952,1081487
2021-12-24 12:29:57.610599,126.14243336328047,126.0156239433727,124.54140721333052,125.76965420069294,8653379
2021-12-25 12:29:57.610599,128.11866203736153,128.3223238143478,125.07698485421108,127.68145295703593,4992419
2021-12-26 12:29:57.610599,127.75269028832959,131.44254973524207,127.0489846381499,128.8038189869775,6312777
2021-12-27 12:29:57.610599,130.02550967499366,131.80964699366598,129.18891201842635,129.32774169279625,1560970
2021-12-28 12:29:57.610599,130.09004769829158,132.5221335679685,130.31902486411906,130.8852890023577,4786215
2021-12-29 12:29:57.610599,128.963367480196,131.92792395799654,126.3583638321939,129.10106032257713,4187991
2021-12-30 12:29:57.610599,127.65704014736218,130.14269662606767,125.89653008529733,127.90399665777471,6215440
2021-12-31 12:29:57.610599,126.47610330357433,124.7735818802633,123.11465805564197,123.99189072898126,6584324
2022-01-01 12:29:57.610599,120.94507230058856,121.7228653485305,119.21699919634672,120.62241154835861,7618951
2022-01-02 12:29:57.610599,120.3442174014993,120.9040674566413,119.11313693292395,120.71746280592154,1660190
2022-01-03 12:29:57.610599,122.41102879729543,122.65251201562869,120.08736038965374,120.69956182671193,9379610
2022-01-04 12:29:57.610599,119.91552496611888,120.96311782430404,118.48930878048655,119.60144887856282,6938569
2022-01-05 12:29:57.610599,120.66575656195786,125.64891094115539,120.75815080155508,121.6197805153941,3172333
2022-01-06 12:29:57.610599,117.12155554278897,118.05176404267023,116.54168299596908,117.54223606019798,9996323
2022-01-07 12:29:57.610599,120.96436044329805,121.2561903518497,118.139709545849,119.98225892704215,7037872
2022-01-08 12:29:57.610599,119.8454892139754,124.15479082515178,118.83509143660723,119.9063510190423,8416371
2022-01-09 12:29:57.610599,124.33221981683008,124.1494711906771,123.70307665755045,123.72211258283862,3803624
2022-01-10 12:29:57.610599,125.37899854373363,126.0089844743088,118.82386797996435,122.91975444814905,9483225
2022-01-11 12:29:57.610599,123.59227245944335,123.6363667074091,122.05103811708501,122.64054573768824,3302955
2022-01-12 12:29:57.610599,130.19578257719218,130.06136268650968,127.98527614158536,128.35197395567818,8851251
2022-01-13 12:29:57.610599,128.01126365566915,130.2422154806839,127.112562198021,128.3738867395823,3479183
2022-01-14 12:29:57.610599,126.30145436606267,126.74016782869319,125.17916637022168,125.76220051533103,4117398
2022-01-15 12:29:57.610599,127.65396091356928,130.09580142905727,125.55938018667887,127.23444536855376,8724432
2022-01-16 12:29:57.610599,126.86911171000963,129.64246948447715,127.26945746875562,128.00200433869597,9901664
2022-01-17 12:29:57.610599,124.19490213495861,126.70336323377357,124.05035626453395,126.51567004525526,9686434
2022-01-18 12:29:57.610599,124.64710382100102,126.20919467969497,124.64887354423952,125.58921852878484,2942389
2022-01-19 12:29:57.610599,125.0652365181391,124.41637270172963,121.86803700427657,123.8219534218415,4507632
2022-01-20 12:29:57.610599,122.80645882843469,126.96746422075972,123.65631477791352,124.57489622413968,2311478
2022-01-21 12:29:57.610599,124.05398449298391,124.02704746791446,121.65968552134754,123.70924177595008,1697222
2022-01-22 12:29:57.610599,122.69625407026281,125.76358658069607,123.1193799458241,123.22124147171247,1951623
2022-01-23 12:29:57.610599,124.68663018591519,127.63827254821928,122.94286983489143,124.36117372931575,8703014
2022-01-24 12:29:57.610599,127.73148134131492,127.75463504816285,125.40831424572004,126.59985795876297,6684855
2022-01-25 12:29:57.610599,127.37685434719636,128.27791982462372,126.89658646646504,128.10417834638147,8052458
2022-01-26 12:29:57.610599,127.64673947810574,128.76811800202444,124.05915384331324,125.74888741810686,8801659
2022-01-27 12:29:57.610599,128.57727123322013,130.6949060499458,128.30021596303712,128.79819007163832,6494582
2022-01-28 12:29:57.610599,130.7530693784155,131.6036060345087,128.2702515463976,129.07437237202794,3003738
2022-01-29 12:29:57.610599,129.24187117673912,133.02355472383204,130.226947350401,130.90282922345693,4163307
2022-01-30 12:29:57.610599,134.6770577119218,134.71542060510941,133.43316594452577,134.52037241911165,5820896
2022-01-31 12:29:57.610599,134.5403367248838,138.3402947828852,134.52752093272332,134.85385550268373,2087399
2022-02-01 12:29:57.610599,138.19809064061423,138.65848815600194,137.25819785389965,137.72279227460854,9161716
2022-02-02 12:29:57.610599,137.02455633924836,139.15561100028987,135.65244109824408,136.87720247693892,6850548
2022-02-03 12:29:57.610599,136.8672330982286,141.3738049680429,135.87287204232933,136.86045692816288,3802577
2022-02-04 12:29:57.610599,136.4049287457969,137.94206386443352,132.46236918983814,135.5344785336408,8803520
2022-02-05 12:29:57.610599,137.30451713189797,135.79123313561064,135.35397171698835,135.44190919524289,1536786
2022-02-06 12:29:57.610599,138.9222875389187,140.15727044830928,136.97666216730033,137.76860615523165,9515430
2022-02-07 12:29:57.610599,136.39243009088972,136.9044363752778,135.48942497797577,135.5531870668722,7573904
2022-02-08 12:29:57.610599,139.93132691202592,141.09236539848894,137.8862736807659,139.8503556647362,8676790
2022-02-09 12:29:57.610599,137.23483936368424,137.24281491762923,135.88090655734584,137.1053179298663,1527256
2022-02-10 12:29:57.610599,139.27578133901733,143.5321016163579,136.4432286342001,139.8267287146799,2660678
2022-02-11 12:29:57.610599,138.20905227657013,138.45128271699738,136.19072425660485,138.03110979470904,7525642
2022-02-12 12:29:57.610599,137.08572357523204,137.84922919355571,137.58792433310728,137.8280338511912,7942831
2022-02-13 12:29:57.610599,136.51665321256428,137.6948587011105,136.18381674021808,136.93102456392626,8971834
2022-02-14 12:29:57.610599,135.3016700969352,135.76958564947543,133.0524471541404,133.90170601190107,3133205
2022-02-15 12:29:57.610599,134.0255911587422,138.0464193591606,135.4873100795969,136.22603823956808,5445957
2022-02-16 12:29:57.610599,134.50903474653046,136.09566783082974,134.18230898450437,135.50992299314635,8847834
2022-02-17 12:29:57.610599,136.37370639911947,137.17239054707275,132.44871346825116,136.686554926932,6505127
2022-02-18 12:29:57.610599,136.42398975196448,138.44508141232754,134.06603671391144,136.0400977819186,5631767
2022-02-19 12:29:57.610599,133.24217947515044,135.12634141287487,131.90815999368704,132.19265217954703,7068070
2022-02-20 12:29:57.610599,130.93489608298086,133.95060801338593,129.88616918429796,131.9710366875725,9263986
2022-02-21 12:29:57.610599,132.56213022115767,132.36219316236253,131.3836128029165,131.70962679089462,3877512
2022-02-22 12:29:57.610599,130.73702527537006,132.1827577621543,128.65929175993506,129.93118417107107,4392859
2022-02-23 12:29:57.610599,130.09535568779106,131.6581050255026,127.42095185806241,131.15073936515716,9928816
2022-02-24 12:29:57.610599,130.64056362456105,129.95534747158666,128.66314562850351,129.1387529645563,7467384
2022-02-25 12:29:57.610599,131.6769898184369,133.4400952590924,130.91196577177612,131.51625832814278,6503840
2022-02-26 12:29:57.610599,131.66850273075607,137.80736495543763,131.53927215562766,133.81348446091724,6872404
2022-02-27 12:29:57.610599,133.38445369261902,132.96689274215083,131.2032913977701,132.70775142242138,4897006
2022-02-28 12:29:57.610599,135.74585109448537,135.35518084792335,132.907142839234,135.02923174543804,2613315
2022-03-01 12:29:57.610599,129.34525946757992,132.49337188037293,128.17080061179118,131.33454579042836,1340165
2022-03-02 12:29:57.610599,134.8548493324011,134.8743277084111,133.83867561194347,134.00614139220457,2922079
2022-03-03 12:29:57.610599,138.11491723431874,141.8907221382684,134.43367660640658,137.82021119393977,7099567
2022-03-04 12:29:57.610599,142.2890391314203,142.42774181387895,140.27600280778603,141.90071565962063,1501177
2022-03-05 12:29:57.610599,141.81983663947187,144.882579669491,142.48625307404288,143.1254130592198,7756525
2022-03-06 12:29:57.610599,146.09664955102224,148.06215556749785,144.25022763065024,145.8008657078833,9042002
2022-03-07 12:29:57.610599,144.77977010240346,147.11547895944778,145.83330477959922,146.4519790601936,7200504
2022-03-08 12:29:57.610599,147.29545714926707,148.74830373017681,145.60848750139002,147.0378698075584,9880000
2022-03-09 12:29:57.610599,149.57060079345948,149.1270000236618,144.98488471822142,148.42040618946913,7523711
2022-03-10 12:29:57.610599,143.9144352987372,146.87983822393895,142.33335597351254,145.31517452390452,8331556
2022-03-11 12:29:57.610599,145.03276291629595,145.56869304824102,143.21224848481373,144.87163772784038,6986812
2022-03-12 12:29:57.610599,140.6630532572528,142.20187642634778,138.24284922730845,141.239408054295,9239314
2022-03-13 12:29:57.610599,141.00166035509113,141.9213666933824,139.77174026554195,140.52421721073267,3287671
2022-03-14 12:29:57.610599,139.836030583746,141.34922567105167,138.23125085394832,138.82700115059822,6466131
2022-03-15 12:29:57.610599,138.61198985189762,142.04356189328078,138.38304679688787,139.01884356425956,1207909
2022-03-16 12:29:57.610599,140.6994066599629,144.9062992564347,140.29765929704803,142.53006106390055,8617584
2022-03-17 12:29:57.610599,143.25967639097757,143.42255032107784,140.7128038884693,142.73201908409808,4657554
2022-03-18 12:29:57.610599,140.61288296128842,143.58846776121294,139.29606158086617,142.9598878278654,4938821
2022-03-19 12:29:57.610599,143.12087718664296,146.5512366347878,141.80746720180642,142.49521097225926,6053155
2022-03-20 12:29:57.610599,146.9448709749292,147.8744375503439,142.4369841596957,144.631728209685,1538480
2022-03-21 12:29:57.610599,145.94995946913366,147.18676631614215,142.05644711857784,144.55717357263896,8846105
2022-03-22 12:29:57.610599,143.26214353320566,145.18747960412304,140.5684641109457,144.09798083691862,6567148
2022-03-23 12:29:57.610599,141.05553229493174,141.01278815679967,137.37368931454563,140.4631840556691,6961940
2022-03-24 12:29:57.610599,142.76927955337948,143.18022230002018,141.40574808337183,141.56298080708729,7341068
2022-03-25 12:29:57.610599,141.2842637819891,142.8255603379808,140.27044220856348,140.30863834477546,5373270
2022-03-26 12:29:57.610599,140.95540023352396,143.00012644886831,141.69144622792393,141.83251076361395,8191222
2022-03-27 12:29:57.610599,146.11870961123782,146.72631484882712,145.4525664565367,145.7179277611003,6204714
2022-03-28 12:29:57.610599,143.08858437819745,143.45540050305746,141.88371684971165,143.45386380714015,6877940
2022-03-29 12:29:57.610599,140.30556065070044,143.2690770256553,140.54756655109907,141.8377553824625,4320889
2022-03-30 12:29:57.610599,145.74992569000614,146.05252456946258,145.36309208290393,145.62892907029675,9023959
2022-03-31 12:29:57.610599,143.87977937884943,148.33315067484003,143.1449784743306,143.40009690609745,4511969
2022-04-01 12:29:57.610599,145.95527902441114,146.47914911538706,145.601963555288,145.9745197775043,6739824
2022-04-02 12:29:57.610599,148.9698211067353,151.43492143330064,146.3391149855456,148.30339348353675,5410034
2022-04-03 12:29:57.610599,150.3813148890511,149.3695678584283,147.69064899950456,148.6666196110713,1257289
2022-04-04 12:29:57.610599,148.95046242104752,151.25867147976064,147.1036980327852,150.0593943615029,3474574
2022-04-05 12:29:57.610599,152.5675881217923,154.84476320789503,149.99110252056855,152.7770352333499,7628873
2022-04-06 12:29:57.610599,153.24324601131514,156.19469170014997,149.68820229238858,153.18474095539275,9971350
2022-04-07 12:29:57.610599,152.45127728295355,152.59819604837304,146.16265567739617,150.60249965063326,4662934
2022-04-08 12:29:57.610599,152.34579068489882,153.53477792746654,152.782875487914,152.86586017677973,9210262
2022-04-09 12:29:57.610599,152.34425276069226,152.7094572782919,150.7695607453426,152.18186173124903,9479606
2022-04-10 12:29:57.610599,151.60523280329986,152.86899043299977,147.11626220578952,151.67503194133417,8691937
2022-04-11 12:29:57.610599,151.3469166651581,151.4238223420753,148.89660044936335,150.36294482652212,6128428
2022-04-12 12:29:57.610599,156.40398678025784,158.44050900709834,152.25019336578356,154.91727071883702,7242272
2022-04-13 12:29:57.610599,150.52859073971786,152.13557701640937,148.51787453732058,150.6421399353447,6917238
2022-04-14 12:29:57.610599,152.94124481436458,155.9625506180483,152.94023461005878,153.41301746967724,7963301
2022-04-15 12:29:57.610599,152.12415830486532,154.54767792275754,149.77497758469917,152.81798261929427,9477453
2022-04-16 12:29:57.610599,150.5083567330674,150.08872769925324,148.7962930396682,149.86102713961336,5244229
2022-04-17 12:29:57.610599,152.14190119438993,153.50042595263463,150.0003351658822,151.23891843385118,4828747
2022-04-18 12:29:57.610599,152.04626187678898,153.95981643495978,151.01172954139676,152.46922594613463,5628628
2022-04-19 12:29:57.610599,154.22778678281196,156.97062940202366,149.87204736639535,155.26929268192913,6315740
2022-04-20 12:29:57.610599,157.81224421719764,157.2724102025953,156.59297751344985,156.97673052715083,8575904
2022-04-21 12:29:57.610599,157.58436002561746,157.21592540511244,150.31190390792858,155.16045950139184,2291632
2022-04-22 12:29:57.610599,154.3917255448174,158.84646157577686,153.19814137883117,155.3042275408203,1396825
2022-04-23 12:29:57.610599,155.88508001989692,155.87983965173507,154.0642235501182,155.37627674501468,9559605
2022-04-24 12:29:57.610599,157.3869534266752,158.7126505859137,154.70983510792163,157.8598016562724,9615937
2022-04-25 12:29:57.610599,154.7942270168793,156.85070729451186,152.89806923872695,154.76286421660132,3010461
2022-04-26 12:29:57.610599,154.46628942969815,154.46198184206258,152.1064574368808,154.28671326115133,5102336
2022-04-27 12:29:57.610599,153.81748219815412,155.9263618738174,149.7471068207132,154.5062240710239,9898791
2022-04-28 12:29:57.610599,152.18666084290396,152.76054126179363,151.1271678044272,152.6593054125263,4320295
2022-04-29 12:29:57.610599,151.45598906627535,151.3952899121878,149.71244889430167,150.97230233116866,3816868
2022-04-30 12:29:57.610599,152.49153234512968,151.21615847608032,149.0172651007091,151.11494285544399,7505907
2022-05-01 12:29:57.610599,146.76277797702593,147.84929667973864,146.08752736171746,146.94810789766242,8120549
2022-05-02 12:29:57.610599,145.4984838076135,144.6852320993016,141.35035050534145,144.64520043827918,7739779
2022-05-03 12:29:57.610599,143.42259926645033,144.82556470575045,141.57981609234798,144.39118728775765,6686699
2022-05-04 12:29:57.610599,146.2682182305582,146.47049896486686,145.6138945049056,146.15089297760358,2021043
2022-05-05 12:29:57.610599,147.50769504698633,147.32740897034725,145.21596998506294,146.82805958358765,6831560
2022-05-06 12:29:57.610599,147.30643541744266,149.92899831555593,147.1413631953039,147.73319612843372,6467750
2022-05-07 12:29:57.610599,153.40873497920734,153.75121117803957,149.35186666850856,152.3124987927951,3956845
2022-05-08 12:29:57.610599,152.69508069750046,154.38415619296467,147.14102230104507,150.73550404792067,3323732
2022-05-09 12:29:57.610599,151.32962792782305,154.2628818625241,150.737554819733,152.95021082373063,5450436
2022-05-10 12:29:57.610599,154.44180836541224,153.87781689034054,152.67660452643355,153.54333539571132,6001316
2022-05-11 12:29:57.610599,150.63221708802013,155.6238604480738,147.92855693852437,152.26158966510135,1054268
2022-05-12 12:29:57.610599,153.21110701249745,155.63605260962362,151.97504803782735,153.9452792895575,4346818
2022-05-13 12:29:57.610599,155.0978977327554,154.7005791499691,153.97700234818245,154.4320231603981,4901460
2022-05-14 12:29:57.610599,158.03996176261768,157.49402089811375,156.03707464997206,156.3852608492812,7330487
2022-05-15 12:29:57.610599,156.78098400491479,159.8127069484788,156.15355995243087,157.12951849250925,1606767
2022-05-16 12:29:57.610599,155.11875522945726,158.44786738830007,155.90226902054482,156.6435794694485,9628894
2022-05-17 12:29:57.610599,158.467822980702,157.0770043690296,154.55392445459088,156.57329937811497,7733398
2022-05-18 12:29:57.610599,156.63291305998737,159.31218142443672,156.5115325223472,156.9838232721179,9629425
2022-05-19 12:29:57.610599,153.0431732844292,158.8171830979313,152.91684415751314,154.3037089802021,8904217
2022-05-20 12:29:57.610599,151.2365773885754,151.33893429073137,150.3484312061555,150.84675727347152,8271767
2022-05-21 12:29:57.610599,154.01123601278712,157.38831786244208,153.0910045426389,153.84576056200285,4442313
2022-05-22 12:29:57.610599,154.62451330647977,154.45263418371673,152.60548926527784,154.07713621180213,5263338
2022-05-23 12:29:57.610599,157.18266979035013,161.2517723813672,156.33902917311812,157.82998197877964,2307855
2022-05-24 12:29:57.610599,156.56064713404766,157.87177307387225,155.6482190147106,156.7911572926538,4624572
2022-05-25 12:29:57.610599,161.02729553119767,162.02432671986128,160.1414109955688,160.87827736717148,4365036
2022-05-26 12:29:57.610599,160.578839532829,163.15127290863896,159.22780420304144,159.98003117116457,5367643
2022-05-27 12:29:57.610599,157.63033914765228,159.5697341745275,158.18591762293727,158.9161158313063,6018253
2022-05-28 12:29:57.610599,155.08938135137916,155.92292800677941,151.94778606401096,154.16836512582083,2063342
2022-05-29 12:29:57.610599,158.72281086856106,158.1899167001006,156.60237541920773,157.5220978826801,5248634
2022-05-30 12:29:57.610599,156.5668744406288,156.72344457793588,155.0484836848673,156.49802718033698,6038671
2022-05-31 12:29:57.610599,155.1635327300261,154.84645072445227,149.55161062447243,154.50646053194728,7904840
2022-06-01 12:29:57.610599,159.32703758292934,163.37499940899883,158.55170791224728,159.18240297916532,4015695
2022-06-02 12:29:57.610599,161.86294484372402,163.95575006875887,158.95368180416605,160.3427473682472,8725076
2022-06-03 12:29:57.610599,159.74609801321196,161.78483227808047,159.9033546937841,160.9307737232877,3282288
2022-06-04 12:29:57.610599,162.99432002579167,163.03324572996763,162.1973902730346,162.3323849234725,5648720
2022-06-05 12:29:57.610599,163.12297445455133,163.07019171301562,161.5932300643467,162.98810153452223,4843957
2022-06-06 12:29:57.610599,164.6069011799462,165.3637619553498,163.95957188945835,164.63091407365917,5220093
2022-06-07 12:29:57.610599,166.84359152359292,167.76391112236544,166.23758304295768,166.49348400031153,7697486
2022-06-08 12:29:57.610599,164.78066533553257,166.9914568904313,164.36821117585197,166.00014665445542,5438478
2022-06-09 12:29:57.610599,165.14915776900006,166.53578244446496,164.40002575899658,165.94683483222136,6161949
2022-06-10 12:29:57.610599,166.80900203644867,170.75078352244802,166.57035708684862,166.92572912324403,8240826
2022-06-11 12:29:57.610599,165.45701633717596,166.42516311156055,163.6138646470851,166.36368036778808,1079398
2022-06-12 12:29:57.610599,169.63637867105467,171.82650384449545,163.4995204002655,170.319962787103,5188640
2022-06-13 12:29:57.610599,169.08916377056215,171.16158837820734,165.83058094793756,170.20230977437313,7774992
2022-06-14 12:29:57.610599,173.7128503961586,173.72492482028963,172.7072152256579,173.0353669821796,7049292
2022-06-15 12:29:57.610599,172.12013908902927,173.8038160002778,171.57766875186067,172.4877097308016,4335723
2022-06-16 12:29:57.610599,169.29356240549004,172.00427737323494,168.84233251338424,170.8456919971239,2251588
2022-06-17 12:29:57.610599,172.69437025677786,171.69742949924418,169.85516026252486,171.17915550718266,4481423
2022-06-18 12:29:57.610599,171.44963635722775,173.61837752067967,170.44245652882196,170.6447937892379,2003225
2022-06-19 12:29:57.610599,168.35629353088217,168.42417600781164,166.89003948582632,168.25252683939323,4460767
2022-06-20 12:29:57.610599,171.5137523868712,173.1118119415454,170.03379675137103,170.8458205213986,1413305
2022-06-21 12:29:57.610599,170.67520728672434,173.9447158408295,170.60456017026894,170.63518276732583,1657588
2022-06-22 12:29:57.610599,169.6638904904035,171.36703116256268,168.14371330288014,170.86333024046192,6803906
2022-06-23 12:29:57.610599,170.6986534988022,170.59471182857112,167.37328094009223,170.4805919261728,2824674
2022-06-24 12:29:57.610599,172.76071692480085,175.49078911259716,172.3338943417852,173.11670763455453,1341675
2022-06-25 12:29:57.610599,170.76303298387734,174.81847845946743,171.1668333624259,172.67523726300738,6258048
2022-06-26 12:29:57.610599,172.00867332959,174.9468795206892,170.56952858236434,170.8913025273843,7396260
2022-06-27 12:29:57.610599,173.26466826591036,177.34366039535985,171.58123024091628,172.60754330998304,2981811
2022-06-28 12:29:57.610599,172.2287290896643,174.7114555908444,169.35235813676033,173.29900073394347,8127841
2022-06-29 12:29:57.610599,171.5454834151543,172.87206439029953,169.1328682618228,171.27225416218567,5019713
2022-06-30 12:29:57.610599,170.36910137402552,172.80483023272714,170.48360084867156,171.45488244890413,6407539
2022-07-01 12:29:57.610599,171.65846673942167,173.5907101191804,171.9593695899564,171.97631204979766,8792104
2022-07-02 12:29:57.610599,171.56057174344093,171.32290511113976,169.45569219830912,170.74713220249305,8310347
2022-07-03 12:29:57.610599,170.66727803887403,175.45192003789896,171.54333543218982,171.8304456099211,6824531
2022-07-04 12:29:57.610599,173.61876232632483,174.68337271469775,173.20664002440498,173.29270974541714,8190589
2022-07-05 12:29:57.610599,170.9276876772526,174.14508007242725,170.40431102950933,172.8510136783766,1144709
2022-07-06 12:29:57.610599,174.6139719887548,173.84447738299116,172.58717907787994,173.6491935088271,1875543
2022-07-07 12:29:57.610599,174.41036045087773,179.7424977424407,168.46507462661478,174.39588089892217,1237335
2022-07-08 12:29:57.610599,173.26039533089136,175.76813689037095,171.84960587008612,172.7734498608017,4498527
2022-07-09 12:29:57.610599,173.91180351420138,174.76841284775693,172.2878237891327,172.67331492012005,8952772
2022-07-10 12:29:57.610599,173.75631093393153,174.23101828265408,173.7144043275295,174.02010667610477,3256416
2022-07-11 12:29:57.610599,172.99267610569538,174.3657375609869,172.07643672300958,174.1447917025695,9728005
2022-07-12 12:29:57.610599,174.42604974221828,176.54823074278113,173.3361807948372,173.59050762192152,7283971
2022-07-13 12:29:57.610599,170.00313588234832,171.8385473454576,169.2576196963574,170.044092088269,1992699
2022-07-14 12:29:57.610599,169.11830338938847,171.2496174097026,167.9077076594044,169.84742262976943,7112107
2022-07-15 12:29:57.610599,171.8008877536567,172.72925715266584,168.95933941699326,171.19242906113766,7627415
2022-07-16 12:29:57.610599,168.28792422457732,168.99857440882437,166.91095389756538,168.78288855053842,5660099
2022-07-17 12:29:57.610599,167.99752882727327,168.4039819025792,163.56714944784093,166.68129840182985,2835864
2022-07-18 12:29:57.610599,170.30110576027698,169.27808678998474,168.43416454876208,168.7577851181282,6251654
2022-07-19 12:29:57.610599,164.1794211268304,165.8390305745204,161.61612470778635,164.8787005159743,7821790
2022-07-20 12:29:57.610599,161.79172938481028,165.66362582141068,162.8583116757883,163.06429103627562,1573804
2022-07-21 12:29:57.610599,160.94908279900315,164.7573908039441,160.8631956820441,162.28066594150175,6381985
2022-07-22 12:29:57.610599,158.54801830522402,162.35559383599397,157.49772021569177,161.1200282991241,7005353
2022-07-23 12:29:57.610599,160.1921307672502,160.89816316512594,159.73656861843855,160.66892966294583,4997217
2022-07-24 12:29:57.610599,157.98807921923515,160.65691879438768,158.62285627544622,158.97465341792525,1672286
2022-07-25 12:29:57.610599,158.73904543838165,159.02894663583913,157.84359600398315,159.00267165135378,5981418
2022-07-26 12:29:57.610599,158.38439098693104,159.8430389185465,155.8875849542592,158.29032298272767,2505731
2022-07-27 12:29:57.610599,162.99577092478373,162.76947230525752,161.75349133473628,161.9810181921443,3694116
2022-07-28 12:29:57.610599,165.23329023306212,165.3923063700478,160.5828661001144,164.81945553818346,5662283
2022-07-29 12:29:57.610599,168.30569933003252,171.9854903658947,166.33606347979995,166.6831932819807,1851096
2022-07-30 12:29:57.610599,167.3158035640225,169.61282027104616,164.03148896306595,167.34605095678506,1283668
2022-07-31 12:29:57.610599,168.45701886065788,170.12499543060923,167.90938488123237,169.0483367184107,6796043
2022-08-01 12:29:57.610599,166.64769979792368,167.79268259816794,165.49689075736867,166.0684407094574,1933701
2022-08-02 12:29:57.610599,169.19064941607152,172.94948343158939,169.0840156371946,170.27728052091905,8138311
2022-08-03 12:29:57.610599,172.04605602800183,174.9181791122015,169.41235617172956,171.74894233584087,9380393
2022-08-04 12:29:57.610599,176.11310011160103,178.23700622652996,175.1008720321988,176.23158432743284,6454199
2022-08-05 12:29:57.610599,174.32493812445884,174.4047537449162,172.2818770541267,174.30715527398618,2862302
2022-08-06 12:29:57.610599,171.96801159029286,174.9589011903,171.83411757848933,172.7260988163483,7586453
2022-08-07 12:29:57.610599,173.02923881155834,173.92142572209397,170.13261424334664,172.36067963240785,5573136
2022-08-08 12:29:57.610599,171.74686564542301,173.48302113657232,170.79374132032137,171.76994995995432,9305229
2022-08-09 12:29:57.610599,172.27286131000616,174.4806241766789,169.1924274966128,173.2043163091045,3323675
2022-08-10 12:29:57.610599,173.2184065189555,177.90434130296637,173.28142109858427,174.80818256078274,6645217
2022-08-11 12:29:57.610599,170.95401760804228,173.67492236310494,170.8878109859207,171.8743143715817,9364061
2022-08-12 12:29:57.610599,170.77135435044661,172.19179322867615,168.3221753714271,169.8026035257919,4310869
2022-08-13 12:29:57.610599,170.65199204508608,170.8428634731643,169.38394921375422,170.19911602630674,9925982
2022-08-14 12:29:57.610599,169.47944181960048,174.1673807351609,169.17271979684602,170.69179155790573,2399919
2022-08-15 12:29:57.610599,168.15295351291138,170.866431166311,168.9159881014228,169.59541728747428,5797286
2022-08-16 12:29:57.610599,171.19119864407097,173.75361301235478,168.13432457860324,170.22505380749718,1802849
2022-08-17 12:29:57.610599,173.56005399797903,172.813464164449,170.7649803901736,172.48357924387267,2534433
2022-08-18 12:29:57.610599,169.0827882770391,171.08550208132814,166.51360519716312,170.3647786172291,2167506
2022-08-19 12:29:57.610599,167.85448979542187,169.9651871075347,167.5679599999195,167.92436536321208,6601283
2022-08-20 12:29:57.610599,167.893975879666,170.3184860237951,167.48774787293195,168.9774367773599,6345895
2022-08-21 12:29:57.610599,169.74609827954814,171.6818928090715,169.5543423729044,170.58522459334557,8768753
2022-08-22 12:29:57.610599,171.11700554452528,171.40069957256526,167.05828791470032,169.55775866015028,9238579
2022-08-23 12:29:57.610599,170.3649165638959,171.8647657158812,170.063796924346,170.11527619109444,3158279
2022-08-24 12:29:57.610599,168.8487018699406,169.6285493793859,168.54507862195203,168.77018318376489,2189024
2022-08-25 12:29:57.610599,166.08348376985955,169.38220325369102,163.9680698884078,166.0336459511739,3691555
2022-08-26 12:29:57.610599,166.82181880767638,166.43578509334765,164.2696953025427,164.8297041921707,6822571
2022-08-27 12:29:57.610599,159.5739049744952,161.40652023947519,159.81580338304505,160.35394795290958,6973895
2022-08-28 12:29:57.610599,162.44324439588348,163.0998515699591,160.46511683292576,162.76201098944054,9123177
2022-08-29 12:29:57.610599,163.76679133169472,166.02670016843967,161.91033257156366,163.40662084162304,1728409
2022-08-30 12:29:57.610599,163.52989605652954,168.21113813000335,162.94030264731276,162.98127819187556,3169515
2022-08-31 12:29:57.610599,166.4984821316008,165.54823314536662,162.01166659679006,165.39063140919336,3697183
2022-09-01 12:29:57.610599,164.1874021454353,165.99837513898368,161.93497130206777,164.16759563271475,4842581
2022-09-02 12:29:57.610599,162.27047032786945,165.23977726425503,161.88429777125765,162.56902764771823,3819414
2022-09-03 12:29:57.610599,165.7414336102704,166.2630707664001,162.21725916222826,165.91558763844196,1251642
2022-09-04 12:29:57.610599,165.3366889748841,169.29763811637005,166.24199453488444,167.345646783005,7312906
2022-09-05 12:29:57.610599,166.97479485730398,168.07045869693087,164.68442850257134,166.4443375181031,9471471
2022-09-06 12:29:57.610599,169.41024084385288,169.5349846453232,168.77181173014236,169.49292057383684,4568578
2022-09-07 12:29:57.610599,168.4653910143286,169.48051176641016,166.1666984144435,167.86207508180146,4762113
2022-09-08 12:29:57.610599,167.09124157807662,168.25093754996885,166.0289101059347,167.38627830082606,3747201
2022-09-09 12:29:57.610599,170.56031030803945,170.95388876443727,170.320634863017,170.35415051808468,4891020
2022-09-10 12:29:57.610599,166.608658167931,166.91029859471473,165.52174410395318,166.1088506308866,7687528
2022-09-11 12:29:57.610599,164.825089455419,164.98949920654658,161.52890520128773,164.88316252051655,3090107
2022-09-12 12:29:57.610599,165.98263770934696,168.38092755470828,166.58482343609387,167.27425741817927,5343458
2022-09-13 12:29:57.610599,163.8844825869651,167.33453314120962,160.17163763489174,165.20400830761707,4873136
2022-09-14 12:29:57.610599,162.17140756789698,163.76856879502014,159.68964453243265,162.64771832218213,5569897
2022-09-15 12:29:57.610599,161.370429706824,162.73861427221468,160.88662948677486,161.68686863878094,5878282
2022-09-16 12:29:57.610599,160.18875326863161,159.91355983354995,155.33950532972793,158.45629359835692,5753924
2022-09-17 12:29:57.610599,155.5816718522205,157.30744568094534,153.96185433780283,156.31554871204878,8274272
2022-09-18 12:29:57.610599,158.28420079339364,158.36181785058847,157.6085852477661,157.82685817744158,2894419
2022-09-19 12:29:57.610599,155.18548063471835,158.55294990215103,155.8870441697107,156.95886206620168,9833987
2022-09-20 12:29:57.610599,156.38323373884455,155.2119577974781,151.7633769833019,154.34867326630786,1988999
2022-09-21 12:29:57.610599,152.01828347770314,152.9866467971618,151.13161051564222,152.7279221635012,1621630
2022-09-22 12:29:57.610599,151.17022057777112,152.54279783324438,148.41859636738698,149.7529798290564,4715166
2022-09-23 12:29:57.610599,148.3666684014255,149.99649256900605,149.12622314050708,149.75828575424765,8435714
2022-09-24 12:29:57.610599,151.91886725507894,150.74270066030763,147.01935143412777,150.48008135955928,5241688
2022-09-25 12:29:57.610599,146.58973195246537,150.87480042024538,146.3078928938502,148.6187093701168,1080027
2022-09-26 12:29:57.610599,149.84713864608364,152.24950345624177,149.60338307360612,150.5195906955944,5013686
2022-09-27 12:29:57.610599,151.2529951873197,152.8272030914416,151.9821361534409,152.441616167289,1929622
2022-09-28 12:29:57.610599,151.92742651936322,152.62395610440936,150.28954229998843,150.29490999824804,3751706
2022-09-29 12:29:57.610599,152.28502503430434,154.07776000566426,151.6352882555499,152.94246891417703,1758819
2022-09-30 12:29:57.610599,149.89570684223614,151.51225585434273,149.05749229653878,150.54555819160973,5545755
2022-10-01 12:29:57.610599,146.3129754576333,150.65011220223062,146.5585233666923,146.56563066443536,4611685
2022-10-02 12:29:57.610599,146.17738834280848,149.65738562495568,146.93760356915283,147.07936612011818,4516042
2022-10-03 12:29:57.610599,148.24391832594426,149.9813314046879,145.11275809076736,145.60563292798315,9065929
2022-10-04 12:29:57.610599,144.2226670462218,146.20766135428806,145.81802861433573,145.83972915843026,4698295
2022-10-05 12:29:57.610599,146.6457033250102,147.60182089135648,144.8842258535767,146.92734520620968,4835359
2022-10-06 12:29:57.610599,145.74926904602526,149.14210009832573,144.27309979059467,145.78278979274344,9197514
2022-10-07 12:29:57.610599,144.86427766435213,146.5793543641222,140.26127649462052,145.30006307236297,3919098
2022-10-08 12:29:57.610599,145.87339149534336,145.06680531049574,142.07616736511707,144.79399688067377,6677695
2022-10-09 12:29:57.610599,144.43999687250744,146.42919594183365,143.91085736294005,144.61186842141183,2527381
2022-10-10 12:29:57.610599,139.92438774952097,141.5698032980152,141.23341933392734,141.48416857465813,6699899
2022-10-11 12:29:57.610599,140.40308702979064,140.78345146992442,138.90192618855815,139.25406903278923,7433473
2022-10-12 12:29:57.610599,137.5842791707505,140.66625023357244,136.2063010289516,139.47504666688891,9085428
2022-10-13 12:29:57.610599,140.08756424321405,140.3592347162603,138.41270057790285,140.09634772354818,8746475
2022-10-14 12:29:57.610599,141.2804531846811,142.46060596822136,138.63208759227237,139.73918538223745,6008618
2022-10-15 12:29:57.610599,139.79074410612745,141.10347058329964,138.28289059730272,140.47863378375146,1647122
2022-10-16 12:29:57.610599,142.83643105738003,141.67298543749513,138.61854200375777,140.8397760507028,1728645
2022-10-17 12:29:57.610599,141.11431122396044,139.40587494876752,137.30231739386758,138.47597112823658,3730809
2022-10-18 12:29:57.610599,141.07468451697278,142.16796840295362,139.39766340610163,141.94541205409703,5536637
2022-10-19 12:29:57.610599,143.78034491396224,145.30023504070314,142.17057084038424,143.57171287148,9440663
2022-10-20 12:29:57.610599,141.56960680430402,142.85385969000575,140.58594370250344,140.91329422401364,7564460
2022-10-21 12:29:57.610599,139.64437495421254,141.76831983930416,139.2815153213896,139.84321995789227,6952497
2022-10-22 12:29:57.610599,140.4834108621181,142.45000647249563,139.9093180435866,140.9742074982624,7991798
2022-10-23 12:29:57.610599,144.3384140015822,147.8854379871415,143.14458850773045,144.76566833670984,7277743
2022-10-24 12:29:57.610599,143.67854293162824,146.773566995853,142.447164943813,144.16044175972002,7522521
2022-10-25 12:29:57.610599,144.97773566376353,143.64732825289502,142.09188680281972,143.53603197224226,7057159
2022-10-26 12:29:57.610599,145.03203860692471,146.81847220345026,141.00684533551828,145.72594282884404,3129222
2022-10-27 12:29:57.610599,146.41673574757283,147.5872296411725,146.81060762185155,146.96050338042753,2510895
2022-10-28 12:29:57.610599,145.70475925270028,146.26690667709073,143.07753543867906,144.9852185716206,6172657
2022-10-29 12:29:57.610599,143.25301821978593,144.84022262693375,142.95966705304124,143.88351493057354,9441726
2022-10-30 12:29:57.610599,144.77365686695234,146.53026469040014,142.7701180993944,144.57121065452262,1777047
2022-10-31 12:29:57.610599,143.11804005956705,145.10194596994265,144.17868270037744,144.2685283139932,6072952
2022-11-01 12:29:57.610599,146.78140509539062,146.33803285200304,144.70291677767105,146.06528789341883,9406948
2022-11-02 12:29:57.610599,144.76149011743072,145.06325907468977,142.03134279755108,144.53693389393592,2143279
2022-11-03 12:29:57.610599,147.6112574338041,149.4678048320986,146.99222921611468,147.36943719638165,9743056
2022-11-04 12:29:57.610599,147.07264643495878,149.8244433007692,141.80599941663044,146.13183035236307,1464257
2022-11-05 12:29:57.610599,145.33617997310455,148.42490312243703,144.68848705081544,145.56169549024392,3169085
2022-11-06 12:29:57.610599,146.44167096610838,147.9884444562113,144.48240212316722,146.34689233977466,5175364
2022-11-07 12:29:57.610599,148.640564906916,149.00936069354066,145.54440615863885,146.691244758283,3282388
2022-11-08 12:29:57.610599,150.05216469921288,153.51821305950162,145.8844963718297,149.47044323416122,1561322
2022-11-09 12:29:57.610599,148.8292695802566,151.05376359476602,147.71396810728743,149.4583149459972,5847964
2022-11-10 12:29:57.610599,146.7740178446264,146.76805797216693,143.2441025774855,145.7278544146924,7907387
2022-11-11 12:29:57.610599,141.18305116925742,144.53257916774731,141.78624773197927,143.6124377671849,1652722
2022-11-12 12:29:57.610599,144.50193089103382,144.71723490050846,141.92970956941704,144.36854468916607,3998285
2022-11-13 12:29:57.610599,144.3910110044716,146.91760457438775,143.02280899108408,144.96323044365187,2488880
2022-11-14 12:29:57.610599,143.2462642858369,145.1643117191768,140.39956810220724,143.19628884763392,8738100
2022-11-15 12:29:57.610599,146.34542052959884,145.90400086032818,145.41236334308837,145.67889850568417,1208771
2022-11-16 12:29:57.610599,140.80969608878488,146.720330601471,140.9665565436102,142.5913495990614,2005156
2022-11-17 12:29:57.610599,145.71287447345992,146.95863100512847,144.5579434423996,144.77170121418558,3432774
2022-11-18 12:29:57.610599,142.30096318349922,145.09296785951432,140.95244953232648,142.3154013487973,3066247
2022-11-19 12:29:57.610599,144.3958163843596,143.50329596462808,141.63379520609982,143.15426716856018,2597639
2022-11-20 12:29:57.610599,139.4581717997438,141.922380556041,139.4967759771864,140.66706453432917,7380493
2022-11-21 12:29:57.610599,137.86880407545553,139.31098008435066,137.07697890993538,138.9797176154181,8575398
2022-11-22 12:29:57.610599,141.540004951065,143.64536778024816,137.1417913173302,139.98489741284095,4968207
2022-11-23 12:29:57.610599,141.69910943156685,142.06569231961143,141.2865792779583,141.62063876246208,7016290
2022-11-24 12:29:57.610599,142.86443794916124,144.05186004497452,141.9501431521398,142.704721632907,3381404
2022-11-25 12:29:57.610599,143.67740546027764,146.7270571383618,143.36057674033066,143.5819218769108,8580979
2022-11-26 12:29:57.610599,141.1269910763773,142.75378839089996,140.93421035639793,142.3955880716689,4047663
2022-11-27 12:29:57.610599,140.50846591394807,144.4507839409512,140.13377715379883,143.15553178941792,1635168
2022-11-28 12:29:57.610599,146.38111996092067,150.06523144365525,144.72296413890294,146.4772233575516,2337250
2022-11-29 12:29:57.610599,147.32897532131648,149.15258623832065,146.6336148433596,148.59563439321448,9426314
2022-11-30 12:29:57.610599,149.88464396076782,152.35246707441445,148.19497468560272,149.56770918690606,8389016
2022-12-01 12:29:57.610599,151.03972174505415,152.99737208343294,148.98546777322807,150.37409160732116,9054844
2022-12-02 12:29:57.610599,151.7797479453756,152.01434996681775,151.17574708313845,151.91274465317542,5375707
2022-12-03 12:29:57.610599,152.48725658804736,153.7719654582047,151.71351858275892,152.61983458181052,6352685
2022-12-04 12:29:57.610599,152.20989655499827,152.66249851229873,150.5434717170867,151.89286513164717,8607528
2022-12-05 12:29:57.610599,151.37270014918246,153.35783905913883,150.7197728171186,150.8173567773364,3887206
2022-12-06 12:29:57.610599,156.28354278318025,156.01011795356158,153.02753509953334,154.37999233435283,8752951
2022-12-07 12:29:57.610599,155.38729799961385,154.8076465495005,151.96084623178112,154.7280173854651,8190679
2022-12-08 12:29:57.610599,154.5129227436685,158.1947614879355,154.01600257690606,155.35900780530793,7789695
2022-12-09 12:29:57.610599,154.4015208245593,155.44341303142875,153.22628233251288,153.68930695444433,5280900
2022-12-10 12:29:57.610599,155.8741357363643,157.36036966139915,155.09974117667178,155.63670997879314,1614280
2022-12-11 12:29:57.610599,155.12998262443818,155.79068132300986,154.81854012592373,155.1986768936928,8212718
2022-12-12 12:29:57.610599,156.03554241044762,156.31539663140947,154.3871317833344,156.08145124740582,3254514
2022-12-13 12:29:57.610599,150.64950028076814,150.86934764913164,149.562990545057,150.07385650632187,1553764
2022-12-14 12:29:57.610599,149.72985191782837,153.1408833707088,147.49224471660088,150.2630065228846,1253658
2022-12-15 12:29:57.610599,151.89567344535763,150.63597931554582,149.51312478792076,150.47991239636121,2841612
2022-12-16 12:29:57.610599,149.21053624565192,151.61830516327822,148.1491398480525,150.30006004549185,2847957
2022-12-17 12:29:57.610599,151.92528449435216,152.14636156758075,151.60718781026208,152.09200954091276,1692585
2022-12-18 12:29:57.610599,151.1907158713711,151.52950722610123,147.26947190263337,151.05552576893584,5748831
2022-12-19 12:29:57.610599,149.29643159465573,153.1106024630255,150.66552385720723,151.25392397143492,4032697
2022-12-20 12:29:57.610599,149.97538886180484,151.24639324703975,148.89085538307955,150.22104690336624,8501372
2022-12-21 12:29:57.610599,152.07655165406783,154.4783249655386,149.20853114896573,152.26152867150768,5594829
2022-12-22 12:29:57.610599,152.23946739694856,153.38105315024566,151.11567082974216,152.75558458897467,3791508
2022-12-23 12:29:57.610599,155.79168349125874,154.98806120555918,150.37097273019873,153.4611481588736,5236970
2022-12-24 12:29:57.610599,154.13921013412087,162.35255930418336,154.77725905799457,154.78658349148634,7485143
2022-12-25 12:29:57.610599,152.42372640119808,153.23115147881802,148.82621092251662,151.86429532099606,5027898
2022-12-26 12:29:57.610599,148.56625509537514,149.76220974267258,148.6137506646291,148.90554771770704,5346410
2022-12-27 12:29:57.610599,146.93259812436358,148.9805042670075,146.5048855426055,148.03328196929877,6496494
2022-12-28 12:29:57.610599,146.3667823242145,149.84098125334359,145.80370575653214,148.19890002366017,7821935
2022-12-29 12:29:57.610599,146.38898365644977,149.43212767995837,141.57184664691408,146.95560299509276,2811400
2022-12-30 12:29:57.610599,148.1459633898456,147.88570253598255,145.20132471386438,146.82707848149786,9689305
2022-12-31 12:29:57.610599,148.19593511727868,150.3253600745493,147.3882908777276,147.96942717225846,5284521
2023-01-01 12:29:57.610599,151.02159242029157,153.1152542503597,150.71328721108472,150.7317639224624,2512245
2023-01-02 12:29:57.610599,150.17419421423926,150.91283504562463,148.49111348801674,148.82988823877002,4985916
2023-01-03 12:29:57.610599,147.97318379526993,150.45653052197238,147.49900123872084,148.76443257093263,3211994
2023-01-04 12:29:57.610599,145.63774053519577,151.6900835347112,145.2146100785781,147.93527243512824,8573370
2023-01-05 12:29:57.610599,142.174109773611,143.2150285541597,139.4935697261069,141.87937075086447,2863205
2023-01-06 12:29:57.610599,144.13082065334345,146.47120226384183,142.77943920199388,144.52480218877682,7855658
2023-01-07 12:29:57.610599,145.84778767786997,147.2367759096882,143.43156311962295,145.10000714389744,6248071
2023-01-08 12:29:57.610599,148.09904618346303,148.00996892461404,146.47921810330956,146.7457748527,5438771
2023-01-09 12:29:57.610599,143.03820769949246,143.94354444537692,140.16761265062385,143.52314726953645,4851241
2023-01-10 12:29:57.610599,144.4913743680772,144.80338969273507,140.91183893208353,144.44366119900633,6064411
2023-01-11 12:29:57.610599,145.43138077363736,145.21429917348885,143.89051518513122,144.77265621594438,9054207
2023-01-12 12:29:57.610599,148.06055909645843,147.04708506502428,144.02693372154542,146.38650678548083,3004133
2023-01-13 12:29:57.610599,146.36031755810217,145.71702628166494,145.3855665402364,145.71313676972215,3624004
2023-01-14 12:29:57.610599,143.54255957359734,146.3573816002075,140.919990187573,145.19474290278816,4393330
2023-01-15 12:29:57.610599,146.2593953399455,147.06637600300687,143.3337365657698,144.46564772887982,7016964
2023-01-16 12:29:57.610599,146.69995126697322,147.3732807087748,143.51751502250693,145.98680494371436,8748774
2023-01-17 12:29:57.610599,146.62138487536143,146.20751368833308,145.70935133656133,145.85753958240682,9040707
2023-01-18 12:29:57.610599,144.24381190456333,145.43960598147765,143.5074684020421,144.44749828361478,2032835
2023-01-19 12:29:57.610599,137.95246552120767,140.25630749557092,136.52381387929117,138.93495235535153,5930292
2023-01-20 12:29:57.610599,136.59687461372775,139.89166112163556,136.56969319707417,137.04889926496293,3512135
2023-01-21 12:29:57.610599,137.86866350736307,138.8480493441748,137.5373892995754,138.39069288284068,2051307
2023-01-22 12:29:57.610599,134.71222797516447,137.62892180626386,134.2522748269031,136.19818943714176,4511523
2023-01-23 12:29:57.610599,136.96894623211466,139.14262485208417,137.55259374526224,138.12065804175052,8594312
2023-01-24 12:29:57.610599,139.1288996560846,142.14490493904552,137.50182598422575,138.40928507198313,3626523
2023-01-25 12:29:57.610599,137.9333462541024,139.77548974389038,135.83327229621995,138.11933894379342,5083597
2023-01-26 12:29:57.610599,138.38501512686997,140.87935427069732,138.04508077529508,138.71528359823856,9909600
2023-01-27 12:29:57.610599,144.4425954591297,143.42262523315492,138.82977567005435,143.25771839517125,8639056
2023-01-28 12:29:57.610599,140.7107375533394,140.74121935392,140.1464610216951,140.19319264015454,2316359
2023-01-29 12:29:57.610599,137.00578297317048,137.11592526628198,132.06034801383393,136.26916470877916,2103743
2023-01-30 12:29:57.610599,136.12061191363924,135.82978994053894,134.2456282324861,135.59291087785775,7065015
2023-01-31 12:29:57.610599,137.37809996531013,141.68895145801875,137.47327343273494,139.8993662232674,6568157
2023-02-01 12:29:57.610599,138.41616692323566,140.75492000427195,138.36263769833087,139.12758285034153,8237132
2023-02-02 12:29:57.610599,139.85378814366197,140.4252229412005,137.5905821213485,139.55830149394802,6540618
2023-02-03 12:29:57.610599,141.48416003494108,142.53328831536166,139.3189330355741,140.90927023020245,2768526
2023-02-04 12:29:57.610599,139.64228189336112,140.63779141584698,138.0260142348957,140.27510831430655,3196669
2023-02-05 12:29:57.610599,137.97578658677227,139.4620778858178,137.87114340729983,138.39319392574805,9012048
2023-02-06 12:29:57.610599,135.96716446183723,137.09851863156788,134.0620904185564,134.996703530646,2575075
2023-02-07 12:29:57.610599,140.34774725870878,141.62566574387864,138.7155389813738,139.47650016674748,5262213
2023-02-08 12:29:57.610599,141.396235999507,146.5158257314366,142.82122203662038,142.97553893544162,9015292
2023-02-09 12:29:57.610599,142.76280490011024,145.55962235959166,141.8498180428076,142.7287482344121,1537062
2023-02-10 12:29:57.610599,144.23522201262185,145.59865783174496,142.0882567823996,143.07781440016728,1903648
2023-02-11 12:29:57.610599,141.1915322981573,144.5918987337026,141.37902772840704,142.0550298703104,3625893
2023-02-12 12:29:57.610599,140.3966872065619,143.14476354336577,139.25036508884847,140.80211239588706,8879995
2023-02-13 12:29:57.610599,143.49039090338186,143.2233153958426,140.52999352224626,142.4702671082344,5303487
2023-02-14 12:29:57.610599,142.15901476688205,142.2576361310016,140.0212972503186,142.12090778371987,1088816
2023-02-15 12:29:57.610599,146.12309886698048,143.55080013861698,138.0186724047986,143.2229047307637,7843217
2023-02-16 12:29:57.610599,138.61620080219774,142.41067479354325,139.00290733646193,139.8859987845292,3155551
2023-02-17 12:29:57.610599,140.6902978604172,143.05662138386367,141.17419654036274,142.58822471260422,8877942
2023-02-18 12:29:57.610599,149.0131313284781,148.88410886061752,146.7231239020975,148.47195255862488,8104183
2023-02-19 12:29:57.610599,149.16962458912138,153.29282241330154,145.9638475481586,149.28502250072646,5400811
2023-02-20 12:29:57.610599,150.16572499992972,151.06325116144478,147.31110216342816,149.18018692377564,8920991
2023-02-21 12:29:57.610599,148.9046791652249,149.4092248455678,148.46500792299022,149.34338501228058,8708191
2023-02-22 12:29:57.610599,149.7253093804897,149.57621261595796,148.26706503591967,148.97590778209934,3533856
2023-02-23 12:29:57.610599,152.32347805699985,151.87475536097418,149.3963686810482,151.54175657138285,9383076
2023-02-24 12:29:57.610599,150.2218852818514,152.19312311865164,150.42159889715705,150.5263527255334,7159109
2023-02-25 12:29:57.610599,152.88809831961737,154.58387515082273,150.77510689514955,152.19953057062372,9103357
2023-02-26 12:29:57.610599,152.34265132769377,153.98168199455927,150.27996105748574,151.56477406137108,3411701
2023-02-27 12:29:57.610599,150.68298906959424,151.474399782495,148.56525718623135,151.07018086509558,8009838
2023-02-28 12:29:57.610599,151.301622970386,151.42403078773825,149.5151439054237,150.4822463012149,7228653
2023-03-01 12:29:57.610599,148.08342187304132,150.56323752206418,147.8101495899284,149.16051589690284,8435009
2023-03-02 12:29:57.610599,145.7109143172202,146.91413652121597,145.61214342231287,146.72107370613884,9857051
2023-03-03 12:29:57.610599,149.27089300821177,149.40840272739757,146.9275106496795,148.2523271009047,3193071
2023-03-04 12:29:57.610599,147.54755795734042,149.53338983793626,145.54876771849368,146.49288643895042,5040620
2023-03-05 12:29:57.610599,145.87185861515218,149.58815928003398,145.38458846096728,145.99068303339837,3490981
2023-03-06 12:29:57.610599,143.898412531237,146.29702745569597,141.0816867866763,142.14734913202562,7188785
2023-03-07 12:29:57.610599,143.62838837001468,144.46000901291512,142.39691012691043,143.55394324762176,8608233
2023-03-08 12:29:57.610599,141.32517303790857,143.70248490923473,140.94519130996005,141.6544416608939,6435287
2023-03-09 12:29:57.610599,140.25312263773498,143.15314913072345,140.03653340359807,140.14999039911262,1641739
2023-03-10 12:29:57.610599,139.5757861916813,140.91023062715934,140.0115188070781,140.3898260207087,9490980
2023-03-11 12:29:57.610599,143.19603736501284,146.19595248739896,142.01665776126183,142.5101822238241,7720884
2023-03-12 12:29:57.610599,142.65801825038557,146.1261767468428,143.69487679148125,144.1278005489921,4569881
2023-03-13 12:29:57.610599,141.35378730931473,144.33668095642795,141.45631430926443,142.81771499617366,1377547
2023-03-14 12:29:57.610599,143.83372072350954,144.89518936574004,143.22947109596527,144.06015331337426,3482065
2023-03-15 12:29:57.610599,146.90448634551245,146.0976878949581,145.35746002756497,145.47382017520871,4621651
2023-03-16 12:29:57.610599,144.58781716306652,148.74043119225146,143.97988214099698,144.7436613816437,4944343
2023-03-17 12:29:57.610599,145.4366056335274,145.48094386525278,141.34149160785375,144.91478052159908,5227596
2023-03-18 12:29:57.610599,144.1250642498628,144.82223591845656,142.93323942997233,144.16399409854742,5655569
2023-03-19 12:29:57.610599,146.1523497514143,146.8461519986818,144.31762947208142,145.48478038437176,4697311
2023-03-20 12:29:57.610599,144.70683930084886,147.65622289185825,144.2682696004321,145.92481779735164,7649672
2023-03-21 12:29:57.610599,146.58229108060044,147.3069513148647,144.04596370925367,145.95700804410944,4483553
2023-03-22 12:29:57.610599,143.66507779351988,144.95492822970905,142.8631631135255,143.2364271145785,5326356
2023-03-23 12:29:57.610599,148.04578876388993,147.40444741754098,145.02754811260286,145.5308903882211,8896075
2023-03-24 12:29:57.610599,148.80947280132835,147.13702926434283,145.91485604989114,146.4587103885405,6978409
2023-03-25 12:29:57.610599,145.55336479949287,148.39363360805524,146.0400719823872,147.28485836152345,8431246
2023-03-26 12:29:57.610599,150.75048683030315,153.15578057459447,150.50737731022,150.98097671536354,9185854
2023-03-27 12:29:57.610599,150.6829938330146,154.51262559096588,148.19623648318552,150.56254808403887,6632230
2023-03-28 12:29:57.610599,147.9039271062582,148.69765796386272,146.63688868980282,147.39800334527726,2861991
2023-03-29 12:29:57.610599,149.45889950217077,150.4017829966459,149.56994268639784,150.23766303113985,3400815
2023-03-30 12:29:57.610599,154.24503193544115,154.79224085853681,153.1779150815011,153.7791014418474,8846944
2023-03-31 12:29:57.610599,154.541230892458,156.75642327687103,155.12304646344313,155.7708950860715,2909353
2023-04-01 12:29:57.610599,157.2929866826038,158.80945495952906,155.68706571535358,157.2714058019502,2931350
2023-04-02 12:29:57.610599,157.5260203735926,157.970050450883,154.00702954894626,157.90407575431882,3879745
2023-04-03 12:29:57.610599,156.6801830709682,159.95586377850265,156.16632175382534,158.97890944732455,3489396
2023-04-04 12:29:57.610599,160.16269401000295,165.3585197954736,156.44813418518984,159.63018810499125,8902560
2023-04-05 12:29:57.610599,162.51690606983973,162.37088024750307,158.67488018256677,162.23128843504227,2067974
2023-04-06 12:29:57.610599,163.42077495348516,164.36492829668228,162.30695426469717,163.79202190394554,3496442
2023-04-07 12:29:57.610599,168.29998360227077,169.39207816857186,167.35395758199067,168.7691825379739,1714661
2023-04-08 12:29:57.610599,167.24028953558104,166.02998293140223,164.9258015720675,165.96333081498625,3096427
2023-04-09 12:29:57.610599,164.48085346589716,166.18681222595242,162.38322270668533,165.04712149767846,8133876
2023-04-10 12:29:57.610599,163.35744740594004,169.67846626966403,161.05311089197824,164.15370615058134,7626167
2023-04-11 12:29:57.610599,165.53974858598966,167.79858035796371,165.32714405119307,165.9957534948037,8316547
2023-04-12 12:29:57.610599,162.84409243407868,165.6056909519585,162.6625811801044,164.74798861367105,2637264
2023-04-13 12:29:57.610599,164.1964593005633,168.0554042284676,165.85774024697557,166.1242205983974,3508020
2023-04-14 12:29:57.610599,165.0154149231757,168.5599770369795,165.60986406848917,165.75465925506535,1486569
2023-04-15 12:29:57.610599,164.46495333985905,164.01135895537553,162.79372189587332,163.67504395233746,6258864
2023-04-16 12:29:57.610599,162.8336294283924,166.2191914713489,161.38646919098952,164.64092330106533,9430672
2023-04-17 12:29:57.610599,163.1288839832258,162.4697000111596,161.2173905299994,162.4430908492857,4754303
2023-04-18 12:29:57.610599,161.00468283315942,162.2371500201782,160.29791972273082,160.6064578539647,7299440
2023-04-19 12:29:57.610599,157.27337299831908,160.34810218380733,157.84805648061788,157.91341613490022,1527003
2023-04-20 12:29:57.610599,158.61459521133105,158.8603843116499,156.71913627193572,157.87836862467054,3687618
2023-04-21 12:29:57.610599,152.89020958497377,155.6272600903146,153.43501685208523,153.7638808052211,3436479
2023-04-22 12:29:57.610599,151.60516121975758,154.43345958422518,149.7917260276171,151.31188410167996,3537854
2023-04-23 12:29:57.610599,150.51223188834336,150.37179037529125,147.03203822652932,149.4248394638545,4477201
2023-04-24 12:29:57.610599,151.96062766544168,155.56865655518607,150.150919543172,151.38322250136304,1049917
2023-04-25 12:29:57.610599,154.48392344220775,153.82490132413864,151.9282834426632,153.13263989114785,3863564
2023-04-26 12:29:57.610599,154.7226127924189,155.1609656712223,154.02756403660274,155.0172629707777,9203238
2023-04-27 12:29:57.610599,155.91021468505434,155.95141167429622,153.7171634304113,155.73948780345634,6521668
2023-04-28 12:29:57.610599,155.37425157169753,158.74296587045166,154.879127884644,156.3518295914743,9306244
2023-04-29 12:29:57.610599,157.65627626879117,158.3301549363315,156.4870712647498,157.78231146319962,7846550
2023-04-30 12:29:57.610599,158.52712782189943,162.4920889591891,160.26355772314795,160.49677621525242,2158716
2023-05-01 12:29:57.610599,161.6166560620912,163.63851910011056,161.43305906326134,161.93839082238307,1176743
2023-05-02 12:29:57.610599,164.84011359009207,169.21275830589974,163.21610517767508,165.9956356618352,9746987
2023-05-03 12:29:57.610599,161.85661924196503,164.4032696303654,161.7168577952718,162.03458035799653,8902040
2023-05-04 12:29:57.610599,164.05348160215593,169.08695643565173,162.50496202699313,164.0014232901111,3117812
2023-05-05 12:29:57.610599,165.21156975335498,163.84903597449167,163.72247629055593,163.83397289233346,6959573
2023-05-06 12:29:57.610599,165.54113548832584,165.90652743808462,164.14235684461474,164.17117571528706,8630148
2023-05-07 12:29:57.610599,165.5152063748703,167.36389585329078,163.82967835526176,164.80292450356973,5415957
2023-05-08 12:29:57.610599,164.26796408408435,164.5886531477271,164.02222729697849,164.30962640900663,3480321
2023-05-09 12:29:57.610599,165.08668802389337,165.56312586094177,162.7149418150554,165.0201895034734,2444395
2023-05-10 12:29:57.610599,163.96511182693,167.1678096929363,164.38031162194153,164.92792572576815,3789331
2023-05-11 12:29:57.610599,161.73391439475617,165.3744657970906,159.40531488855973,162.58105339134386,9794331
2023-05-12 12:29:57.610599,168.1092026058031,168.93210243697496,165.33708709365624,167.2961559131923,9718113
2023-05-13 12:29:57.610599,166.77293703526954,166.93642888962725,165.25339582348113,165.78536439800806,3791879
2023-05-14 12:29:57.610599,165.41101889159964,167.48615611661307,166.5079280979455,167.3196691423388,9920888
2023-05-15 12:29:57.610599,166.0556880403744,165.9325730269604,165.70272272068243,165.84674275927512,1362602
2023-05-16 12:29:57.610599,161.4242382903363,161.8425292794149,160.2794921640391,161.1609602825567,4362018
2023-05-17 12:29:57.610599,160.27621129419484,161.87834811198175,153.35100997062193,159.49616743187119,6983376
2023-05-18 12:29:57.610599,156.58843561569708,159.5977680791375,156.95531240191454,158.401692622995,5427378
2023-05-19 12:29:57.610599,160.81534533516722,163.8533202503574,157.67734177883202,160.4894023999756,2423664
2023-05-20 12:29:57.610599,159.62748684182424,161.41848282378544,157.58187185711276,159.91221362345854,8658826
2023-05-21 12:29:57.610599,159.64874916476143,159.99420130600336,157.91122004798262,159.56247229077246,8075530
2023-05-22 12:29:57.610599,159.89631930657532,162.91048049149944,159.47589869872215,160.1556529576497,6067232
2023-05-23 12:29:57.610599,158.6903371953685,161.4188601525703,159.69936890975205,160.12801875922256,1609041
2023-05-24 12:29:57.610599,160.83769220439098,161.75276224326186,160.53361111517674,161.26602843398857,3186304
2023-05-25 12:29:57.610599,160.8516996418326,161.23242446261892,157.847361639718,160.00053394955233,2756528
2023-05-26 12:29:57.610599,160.12773048015444,162.52926590985487,160.56936560313815,160.81327291396693,9879267
2023-05-27 12:29:57.610599,160.68022348985212,161.23612499631386,158.75879289852074,160.9593705027228,4336602
2023-05-28 12:29:57.610599,160.83278195145732,160.76099511018947,157.6031410480876,160.50566509502337,5123039
2023-05-29 12:29:57.610599,162.22708506873863,161.8816590554998,160.05303594535772,161.7873950467819,7775381
2023-05-30 12:29:57.610599,163.8788628351913,166.228066451878,161.5810420823744,164.19660782330652,3797656
2023-05-31 12:29:57.610599,163.30658586402058,164.64675554893742,162.99941938342067,163.54811427736357,2871058
2023-06-01 12:29:57.610599,164.25723946194287,164.02153211432235,161.36186275743813,163.49046275967072,9738346
2023-06-02 12:29:57.610599,162.14233815696636,162.46977986839977,161.1469697898128,161.88662201373748,3992447
2023-06-03 12:29:57.610599,159.79610684657072,160.458867483805,158.37256676380196,159.2656713410489,5181795
2023-06-04 12:29:57.610599,159.58179515038063,159.49115388466296,159.11837394962288,159.42863128970802,6255622
2023-06-05 12:29:57.610599,156.80809616767084,158.77263287665576,156.4389603151803,157.41130865385185,8470834
2023-06-06 12:29:57.610599,155.54073212089259,157.6045981503443,153.39376011318288,156.1247731381709,2433863
2023-06-07 12:29:57.610599,153.24938182418552,154.99782555197024,152.56636607480584,154.5312828883781,7739806
2023-06-08 12:29:57.610599,151.33889724010842,154.16722149027868,149.6886739810517,151.25237947743307,8480701
2023-06-09 12:29:57.610599,152.4577737950817,154.14473475949498,150.1210557131647,151.19854614857283,1502949
2023-06-10 12:29:57.610599,152.49253356490726,153.50006045973143,150.0408227562781,150.78567896870305,8402347
2023-06-11 12:29:57.610599,151.14352107082792,151.90752651104478,149.77176936202136,150.22798375093066,1246235
2023-06-12 12:29:57.610599,151.69707249045555,152.53059552061274,151.775166848357,152.52727877282274,6042373
2023-06-13 12:29:57.610599,151.29353090688306,153.5747877041917,152.19852668354685,152.20091715234517,9833187
2023-06-14 12:29:57.610599,155.6827605710869,156.4405345744385,155.14089126702513,155.3483884856566,6215527
2023-06-15 12:29:57.610599,156.9098647705396,158.3260501591109,153.5603741208734,155.4658750497977,4792473
2023-06-16 12:29:57.610599,152.07795285486154,152.7593223285404,147.55804209394574,151.7575057300313,3339053
2023-06-17 12:29:57.610599,150.92890168527643,149.57024961905992,149.0740199471731,149.5565687287813,1738698
2023-06-18 12:29:57.610599,149.39977344022245,151.9658562064422,148.9614182674095,150.58302772695774,4721146
2023-06-19 12:29:57.610599,152.73785035006134,156.81860350143322,151.86250508877865,153.39810476584196,9086330
2023-06-20 12:29:57.610599,153.07512183067388,153.35046404859057,149.57390999139784,152.37403921206678,5552820
2023-06-21 12:29:57.610599,155.43849158793645,158.18050397407137,153.50857151881797,155.187705551595,7638527
2023-06-22 12:29:57.610599,153.40488231051083,160.2757388724044,150.87761737158274,153.9866784625328,8680467
2023-06-23 12:29:57.610599,152.43979811422471,156.1750557858498,151.65857365705375,154.877415179834,9112811
2023-06-24 12:29:57.610599,154.04704753412958,154.94034601897448,153.34360104081355,154.04547634251085,7228893
2023-06-25 12:29:57.610599,153.06386307641694,156.06499995239244,152.5746558169931,153.19130789309006,2062088
2023-06-26 12:29:57.610599,150.0152271041431,152.23011377035542,147.7062604071734,150.418625988997,9148756
2023-06-27 12:29:57.610599,151.2830321102834,153.25977946770394,149.46475618664581,151.72143227474334,2400083
2023-06-28 12:29:57.610599,151.5072010590219,152.52911028145598,148.42049881927701,150.3053558244739,9791286
2023-06-29 12:29:57.610599,150.26096251395273,153.47876185556132,150.82077928917485,151.4875492281193,8497508
2023-06-30 12:29:57.610599,149.84331679191553,150.81066032775385,145.92119593548372,149.48337747726475,3987669
2023-07-01 12:29:57.610599,152.3043452308473,155.37109716556213,149.46169431398084,152.09945957743773,5483710
2023-07-02 12:29:57.610599,151.15888636917302,153.13338948035405,151.97165842625623,152.0317270072741,4079830
2023-07-03 12:29:57.610599,152.35643899232275,156.40472610848786,152.7473063517018,153.08483191417207,8190197
2023-07-04 12:29:57.610599,154.04763891332735,154.42446075307998,150.50221312824212,154.2282438792242,6921808
2023-07-05 12:29:57.610599,154.48101140136,154.9060560339194,151.1798695087032,153.3247235777828,2694805
2023-07-06 12:29:57.610599,155.7106329157792,156.06063804600356,153.62098150835897,155.88084261158576,2696233
2023-07-07 12:29:57.610599,157.33689167880834,160.09662925218328,155.07713264268125,157.0757935283662,6970579
2023-07-08 12:29:57.610599,154.6973400638583,158.6513715304916,157.26325985398964,157.91679483213233,9474957
2023-07-09 12:29:57.610599,156.79380209083217,161.79463913461848,157.00348022119303,158.5869528526511,7446033
2023-07-10 12:29:57.610599,159.49497447199744,161.2644242320135,158.93569606394632,159.67167133616059,1992276
2023-07-11 12:29:57.610599,163.81414332693888,164.2406035843491,161.38112131417913,162.47789573475615,4529219
2023-07-12 12:29:57.610599,162.50435392545427,163.88902793014967,160.87723365630728,162.47943714635963,5111119
2023-07-13 12:29:57.610599,161.0303159874607,160.33937147737566,157.0797636539331,159.93339414058838,8878359
2023-07-14 12:29:57.610599,164.78840390634878,164.81386642629923,161.85803448565918,164.06543989959482,1431745
2023-07-15 12:29:57.610599,161.82837779996152,166.5649983889048,161.0545674986216,163.24480943882511,9737955
2023-07-16 12:29:57.610599,164.5057553208813,163.1969884610469,157.1847941399716,162.84739219581718,8017987
2023-07-17 12:29:57.610599,166.00020564430753,167.33481318768105,165.07945378295645,165.90603937627003,2017859
2023-07-18 12:29:57.610599,164.3358553582136,164.80221862506036,163.44629064383946,164.59056109046378,8514150
2023-07-19 12:29:57.610599,169.63155831422748,170.5348892364524,164.95469701352147,168.7553947088395,8129578
2023-07-20 12:29:57.610599,169.3911699448912,171.22459325290296,168.39026102182808,169.37286517052374,8559018
2023-07-21 12:29:57.610599,167.24809163349622,166.77403638161803,162.2942543352712,166.4802146246735,2059049
2023-07-22 12:29:57.610599,167.86353621729782,166.8164373109347,165.92780564573545,166.69209564304253,8295592
2023-07-23 12:29:57.610599,167.64163933813302,166.66337279789502,165.75286004256142,166.66239442281227,8499170
2023-07-24 12:29:57.610599,167.32706893889068,170.99689315091317,164.41685570798086,168.99932502424065,9377554
2023-07-25 12:29:57.610599,166.22446078377175,164.80419355174638,162.18615951451616,164.55912258052592,5561000
2023-07-26 12:29:57.610599,164.7384752711065,165.740610981262,162.73364288822273,163.713844485935,5167396
2023-07-27 12:29:57.610599,161.06797910364168,162.37852374828574,156.84547530835954,161.61423005785682,8773918
2023-07-28 12:29:57.610599,162.9930140110028,167.30890282281234,160.11854244761673,162.12075691643935,9841940
2023-07-29 12:29:57.610599,165.21247467187897,164.46906031127946,162.87442808342345,164.36158883697183,5742792
2023-07-30 12:29:57.610599,163.66543573498757,168.18588992794443,163.6933014669493,164.6201359492202,3119287
2023-07-31 12:29:57.610599,164.154266203082,167.77234734531115,164.1394735738209,165.18997785712057,2468025
2023-08-01 12:29:57.610599,163.8802954777713,164.96952626776238,160.46321912546844,161.61086685492057,2426348
2023-08-02 12:29:57.610599,159.2567650523488,162.7277798446412,159.33380434883202,160.27796587990915,7837223
2023-08-03 12:29:57.610599,161.0737664884893,159.7117329107491,158.57098333759495,159.01973600582645,3616821
2023-08-04 12:29:57.610599,157.62011853240008,156.34211374536218,154.5750666653547,155.24714043486057,4500006
2023-08-05 12:29:57.610599,153.59997498836248,153.82091123939944,153.28179848031715,153.4244658245886,6273201
2023-08-06 12:29:57.610599,150.54299976050922,152.3725879955395,149.71069633848782,150.11301819859563,5956887
2023-08-07 12:29:57.610599,146.6623699578104,148.97512993403953,145.5812781812649,147.0512945038375,8236428
2023-08-08 12:29:57.610599,148.52787446427365,147.36133819030624,146.21832269898778,146.52837525404678,4838412
2023-08-09 12:29:57.610599,146.55813305539655,147.35439692849442,146.02333232373948,146.1162687921186,3751770
2023-08-10 12:29:57.610599,145.38115399107184,149.16660850289176,144.70442327045603,145.40454213386792,7443668
2023-08-11 12:29:57.610599,147.54189902649213,148.60458893329243,147.26652696594988,147.80699640131087,2132554
2023-08-12 12:29:57.610599,149.1268471517007,151.99602525245513,149.83521909930732,151.09570184229378,4392366
2023-08-13 12:29:57.610599,149.96586641409482,153.74860534813314,148.61953845681862,150.32073969394963,2846129
2023-08-14 12:29:57.610599,150.89820705875704,151.44646571350683,149.01634346086252,150.31014926200595,6357291
2023-08-15 12:29:57.610599,153.0157436360669,154.00326018311677,151.70437184352502,151.849490875957,2718927
2023-08-16 12:29:57.610599,154.23869860592413,154.91435188687635,151.71368430485944,154.07409281437072,4026861
2023-08-17 12:29:57.610599,152.26931417048047,155.48079991251458,150.87852122106068,152.5436069265436,5915393
2023-08-18 12:29:57.610599,152.62036666549213,152.11677183557913,149.7026988081584,151.84745638227292,5156469
2023-08-19 12:29:57.610599,148.52794057584026,156.1021184469149,146.50832954255708,149.2608329439404,4948160
2023-08-20 12:29:57.610599,150.61800610911564,153.21652131040315,150.27364032799787,151.2047803306442,6380874
2023-08-21 12:29:57.610599,154.28850808735922,154.90122640507434,151.73246645533575,153.33779968669057,7084122
2023-08-22 12:29:57.610599,155.43321680614272,153.85950120140225,152.95148352451193,153.79043628491442,7016055
2023-08-23 12:29:57.610599,154.62719523906583,154.6833798286756,153.29257744604195,154.14103997459088,1895492
2023-08-24 12:29:57.610599,152.7905441358798,157.91722048534743,153.99906563784725,154.49164195732362,1122759
2023-08-25 12:29:57.610599,158.05625438526337,159.25914139439584,153.9503897911573,157.73207440621513,4388714
2023-08-26 12:29:57.610599,158.21405061550774,162.14809693542176,152.64164996432987,157.78253313644612,7422350
2023-08-27 12:29:57.610599,160.92486835471013,160.99295267872645,156.38402900212313,160.00700550622497,1041713
2023-08-28 12:29:57.610599,164.7507607313848,165.84481946390338,164.7352502709896,164.88234108463905,4208750
2023-08-29 12:29:57.610599,163.5014706231374,166.08880896083394,160.35695328002254,163.57617673521725,7698799
2023-08-30 12:29:57.610599,164.32826674820754,164.43978950440516,162.04723784083055,164.0487759809408,4541578
2023-08-31 12:29:57.610599,164.26010678059754,165.5977262788304,162.16458749033293,164.69018800434407,7771333
2023-09-01 12:29:57.610599,162.50162480859717,165.11539565185754,163.89159387719437,164.2581265905293,5669267
2023-09-02 12:29:57.610599,162.7793805550137,164.4319901224002,163.32146200955498,163.4124289493463,8311508
2023-09-03 12:29:57.610599,160.60058120223871,164.1200408165741,159.80400518178368,160.5514417911508,1392720
2023-09-04 12:29:57.610599,161.11869854209965,162.8231923082138,160.88383940147713,162.2078144838852,3558621
2023-09-05 12:29:57.610599,162.49941731268635,163.73973322305125,159.97722363424424,163.3382430542097,4009969
2023-09-06 12:29:57.610599,162.51041810689594,165.9891498109266,162.43950503954414,163.22840456630433,3346960
2023-09-07 12:29:57.610599,161.27034986457892,164.62231039373003,160.29249227675496,162.75105742368152,7488738
2023-09-08 12:29:57.610599,163.28322208793813,168.82553535378082,163.50879223446682,164.59509382415158,7487884
2023-09-09 12:29:57.610599,165.7386762379808,169.85220909019222,162.4282809264478,165.23514494213248,5641308
2023-09-10 12:29:57.610599,163.3651139975139,163.00537439670816,162.2665069126827,162.91555405725984,7627239
2023-09-11 12:29:57.610599,163.23139898673975,164.8082833141096,162.2615114956344,163.1341570027671,5057316
2023-09-12 12:29:57.610599,164.75133746474182,166.50042943879356,165.18585129038723,165.6186382726381,7541558
2023-09-13 12:29:57.610599,169.0876386436801,167.93728949501852,165.79107695425043,167.55273181850208,8627148
2023-09-14 12:29:57.610599,170.83729214691766,171.86831715212304,169.64331169315864,171.63917218082742,7257907
2023-09-15 12:29:57.610599,172.38195492241633,173.08137637710226,166.25407836052878,170.7855303653773,5594250
2023-09-16 12:29:57.610599,170.0839026577027,172.73160204446876,165.44232547770207,168.00142455719933,1388354
2023-09-17 12:29:57.610599,168.01102955411318,169.86448464355888,169.1304445087054,169.75866840128967,4237050
2023-09-18 12:29:57.610599,167.91547865901558,167.89768916076812,163.04837238385335,167.5914018777152,4746866
2023-09-19 12:29:57.610599,165.92096479822442,169.80887634755743,164.96242953688838,167.07370389107965,8624449
2023-09-20 12:29:57.610599,166.94589502170064,169.84569301849402,162.86431506819204,167.75992483736627,5046529
2023-09-21 12:29:57.610599,167.94047099660534,171.37719160673396,164.84641166446605,167.23404943327694,3284858
2023-09-22 12:29:57.610599,167.53955654130763,170.81705005683045,166.0781674842784,167.88740940140278,9844180
2023-09-23 12:29:57.610599,168.87554419480003,170.4043088471015,168.4721462447678,168.8728738722473,5134259
2023-09-24 12:29:57.610599,163.8473328804217,165.61716588554168,161.8491856095876,164.443776346471,9730282
2023-09-25 12:29:57.610599,162.83826332185404,165.3524305158748,160.8385468794081,161.98804447776652,2050479
2023-09-26 12:29:57.610599,161.32422753006006,160.38457702862962,154.76972893386193,160.1122827786644,3454592
2023-09-27 12:29:57.610599,159.4064786381158,161.6311342376495,157.9707039539839,159.39312964359553,9524777
2023-09-28 12:29:57.610599,158.75301262862354,160.0632244955467,155.4652463762471,159.15569087141412,4043367
2023-09-29 12:29:57.610599,156.47700581615138,157.22740532070722,156.16513344336562,156.4673675341502,8012620
2023-09-30 12:29:57.610599,156.46153121508056,157.38290188583235,155.23394104989347,157.0949857160448,9999725
2023-10-01 12:29:57.610599,156.73429132282698,157.55471269434815,156.48640752240942,157.31819630292975,4110944
2023-10-02 12:29:57.610599,158.03016007674432,159.77220782478815,157.7890251597113,158.93969552374773,5201166
2023-10-03 12:29:57.610599,159.12558127734354,159.47693911490305,155.1963176452124,159.1738620897448,6243087
2023-10-04 12:29:57.610599,162.79824699851775,163.24764798796963,160.50101945845813,162.9283416950605,4517882
2023-10-05 12:29:57.610599,166.13611809611203,167.1452501632004,164.76861156236174,166.50065936795073,5100852
2023-10-06 12:29:57.610599,171.99674549964493,170.2436222906638,167.73624889193627,168.8676388248169,5266474
2023-10-07 12:29:57.610599,166.00267280755622,167.64980387836565,164.5640479086813,167.52232301218376,8373065
2023-10-08 12:29:57.610599,166.29746926193275,168.39230980644743,166.90525665315727,167.28479136759768,8403854
2023-10-09 12:29:57.610599,165.9858099237185,169.6739711916763,166.73489755448082,167.7644897911811,2183566
2023-10-10 12:29:57.610599,167.78859509034788,170.3015532914653,165.75983719887464,167.88630794995962,5123549
2023-10-11 12:29:57.610599,166.58531126954864,169.1770204943957,167.0451845411436,167.237692179897,8208238
2023-10-12 12:29:57.610599,167.0538772637197,166.95987350836972,166.6612627715336,166.89910441602066,7077548
2023-10-13 12:29:57.610599,164.91728438751534,166.08859172195957,165.23197874619115,165.28611762254786,9607832
2023-10-14 12:29:57.610599,167.52747239179538,167.6835358358016,166.38900964543592,166.92663731065284,2845718
2023-10-15 12:29:57.610599,165.7279698098403,168.88870010487474,166.62373414501084,166.8899241641742,5592768
2023-10-16 12:29:57.610599,167.572121179662,169.68523958250208,166.36607091799377,167.33294785081438,2078654
2023-10-17 12:29:57.610599,167.20644599955796,169.92336611787044,166.13422230334922,166.88094459454072,1223494
2023-10-18 12:29:57.610599,165.67368246033996,167.93369934450928,162.8315065839064,165.03542829819267,8332366
2023-10-19 12:29:57.610599,162.3299325406653,166.1251543403313,161.77099048218477,163.7133251388589,8509706
2023-10-20 12:29:57.610599,164.9509221659045,166.11684267309045,164.4589363427187,164.77413294172243,5980740
2023-10-21 12:29:57.610599,165.79327850550126,167.21854882540114,164.91654589501573,164.9617606298895,1567150
2023-10-22 12:29:57.610599,163.86886121801422,165.7193708059077,164.97187840072618,165.36763824750926,3210073
2023-10-23 12:29:57.610599,163.64348961315352,164.90836501137244,160.31337393989745,162.67600621638186,3210728
2023-10-24 12:29:57.610599,157.65178032006017,160.94343106891975,154.6122594244801,158.07182840719736,5417062
2023-10-25 12:29:57.610599,161.87822060608144,159.5730966716365,157.28241746020825,158.9947570515995,1321256
2023-10-26 12:29:57.610599,163.9211090985587,161.99288918967463,160.7742652568173,161.3809097748018,4638862
2023-10-27 12:29:57.610599,161.03382387014054,160.5895789989817,158.02132413236507,160.0367876077346,5536765
2023-10-28 12:29:57.610599,161.04207633843706,161.9841000707293,158.49401877233487,161.1488975851114,8918975
2023-10-29 12:29:57.610599,160.72496754246487,164.34974437813392,160.74145242238643,162.01657282457094,2103386
2023-10-30 12:29:57.610599,159.96163362692772,162.65944765852265,160.5118592924903,161.12325026733672,1256546
2023-10-31 12:29:57.610599,162.16815403638174,162.7205742295479,161.27188570179402,161.35207289221609,7740109
2023-11-01 12:29:57.610599,159.90621161398536,162.2890605091,158.7182030756174,159.49309345018563,8091476
2023-11-02 12:29:57.610599,158.40824595295044,162.15579816390712,159.426955537367,160.52863431428517,3718538
2023-11-03 12:29:57.610599,159.89661722173685,160.98350165688402,156.88429266437728,159.7925231514523,4811891
2023-11-04 12:29:57.610599,157.90975969839258,160.39204426731456,157.75255970183466,158.32482318564251,3048689
2023-11-05 12:29:57.610599,158.46568542226973,159.1050966826674,156.3198606043898,158.56402861273853,3985039
2023-11-06 12:29:57.610599,161.479583056157,162.21513018829364,159.09509824436356,160.43863847631513,8053932
2023-11-07 12:29:57.610599,163.7704155385451,166.7726272889151,163.10464288493097,164.08885196254064,9675722
2023-11-08 12:29:57.610599,162.75880424851368,165.42396589187013,163.15516073251445,163.9154246876658,1564945
2023-11-09 12:29:57.610599,167.92032900921112,167.71467975342915,166.09401684035268,166.35126500180868,5838031
2023-11-10 12:29:57.610599,167.3924969354271,168.47712892189065,165.743386071677,166.8957703580242,2792172
2023-11-11 12:29:57.610599,164.8102952893801,165.6307870691369,163.84742678088065,164.53586521545492,7665970
2023-11-12 12:29:57.610599,160.29690235998766,159.57057980714623,156.32920330543647,159.38259159165025,4069137
2023-11-13 12:29:57.610599,162.81594014962053,164.47450112523597,162.43307937154248,162.54830285304314,9080480
2023-11-14 12:29:57.610599,166.73860373928116,166.0930100427281,164.7276632085281,165.06602016680958,3905438
2023-11-15 12:29:57.610599,162.8106335315621,164.08278733751575,161.16271593770801,162.9476610996528,6303952
2023-11-16 12:29:57.610599,164.64018499702985,165.90348181091895,161.50363678995507,164.3010590399868,3411183
2023-11-17 12:29:57.610599,164.00566804144802,165.39682380846276,162.96094243561737,164.550063195117,7721941
2023-11-18 12:29:57.610599,169.69177681465015,172.49947198760347,167.57382930014927,168.4709207756671,6397099
2023-11-19 12:29:57.610599,169.9408997093392,169.94213912105045,167.78327087825616,168.93632736500825,7616717
2023-11-20 12:29:57.610599,171.76587664624196,175.0826343034774,170.6632000461096,171.06997616042156,9419323
2023-11-21 12:29:57.610599,168.80931267900388,169.23596606816056,167.4206644683928,168.15774244558833,4728953
2023-11-22 12:29:57.610599,170.75467351578246,169.48678463370337,167.86881342910186,168.86959589418186,7007532
2023-11-23 12:29:57.610599,165.82786881273265,167.6903569492412,162.41201982463005,165.51761088878345,2601019
2023-11-24 12:29:57.610599,172.7642184002331,172.59330959007744,170.29419284987324,171.68688068145366,9110795
2023-11-25 12:29:57.610599,166.70746566827899,169.81848375549322,164.16278015517946,167.85089310063495,5265383
2023-11-26 12:29:57.610599,165.82078326434987,167.05827143498794,162.31210178753346,166.34533060158697,5098008
2023-11-27 12:29:57.610599,166.7477738833879,166.80498258949257,166.00428179806232,166.55036846054904,8809801
2023-11-28 12:29:57.610599,168.55185634548118,168.01600296121558,165.99687656435935,166.32242497956764,5974841
2023-11-29 12:29:57.610599,163.63917375564054,164.94537602383042,163.23321665177198,164.92598525104026,3625263
2023-11-30 12:29:57.610599,169.64933002560247,172.64465335434434,167.44180358070494,169.40533347919825,1565958
2023-12-01 12:29:57.610599,166.18322176860735,169.07301887055348,166.27496936793932,168.1189096887607,7550185
2023-12-02 12:29:57.610599,167.6481892487368,168.87431634441455,166.55492898793753,168.8155694091375,7476713
2023-12-03 12:29:57.610599,170.684703362119,171.00255806977844,169.8098766625352,170.751880637831,2201422
2023-12-04 12:29:57.610599,169.75965317630485,168.4736639246302,166.2223579335254,167.69813347959925,9673619
2023-12-05 12:29:57.610599,168.08262057848165,169.32280042626115,166.44525684771585,167.3590440788804,3572117
2023-12-06 12:29:57.610599,168.95050555764158,169.66196707577066,167.3671860477376,167.5061683916603,9608489
2023-12-07 12:29:57.610599,165.6135469103987,165.0221618627338,164.03223203791578,164.95439510230833,3009439
2023-12-08 12:29:57.610599,164.50987321615676,166.8718603914247,162.57457509914244,164.1914669341958,3447705
2023-12-09 12:29:57.610599,166.3761829412871,165.86590334473095,164.71850878116817,165.50116510307603,1230740
2023-12-10 12:29:57.610599,164.35372667347838,164.44294149138568,159.79849495966684,163.73260496587395,3902846
2023-12-11 12:29:57.610599,164.44683049519796,165.03076917980354,160.0649159215183,162.82390220847515,3922527
2023-12-12 12:29:57.610599,164.5632559705523,165.03427083253467,162.3249302100527,164.4860645441225,7503693
2023-12-13 12:29:57.610599,165.4639756387225,167.11525925956164,163.2149615852172,164.05838565088698,9675516
2023-12-14 12:29:57.610599,164.52931071980888,167.02683086016475,161.7067018499854,164.50000034230112,1188835
2023-12-15 12:29:57.610599,166.05127059231148,168.04196883045861,160.29823763142056,165.35299006229786,5571894
2023-12-16 12:29:57.610599,164.84663161465923,168.87000534387482,164.48354778268182,165.72180900943312,9726942
2023-12-17 12:29:57.610599,161.2899088208145,164.8976327795349,163.75150130470806,164.1279070908147,2340072
2023-12-18 12:29:57.610599,164.9911062494076,169.16888635715318,162.8104285609543,166.41803349980356,7213430
2023-12-19 12:29:57.610599,166.7241918637971,168.0451964334307,164.49277336391262,165.7697869264587,5290828
2023-12-20 12:29:57.610599,163.4934252597025,165.05164021438637,163.37790831919565,164.90776783282885,8923158
2023-12-21 12:29:57.610599,164.4539140478618,169.94045656223574,163.62858317043006,165.35256748351082,7448548
2023-12-22 12:29:57.610599,165.41735853268605,167.76259761676732,163.85242772949923,165.40050240130492,2810524
2023-12-23 12:29:57.610599,163.84121350971722,163.8514574614148,159.3465620661921,163.0743750008184,3231894
2023-12-24 12:29:57.610599,162.7691606207424,165.7140767086573,160.92958408067784,161.79401000420538,1817866
2023-12-25 12:29:57.610599,157.73135849315034,158.91876266591535,156.95520790309658,157.464057262667,6450978
2023-12-26 12:29:57.610599,158.02002201051675,161.125624866926,158.13302845861566,158.88738495270562,8654061
2023-12-27 12:29:57.610599,159.52669574253792,159.70071328800225,157.49574700618098,159.61612720173477,9950684
2023-12-28 12:29:57.610599,158.8077849332537,157.00582779409578,156.25168613323046,156.75863810101725,2273474
2023-12-29 12:29:57.610599,151.9663099952523,153.16917429997372,149.95017749141593,152.71051296221586,2656644
2023-12-30 12:29:57.610599,152.71780874370262,154.48757062379045,152.1116487972176,152.4910688280118,8315291
2023-12-31 12:29:57.610599,152.67737357268757,152.1522826684681,151.35548641113755,151.7520881423323,4869417
2024-01-01 12:29:57.610599,151.84905256471507,151.91455312144882,149.89551497319022,151.53479063161603,7141388
2024-01-02 12:29:57.610599,151.92767873768977,157.80250034606942,149.65320332318592,153.4917251981619,8049793
2024-01-03 12:29:57.610599,153.66609538844813,154.60639362454407,153.35791346086953,153.54653409579652,5553469
2024-01-04 12:29:57.610599,155.67363854164262,155.80841944964178,154.6470015444342,154.90712071929644,6125551
2024-01-05 12:29:57.610599,152.2845351865319,153.36715486583086,149.22426437699923,151.78667195166292,9044638
2024-01-06 12:29:57.610599,153.7329359443648,153.2187637854658,152.6897465234275,152.74719035686874,7156402
2024-01-07 12:29:57.610599,154.55234318703896,158.09175375975246,154.6125675441149,155.91002036097476,4349752
2024-01-08 12:29:57.610599,155.15928710960608,155.18463558664686,154.41348036689666,154.78896619602534,8261419
2024-01-09 12:29:57.610599,156.89365567326107,157.82985695947622,154.3000723390533,156.1384362645845,9187429
2024-01-10 12:29:57.610599,156.42886413733825,156.990710766409,155.87655286864558,156.7735815157796,7692151
2024-01-11 12:29:57.610599,157.74077473296043,160.72550567178956,153.9841217898986,157.5051454220691,5570194
2024-01-12 12:29:57.610599,160.63352388433054,160.76565283526787,157.87122305048064,159.78100139559098,8012740
2024-01-13 12:29:57.610599,163.25857879848056,161.95316735743998,160.48742496099555,161.63616748001388,9258607
2024-01-14 12:29:57.610599,161.7424593679869,162.1988429439015,160.79283485674586,161.16699596703245,4284410
2024-01-15 12:29:57.610599,157.511959350059,159.82678276996862,156.89925387654995,159.654557584126,1919526
2024-01-16 12:29:57.610599,160.17791691938905,162.78271616987712,158.2662301142801,159.857921242572,2263462
2024-01-17 12:29:57.610599,161.1014934534372,161.2023340279958,158.98374804576392,159.6939015573802,7609139
2024-01-18 12:29:57.610599,157.9101721006904,157.36498646001135,154.92842217330357,157.19739450834794,9138568
2024-01-19 12:29:57.610599,156.58913215616417,157.44147520685294,156.28030446043311,156.65026182019798,2857691
2024-01-20 12:29:57.610599,155.76702152206406,157.75288342507073,151.86152200502673,155.8417608421552,4491843
2024-01-21 12:29:57.610599,159.8765518189147,164.61586735045938,159.93938411936426,160.90765047655674,7218354
2024-01-22 12:29:57.610599,159.76077483474222,165.32703514632627,161.31460174843835,162.91835770270552,5509476
2024-01-23 12:29:57.610599,165.3280117734649,165.27801864855587,162.0817236085451,163.84956135026977,6556221
2024-01-24 12:29:57.610599,165.8305053118188,169.51274355499183,165.54230786699864,166.58601835155443,1095001
2024-01-25 12:29:57.610599,168.78728056560257,170.641210816622,166.75109472650962,168.15840927520733,2081518
2024-01-26 12:29:57.610599,168.500614760456,170.0757091685023,164.57914172795464,168.84920038797134,7744336
2024-01-27 12:29:57.610599,169.06627840020113,172.21968561310914,168.7641947881648,169.7145733368962,8979024
2024-01-28 12:29:57.610599,173.2369345306387,172.77523786622442,169.15177673353432,171.78967775759682,9816194
2024-01-29 12:29:57.610599,172.49335193144745,173.51043865467858,170.27042055090155,171.10620346704735,1980423
2024-01-30 12:29:57.610599,169.71694111548487,170.5502695352768,165.5122571063008,169.15421063859088,1030680
2024-01-31 12:29:57.610599,165.87148437938941,169.65756309186597,166.65855779733198,167.18953240016415,1304878
2024-02-01 12:29:57.610599,165.5005581191767,169.51394238805543,165.01336214590646,167.4405438531227,9672716
2024-02-02 12:29:57.610599,169.2560680773295,172.16533699741373,165.61984670858604,169.70724932251986,8196689
2024-02-03 12:29:57.610599,167.90490782238743,171.13797931529783,165.8199264772352,169.19253011043668,4121548
2024-02-04 12:29:57.610599,170.73097020831202,173.04532029169803,168.92346258436294,170.3948692881996,5053862
2024-02-05 12:29:57.610599,170.46659878165016,170.3600196043887,166.05651381670597,170.09562572702566,6565916
2024-02-06 12:29:57.610599,167.29687960601936,169.49328042807142,167.31172032798517,168.77419019021522,6685846
2024-02-07 12:29:57.610599,169.18812762799715,171.4610775680852,169.2008992910003,169.5728135608494,9366161
2024-02-08 12:29:57.610599,168.69592268009836,172.3617410969594,167.1063113154716,169.17937146211682,4418674
2024-02-09 12:29:57.610599,166.47265767468818,168.40769264996229,166.2387819367891,166.65661898698792,2497329
2024-02-10 12:29:57.610599,163.36579772384147,164.09012700986847,161.01794267276983,161.70741986075117,2434430
2024-02-11 12:29:57.610599,158.55146741202825,161.31605526121743,159.09661540373813,161.046935289375,8058209
2024-02-12 12:29:57.610599,161.876008829353,163.32997593915533,159.1487133388084,160.63218827541522,3160711
2024-02-13 12:29:57.610599,160.05360023982664,160.6196697867326,157.6705443563313,157.92239654159397,3586411
2024-02-14 12:29:57.610599,154.47867306920466,158.31063123217598,153.36037125974622,155.4766734597868,1396783
2024-02-15 12:29:57.610599,151.55057754320723,153.30991965132895,148.78814869085815,151.03200217506298,2897321
2024-02-16 12:29:57.610599,151.33728013053783,151.7783033837777,151.03098855777912,151.49850755584035,3226466
2024-02-17 12:29:57.610599,149.1854965173005,151.9143065937362,149.10001598129492,151.32233266385447,7135056
2024-02-18 12:29:57.610599,152.11373097847465,155.48592876563868,152.83864835851003,153.9188845685843,4311903
2024-02-19 12:29:57.610599,153.26498010637152,155.0375463579326,151.77351188587585,153.36561361909975,3629654
2024-02-20 12:29:57.610599,155.56750024603897,155.62129750785775,153.29211541629152,154.96921277345987,7546277
2024-02-21 12:29:57.610599,156.4814956946706,159.06967516717478,152.63097772969007,157.58825989688077,3091646
2024-02-22 12:29:57.610599,160.09622083393353,162.3771643968889,157.6337874905693,159.25034712202296,2130103
2024-02-23 12:29:57.610599,163.3821467309486,162.66302120562622,158.8160982359081,162.63814079636552,6034707
2024-02-24 12:29:57.610599,161.09161880564633,164.41460276383577,158.82399070775153,161.80025212214358,7511203
2024-02-25 12:29:57.610599,167.13483732133122,169.04792463750482,165.66956446297925,165.80625599236703,7836422
2024-02-26 12:29:57.610599,164.70707082681486,164.86445638489897,161.59036705471456,164.54190967203107,3266285
2024-02-27 12:29:57.610599,165.91351230057862,166.51666741721414,164.65551675706374,165.166170721441,9587418
2024-02-28 12:29:57.610599,166.54975931420068,168.1207646218865,161.6227489093541,166.37413017889403,2337502
2024-02-29 12:29:57.610599,163.90733340539614,163.56570709283767,162.60454620905037,163.2083039270931,7275194
2024-03-01 12:29:57.610599,160.81901303966762,162.5621097618565,160.12697300901002,161.73956775465768,7652815
2024-03-02 12:29:57.610599,164.67478705265484,167.74132522553788,163.72328653117606,164.73638105320103,7788155
2024-03-03 12:29:57.610599,161.04342273418416,162.79200894366653,161.02724624673814,161.68653153176172,9406805
2024-03-04 12:29:57.610599,161.54071644785384,163.23939839047048,159.808252800404,161.5652796344799,3699950
2024-03-05 12:29:57.610599,164.3526369353941,167.56394018166938,163.38434293871015,164.3284524108149,8467735
2024-03-06 12:29:57.610599,166.46808902606577,167.78175514290012,164.74331039246084,166.6820411425731,8406537
2024-03-07 12:29:57.610599,169.78949785249924,172.8731359109272,167.6682030986991,169.79978238591906,2366180
2024-03-08 12:29:57.610599,170.06553547549348,174.8127553429834,169.4373100477259,170.2899025648672,9556874
2024-03-09 12:29:57.610599,165.24818074928788,168.55519136629746,166.46958386455648,167.81384228684996,9661074
2024-03-10 12:29:57.610599,164.18340244051262,166.1115420215172,163.0008544198226,165.76490984589685,1740370
2024-03-11 12:29:57.610599,167.64740413356117,169.10550971224052,166.68810535869426,167.8228208001923,5938177
2024-03-12 12:29:57.610599,168.3442034571199,171.9468493070729,167.43892651329708,168.27031807889523,4771936
2024-03-13 12:29:57.610599,165.1754217960732,165.09154618756716,164.54186839198775,164.66640989893813,3368402
2024-03-14 12:29:57.610599,165.01943797938242,167.65501517228657,161.0624092069625,166.06196224104727,4919920
2024-03-15 12:29:57.610599,166.6699079862522,166.46925208233984,163.71777819390644,165.70884719738672,8154899
2024-03-16 12:29:57.610599,167.1079685624271,168.64601936818661,165.48265979265346,166.97455511234568,8204861
2024-03-17 12:29:57.610599,162.37768991663103,163.8121125510025,163.08101253297323,163.10124935289315,7476352
2024-03-18 12:29:57.610599,163.6937494060431,164.12402735805736,163.16071895823035,163.70366973256606,7044646
2024-03-19 12:29:57.610599,164.90118783077398,167.97057303366645,163.94177968761085,164.8483641180594,5335043
2024-03-20 12:29:57.610599,166.2510727374924,165.1843405707605,163.1029749089926,164.41316506978055,6434797
2024-03-21 12:29:57.610599,166.65268214077912,172.74698153162527,165.52151151904567,167.69879924173802,4898346
2024-03-22 12:29:57.610599,174.54845209402401,175.23591022367503,173.47519617051458,174.5878214271748,9469174
2024-03-23 12:29:57.610599,172.58352760740178,174.87172041010146,172.00570381955714,173.808776128803,6474643
2024-03-24 12:29:57.610599,174.81119940328838,178.49660289808506,170.72449614466095,174.52797518868383,9257902
2024-03-25 12:29:57.610599,173.768809457739,176.77093719585727,174.60889746869262,174.88952482091958,6188237
2024-03-26 12:29:57.610599,173.17971171258029,177.1485601364642,171.08456924716302,173.74665850745635,5219949
2024-03-27 12:29:57.610599,175.19848433478927,175.2588733798939,172.89270955478423,175.2451952486041,3426511
2024-03-28 12:29:57.610599,170.20485318483625,171.3382684690606,168.54032446382135,170.12169889338458,8710784
2024-03-29 12:29:57.610599,166.4586611016286,168.48786455328056,167.4768867030122,167.67142869912885,7281288
2024-03-30 12:29:57.610599,168.66991208769005,171.31844067682232,167.7893232267273,168.7660248287636,8088469
2024-03-31 12:29:57.610599,164.7381528077201,167.07150771138157,164.7239228617127,165.27380011575738,7258524
2024-04-01 12:29:57.610599,163.70381033006075,163.30682101709414,160.38481155078017,162.2217698419952,6987996
2024-04-02 12:29:57.610599,162.51033284155622,164.19626114891088,160.23269191824153,162.82138097868977,6901276
2024-04-03 12:29:57.610599,160.27094474829292,161.99726504485002,160.52142368450563,160.6987503277043,9165575
2024-04-04 12:29:57.610599,159.16206938910327,159.44685422888216,156.80939467956506,157.86895730079542,4017753
2024-04-05 12:29:57.610599,159.19877865384748,158.46719911721027,155.99336165476956,158.38788517255875,3618973
2024-04-06 12:29:57.610599,159.50434065839082,158.86347296766985,157.39867525169518,158.36081367816672,5531007
2024-04-07 12:29:57.610599,157.41867368929493,158.96873140105626,155.70878178943008,156.72588831604716,2062415
2024-04-08 12:29:57.610599,158.76062513859108,159.2894282086534,156.72624723503034,159.1355701836306,9352412
2024-04-09 12:29:57.610599,158.83262731481233,161.89354525645354,156.13016561642786,158.25573175939957,4269334
2024-04-10 12:29:57.610599,159.56507721384023,161.2416875711765,159.5915629903151,159.87386473774532,3608613
2024-04-11 12:29:57.610599,161.0892288989187,161.86234902747654,156.85470295676302,160.92660052881394,7657834
2024-04-12 12:29:57.610599,162.10955358354775,164.0472617015364,155.89325665095646,162.5539854919299,9641634
2024-04-13 12:29:57.610599,160.87818040314605,161.75864040797424,157.76684500546034,160.5171752427016,9442941
2024-04-14 12:29:57.610599,158.72163438437588,160.41971797041177,154.57200280729637,158.37873539744461,5464483
2024-04-15 12:29:57.610599,160.61432142078297,160.79534773405427,158.4811514753562,160.2993397992122,5089079
2024-04-16 12:29:57.610599,158.110933961228,162.29379213035662,155.30021347243817,158.1234385695584,4392145
2024-04-17 12:29:57.610599,156.81073410553273,160.8545914983718,155.39885339686748,156.76971709147895,1836720
2024-04-18 12:29:57.610599,155.63973684461106,157.44615791872997,151.87969395291006,155.3620819984536,8948976
2024-04-19 12:29:57.610599,158.0774677209515,158.9779692428469,157.79454802932796,158.58602529128262,8244983
2024-04-20 12:29:57.610599,156.11191612651731,158.29088815175027,155.46949209520596,156.9759285495627,9373566
2024-04-21 12:29:57.610599,156.79667625582692,159.748075996989,152.89515845936043,156.57943497612928,1208432
2024-04-22 12:29:57.610599,156.30061099147824,156.88676799757576,154.84472833087733,156.26246586341847,6506363
2024-04-23 12:29:57.610599,159.45060795444087,157.86134095525674,154.70396014104162,156.75247289951383,7179116
2024-04-24 12:29:57.610599,153.0138271377164,154.61969330284367,152.7899670488725,153.389881947314,4835698
2024-04-25 12:29:57.610599,156.16906454787554,158.390296007368,154.1036360593467,155.68066182253085,3777327
2024-04-26 12:29:57.610599,151.85998772304424,156.65991631397833,153.21166311474948,154.36482920753667,6274197
2024-04-27 12:29:57.610599,157.45692461941567,159.1115133231669,154.8781283822218,157.4782624316678,7899838
2024-04-28 12:29:57.610599,158.00664373584976,160.34147167928182,155.82194785371732,157.9336938976609,5372458
2024-04-29 12:29:57.610599,158.08051074409846,161.6104343208044,158.5586443350879,159.98336125335547,2394039
2024-04-30 12:29:57.610599,157.8432559661152,159.43921191836841,156.86531268921635,158.2175508622598,7255021
2024-05-01 12:29:57.610599,156.02849410648884,158.49053268542426,155.80964710540613,156.1483935160154,4342515
2024-05-02 12:29:57.610599,157.3851896467572,157.19914574756575,154.9901242285668,156.76764897350202,5231124
2024-05-03 12:29:57.610599,155.08667997818708,155.43292547256704,154.76314827594155,154.89992471493267,6741118
2024-05-04 12:29:57.610599,151.91353775671809,157.67969348612613,150.81564911895464,154.05799702069368,7173965
2024-05-05 12:29:57.610599,152.3643221750191,155.18027566655206,152.8769726903519,153.02189201767348,5226727
2024-05-06 12:29:57.610599,149.21928803026177,151.0522959930123,146.69833962181602,149.1108921387859,8136010
2024-05-07 12:29:57.610599,148.91304300544482,151.69640223096565,150.32021244709662,150.75643594918037,4555815
2024-05-08 12:29:57.610599,152.68448136844086,154.23395172031755,148.24326803687947,151.13747964992552,5744286
2024-05-09 12:29:57.610599,151.10693134358306,153.77018251719858,149.65033628640091,150.13133636341888,9612316
2024-05-10 12:29:57.610599,151.1505874581722,151.5865086464546,148.4802172378977,148.84860964791466,4653424
2024-05-11 12:29:57.610599,151.48643456676373,152.89186114102236,149.4348659605093,150.53832585024045,6776449
2024-05-12 12:29:57.610599,151.32328070721866,151.72965302804423,149.2626501361824,151.38200008127293,3735548
2024-05-13 12:29:57.610599,152.54882304206134,156.98757152447217,149.3397459825089,152.89382730909884,6210720
2024-05-14 12:29:57.610599,147.84222401604143,149.60114536521874,148.86666376698398,149.13316952957493,1842686
2024-05-15 12:29:57.610599,148.98795084529374,149.07942796612528,145.55664239846223,148.87155308997384,6374999
2024-05-16 12:29:57.610599,150.61837519578694,152.75122035334346,150.82960500660596,151.40212413967652,1267281
2024-05-17 12:29:57.610599,151.0386307279283,152.20607918959172,148.77103135731156,151.63958093109088,4978163
2024-05-18 12:29:57.610599,150.00182331197428,150.62539556580865,150.1280868151861,150.38466631570697,4076958
2024-05-19 12:29:57.610599,148.6796592045009,149.91708639430024,148.60207392507067,149.18760097428535,4552592
2024-05-20 12:29:57.610599,145.23232202558262,149.3800005602264,142.5609505296343,147.3187295747673,7930661
2024-05-21 12:29:57.610599,146.92547425228784,149.6398418361711,145.82136561210228,146.5353602506072,1501782
2024-05-22 12:29:57.610599,146.36362896679373,148.0374121709005,145.96263993326997,147.74164297099858,9394657
2024-05-23 12:29:57.610599,148.73165585051774,151.448588297887,147.3195409500491,149.45891633545858,9673902
2024-05-24 12:29:57.610599,149.59404802551632,150.07516671137512,144.5722467114415,147.5940749778177,7229188
2024-05-25 12:29:57.610599,147.32686509621809,147.76611833816102,145.117322643687,146.82556012836977,9386621
2024-05-26 12:29:57.610599,142.6411357085186,148.99136874574523,138.33813244589024,143.71553237797326,7979695
2024-05-27 12:29:57.610599,147.26282928324213,147.74124502468197,144.8525841580751,146.54932324596473,6948638
2024-05-28 12:29:57.610599,145.3132701959641,144.79237146186082,141.07892283235006,144.23328878951804,6968997
2024-05-29 12:29:57.610599,148.4036569738001,146.90952729230074,144.63007944467006,146.39271668500947,4455752
2024-05-30 12:29:57.610599,147.69994548659247,148.14162441745913,146.2561509387416,147.69848845794348,3614882
2024-05-31 12:29:57.610599,148.06394699670383,148.2683890123696,147.66706918030727,148.0234887757405,8961124
2024-06-01 12:29:57.610599,142.43409780048492,144.28960021812327,143.42791869228446,143.66581087640554,2537667
2024-06-02 12:29:57.610599,147.08941415266136,148.39553767987536,145.9033904830148,146.3701717441722,5989947
2024-06-03 12:29:57.610599,151.2255245250139,152.6746797873236,150.04959861388875,150.8773747883452,4225063
2024-06-04 12:29:57.610599,154.0442681368998,153.09346885522132,148.2449162522645,152.8207716502639,9727746
2024-06-05 12:29:57.610599,148.8346382214191,153.4939587575571,147.06797508492278,150.45832675628932,9429725
2024-06-06 12:29:57.610599,146.11533668308465,149.87847078152092,145.20698230429429,147.76065804141143,2999032
2024-06-07 12:29:57.610599,147.92956229719272,151.85590380108295,149.33149439740527,150.15320071852219,6246007
2024-06-08 12:29:57.610599,154.78523329660652,157.03852706954703,152.6829329565555,153.8799624832319,1315395
2024-06-09 12:29:57.610599,149.81134544301142,152.66727887884352,148.44858476127658,152.3581667455882,6285470
2024-06-10 12:29:57.610599,148.96534626553256,149.33299886579834,145.73246660963338,148.81602791294526,2968362
2024-06-11 12:29:57.610599,148.99588728608026,147.10744636765253,143.84971141742975,146.33151845783448,6024266
2024-06-12 12:29:57.610599,146.5747286223086,151.39997860086353,147.27703700557964,147.9654519788421,4238063
2024-06-13 12:29:57.610599,148.80326738179284,150.39843999787053,146.25964060979365,149.4044717917849,5062516
2024-06-14 12:29:57.610599,146.4404809300057,148.0602049925221,145.47722964180068,147.98403540356452,7032588
2024-06-15 12:29:57.610599,146.5365973993793,149.85208003517363,145.85799070975693,146.39351474656362,1091307
2024-06-16 12:29:57.610599,147.35189551963919,147.7555258614883,146.31360790080768,146.7783649338648,2619204
2024-06-17 12:29:57.610599,143.8025700428,148.21805558881917,143.04965669430547,145.34470150935275,3768657
2024-06-18 12:29:57.610599,144.83855248117857,144.93191130942313,139.79369184473165,143.8353182810745,9227700
2024-06-19 12:29:57.610599,143.91196565067713,144.49975253139385,140.38570095501328,143.04950310481058,4277108
2024-06-20 12:29:57.610599,143.4196838061474,146.1360781102867,144.13884460339855,144.21924739143083,9051475
2024-06-21 12:29:57.610599,141.98241521851102,145.18345237050866,141.7698723929642,142.84221812454922,1052777
2024-06-22 12:29:57.610599,143.11838476317007,141.90444931457424,139.25607754494862,141.2468217414442,2272911
2024-06-23 12:29:57.610599,141.8641612983517,146.6314812362769,142.27126320460522,143.2189276884745,7912879
2024-06-24 12:29:57.610599,144.58876882285765,144.5129502167328,137.26658157723034,143.77860717227676,4324903
2024-06-25 12:29:57.610599,142.98546891976807,145.09552277665054,143.44496129274913,143.48300813390483,7025715
2024-06-26 12:29:57.610599,143.37176207852204,147.45172137094525,142.521594301044,144.3652509733304,6333172
2024-06-27 12:29:57.610599,142.71813345668446,143.1420224096292,142.29201875273966,142.99480494268036,8102155
2024-06-28 12:29:57.610599,145.03128563950912,145.02849996755842,142.71594517042146,144.62664752436683,9262070
2024-06-29 12:29:57.610599,141.4188283510044,142.55448718222306,141.2193554155355,142.29354207604382,4954087
2024-06-30 12:29:57.610599,143.95345618891795,143.46111571268597,140.59058717170663,142.399509602844,2743657
2024-07-01 12:29:57.610599,144.6319599247668,145.359558703286,140.15963163134512,143.60846642743462,8469564
2024-07-02 12:29:57.610599,144.09212578618076,145.0240972628244,142.24997803652667,143.92731683603293,3026905
2024-07-03 12:29:57.610599,142.84048679579158,144.56161693651964,142.1379057556025,143.52361931309878,6013252
2024-07-04 12:29:57.610599,141.25504949852993,143.43600569629297,140.03054368634974,141.23211787047254,4586898
2024-07-05 12:29:57.610599,140.9944274075653,140.55124372814802,135.74327844840496,139.9370521094076,5036178
2024-07-06 12:29:57.610599,144.53870438574373,145.16937811726174,143.20376165259106,144.41680931718116,2505125
2024-07-07 12:29:57.610599,144.09178217791492,145.32764910160446,140.8786795601253,143.86357461875673,4133831
2024-07-08 12:29:57.610599,145.7176565125761,145.1337682298451,142.57243647870922,144.95948760302124,4166011
2024-07-09 12:29:57.610599,143.91685454710736,143.96902944693375,141.02638058010362,143.22566114164428,6997923
2024-07-10 12:29:57.610599,141.98117489966842,142.32555609401803,140.5432076708999,141.1215713235031,1812392
2024-07-11 12:29:57.610599,140.77299084332057,139.39442358622333,137.28497789166664,138.72901167397686,3357980
2024-07-12 12:29:57.610599,138.38269085309136,139.64362992014537,135.4664277950558,138.7610942318157,1327122
2024-07-13 12:29:57.610599,138.82000950504178,139.9062132293423,137.04042299228072,137.91456312863468,5552306
2024-07-14 12:29:57.610599,137.4078513609429,139.22623940179093,135.657767772079,138.38791330762285,5035578
2024-07-15 12:29:57.610599,139.45840853253623,141.02334250355236,139.38119981217804,140.3671681979278,4317826
2024-07-16 12:29:57.610599,139.1890582144462,139.05667381518512,136.37316021359965,138.74684095408236,6226971
2024-07-17 12:29:57.610599,136.48612747618893,138.41451923657294,136.36202652099558,138.09686369554106,1535789
2024-07-18 12:29:57.610599,139.9460035337657,145.55823866770032,138.9076659481968,140.42030655582738,8949950
2024-07-19 12:29:57.610599,143.1629097827352,143.89921290018225,140.2535139512346,142.77233458639452,6123589
2024-07-20 12:29:57.610599,145.81260910016724,149.6686922196051,144.99934154865028,146.04743523425012,6574704
2024-07-21 12:29:57.610599,147.1300316369904,149.20011614243447,146.13109717727323,146.86257965669753,1439042
2024-07-22 12:29:57.610599,146.3627966516415,148.35942723289398,145.86426340349394,147.09724611180562,5077630
2024-07-23 12:29:57.610599,143.1148138480333,144.84299448943023,141.0551431160627,144.34972616199536,3680092
2024-07-24 12:29:57.610599,144.29957172734368,146.13957001050875,143.39425582039516,144.5372272668459,3818789
2024-07-25 12:29:57.610599,143.8112711162954,146.86547660406458,143.1232084407621,143.22575260852776,1209517
2024-07-26 12:29:57.610599,137.3487388272167,138.47361807065502,136.3525091049661,137.5785085494002,3546427
2024-07-27 12:29:57.610599,141.29477797510802,143.35110850727955,140.28130532330937,140.8432883670271,5570304
2024-07-28 12:29:57.610599,143.5988128531209,144.92554889054279,142.68502298954124,143.55379459312348,7048585
2024-07-29 12:29:57.610599,142.80141801334813,145.77599833176902,141.64816450756635,142.7203487472841,7239984
2024-07-30 12:29:57.610599,139.09661547308716,140.5124969185105,137.31969189016752,138.8654340985063,5728477
2024-07-31 12:29:57.610599,138.0945024663317,138.393479523569,135.4578887979851,136.92112334361101,9601784
2024-08-01 12:29:57.610599,138.32449427179267,138.23822643190255,137.1790683662343,137.41281536050533,4553022
2024-08-02 12:29:57.610599,140.50199987241996,139.72664640523996,136.48767759834465,138.7551430570159,9453187
2024-08-03 12:29:57.610599,146.78950377653368,145.4726019788728,144.4860304054948,145.0939167352923,7795315
2024-08-04 12:29:57.610599,144.91163495357307,145.7503461923611,143.63683571910232,144.13776646537463,1577989
2024-08-05 12:29:57.610599,147.21695292091513,146.3396898641156,144.9901779565014,145.61651629525443,2227542
2024-08-06 12:29:57.610599,142.87727099125783,149.18885212505066,141.58545983186931,144.69309296344977,4995865
2024-08-07 12:29:57.610599,140.74879317121398,142.8355251244723,139.74936378981462,141.4123722906985,3288027
2024-08-08 12:29:57.610599,139.57114843490277,141.9628838842267,138.51384461306634,139.3634081110696,4746838
2024-08-09 12:29:57.610599,139.06573735762854,142.7589319059314,140.20946957384874,140.89881780737863,8698386
2024-08-10 12:29:57.610599,136.03524694299526,138.93770022369424,136.6224470997646,136.66319064605494,1874910
2024-08-11 12:29:57.610599,137.5372394743861,140.60598149864344,135.71731050861834,136.78992799957206,8106988
2024-08-12 12:29:57.610599,137.0412983322177,138.1593959759281,136.81619803660024,137.655632854098,5308419
2024-08-13 12:29:57.610599,136.71179858161648,138.98602099493127,135.9988981183366,137.97306142887717,9113641
2024-08-14 12:29:57.610599,137.39479920721888,137.91189769878898,135.92013543985877,137.52270879713572,5601048
2024-08-15 12:29:57.610599,137.9183374350551,138.35076084711983,135.5684288837624,136.73505263451983,3316791
2024-08-16 12:29:57.610599,139.00690873892097,139.41285087441346,137.7142604288418,139.06220157948175,3554842
2024-08-17 12:29:57.610599,132.94203874401555,134.48036777559395,132.91352634705538,133.54462032376713,2751166
2024-08-18 12:29:57.610599,133.06660775646722,134.23370710471687,132.38998806665344,132.86952394581752,3046861
2024-08-19 12:29:57.610599,131.03922274875796,134.09380590591482,129.95950316228783,130.44249814850863,7125166
2024-08-20 12:29:57.610599,131.4321143043444,131.9386594262072,127.90500056100545,131.66804203877757,5456949
2024-08-21 12:29:57.610599,134.92291644769162,135.0800317838145,129.57205797697247,133.50320797240354,1186841
2024-08-22 12:29:57.610599,134.61704129323783,136.32628134851663,133.63852691930325,134.6000495958146,1367553
2024-08-23 12:29:57.610599,134.7283680435561,134.52199670289144,132.55863769763164,132.84628190392544,9031326
2024-08-24 12:29:57.610599,132.0197381762656,137.07885379312964,132.35114844982905,132.5755060390837,9582759
2024-08-25 12:29:57.610599,126.35928874665004,129.3879803885211,127.80236845457941,128.12294191060255,1580393
2024-08-26 12:29:57.610599,130.5792029452784,133.0551138522825,131.21868196417074,131.83079461680742,3521530
2024-08-27 12:29:57.610599,132.85083005559122,133.25274329269817,130.95298355522556,131.59635858081882,7178923
2024-08-28 12:29:57.610599,128.50272774502412,131.80152393621313,129.51989944944125,130.5831737798665,1217675
2024-08-29 12:29:57.610599,128.26723157797838,129.5619963817372,124.87805281635579,128.88387070185297,2815564
2024-08-30 12:29:57.610599,128.13965217005097,129.59424355596357,129.20635564506333,129.59053181381466,6914989
2024-08-31 12:29:57.610599,127.33838343597277,129.80067162266124,126.7257686901267,126.99264469819508,7465034
2024-09-01 12:29:57.610599,130.22073846488934,130.52826488148352,129.76667208924465,130.08878241974426,8468012
2024-09-02 12:29:57.610599,125.80591419373322,130.1199168165753,124.2088747740287,127.4209482706745,6682705
2024-09-03 12:29:57.610599,128.56229254546557,128.78526053543987,125.53001220507154,127.37552513929079,9863407
2024-09-04 12:29:57.610599,133.3224956275151,132.8221844316898,131.74009184846858,132.60351051488334,5656625
2024-09-05 12:29:57.610599,133.96053380367707,134.26042235201407,131.85974365094515,134.0350967094451,9617886
2024-09-06 12:29:57.610599,132.6841893336617,132.8069651451764,128.39467123028464,132.26074116928362,8964763
2024-09-07 12:29:57.610599,134.3884623441114,133.83027627685468,130.1936830780232,132.54552369850782,1836542
2024-09-08 12:29:57.610599,127.02028081721687,131.8497009941229,124.8209400213293,127.62807072275152,7994938
2024-09-09 12:29:57.610599,131.927871368022,131.0714585910646,129.68785051506774,130.91010536867688,8288866
2024-09-10 12:29:57.610599,130.5101744605618,133.17971782423726,130.04230018308866,130.6557080211146,9875534
2024-09-11 12:29:57.610599,130.05979681274115,133.01837003309404,127.19776158234134,131.79739657412966,2139787
2024-09-12 12:29:57.610599,126.63117222246196,129.24733557168165,124.52234608336053,127.5768733933625,9511218
2024-09-13 12:29:57.610599,128.1853265923928,128.8377269823185,126.42027248423156,126.84466778901503,5575544
2024-09-14 12:29:57.610599,126.23120051856499,129.07352136336524,126.90037974014942,127.30259975918491,5870962
2024-09-15 12:29:57.610599,128.96825011444375,129.62314927170334,125.77574852234707,127.63906061873855,1335793
2024-09-16 12:29:57.610599,124.61108956946872,127.28918047176708,123.05510182405025,126.22057922505684,8201854
2024-09-17 12:29:57.610599,124.25731959182389,125.14268657755422,124.04846802337455,124.21099197626361,5324837
2024-09-18 12:29:57.610599,130.9936543166426,131.51030359714466,128.64633243965216,128.84984153251312,9765034
2024-09-19 12:29:57.610599,132.6249799620507,133.2305061826819,128.56373775655666,131.5642605690241,6266244
2024-09-20 12:29:57.610599,129.40718251898136,130.42241342058912,126.95541234038127,129.50374610652642,2007237
2024-09-21 12:29:57.610599,131.92276986652564,133.90123220829622,131.90429231511055,132.2167542226428,6159217
2024-09-22 12:29:57.610599,130.69334989788734,132.59196980410476,130.9195273436258,132.44611382489384,5715381
2024-09-23 12:29:57.610599,129.456995925572,132.75192315595203,130.36011680743255,131.73391164279366,3472833
2024-09-24 12:29:57.610599,132.71146263328464,132.24411328538488,131.72490782900834,131.77677336948614,3747129
2024-09-25 12:29:57.610599,129.70715436819896,134.98573238243418,130.64752558163408,131.69056666483306,9770513
2024-09-26 12:29:57.610599,131.88552922340665,132.95888651146709,132.15350184160286,132.36510444687923,7721494
2024-09-27 12:29:57.610599,130.80360210162561,132.27796586549468,130.92933700965128,132.19786156284903,6156762
2024-09-28 12:29:57.610599,134.7774695846918,135.85492959531393,131.48787879555283,133.7810962465103,5039126
2024-09-29 12:29:57.610599,134.02823802003698,135.1294583303045,130.48359857658832,133.62715038415251,7687352
2024-09-30 12:29:57.610599,132.92521493819535,135.73117072874624,130.04065580464535,132.3184601962172,4432163
2024-10-01 12:29:57.610599,135.3531148933486,134.87237343402106,133.39083720835583,134.5519797545684,4073716
2024-10-02 12:29:57.610599,135.47662809741885,136.17612571646282,134.1966210864344,136.1253872336103,3956801
2024-10-03 12:29:57.610599,136.35650180464324,138.6839142972327,134.0134998274064,137.6830773468411,2707414
2024-10-04 12:29:57.610599,139.61775796913307,141.10385710294943,138.29793912112046,139.94100428298435,8004608
2024-10-05 12:29:57.610599,137.6232750889603,139.89701737739566,137.12242047819197,138.07781483612365,8940831
2024-10-06 12:29:57.610599,134.64417480190022,136.78690202870652,133.24448501666114,135.2398346874739,1157792
2024-10-07 12:29:57.610599,135.33299113461683,136.08757008535605,132.74160355246536,133.39902850729115,6661388
2024-10-08 12:29:57.610599,133.40335161226932,135.54023062738767,131.68035734159082,133.52669488605363,7670757
2024-10-09 12:29:57.610599,134.1759308754435,134.72409169545367,132.09404396437418,132.74996591194483,5391386
2024-10-10 12:29:57.610599,129.53729194246728,131.97875958514425,130.75311694139782,130.98986135030026,7210406
2024-10-11 12:29:57.610599,132.4697761895179,136.1660866083889,129.90464212272104,131.7970435961902,3680069
2024-10-12 12:29:57.610599,131.8956177797126,133.8691813814953,130.94681725678342,131.72087952423098,3977861
2024-10-13 12:29:57.610599,132.44964101267422,133.944967029809,130.85619291578803,132.02473399902908,8814483
2024-10-14 12:29:57.610599,133.81401197246288,132.6646080266924,129.80594058890924,131.008471462979,4359777
2024-10-15 12:29:57.610599,128.89943990794626,129.52012072535368,127.37648510486545,128.85000155213376,5433493
2024-10-16 12:29:57.610599,128.6835675261173,128.91030845207524,125.31733849516249,127.72278043113224,4947638
2024-10-17 12:29:57.610599,129.55204726303896,131.01433010105896,126.97537275603045,128.91708836806163,5266866
2024-10-18 12:29:57.610599,129.25304124799393,130.90560847681138,127.30683220346498,128.83028656982256,5298133
2024-10-19 12:29:57.610599,129.86483662838452,129.98357525244225,129.04969779589635,129.1544644281128,1462116
2024-10-20 12:29:57.610599,127.04103265798946,130.86343055426678,128.69211851531117,128.9318918437039,6568082
2024-10-21 12:29:57.610599,130.4352085700595,133.3747613175602,127.9694175234295,130.91337918881405,1255563
2024-10-22 12:29:57.610599,130.19571310170483,130.7615773529816,129.6230607304088,130.06767510031708,6645209
2024-10-23 12:29:57.610599,129.8913329633988,133.12306149175103,129.51312743333673,130.86506361957024,8683022
2024-10-24 12:29:57.610599,129.75134823441851,129.30662140186635,126.62123579748355,129.02244700453795,6773503
2024-10-25 12:29:57.610599,129.6934197022448,130.45203930355657,129.18359428265381,129.34140084200283,4879338
2024-10-26 12:29:57.610599,130.23094464814636,133.05245323332065,129.8677936219867,131.90175266564225,3381814
2024-10-27 12:29:57.610599,133.52047967703578,133.05725236600372,132.45940312898043,132.73179015735977,3902614
2024-10-28 12:29:57.610599,135.41295142360732,135.26689245256784,134.13589791563527,134.44994579749465,3545525
2024-10-29 12:29:57.610599,135.95975533509633,135.90444196293274,134.4152876299809,134.69334417622605,8480594
2024-10-30 12:29:57.610599,133.94969386319332,134.9646814494565,130.72163155835884,134.08443250049004,1575662
2024-10-31 12:29:57.610599,135.46403423731164,136.8244932968696,131.5720693947953,133.28808444428984,4445078
2024-11-01 12:29:57.610599,133.7692601907556,133.81001418943774,132.03989448579244,132.81018831543787,4312022
2024-11-02 12:29:57.610599,130.90874984242228,132.52228638686333,130.65528624016986,130.79478190889202,9938258
2024-11-03 12:29:57.610599,126.59898546577008,127.82331007370014,125.75919876106131,126.71653168711168,8185788
2024-11-04 12:29:57.610599,128.77979153338273,131.7817069220049,125.21694104645586,127.84376953521942,7742466
2024-11-05 12:29:57.610599,126.40121647871312,127.002065910264,125.32675097529237,125.73386281626705,5459113
2024-11-06 12:29:57.610599,125.88423667213918,128.29940715735242,125.76172792223367,125.9013689037302,4974070
2024-11-07 12:29:57.610599,123.52801016856323,124.69724374297215,123.9878554287945,124.13805202082928,6656566
2024-11-08 12:29:57.610599,126.6444323271143,127.49161611150132,126.50668786308987,126.92107166079616,5754965
2024-11-09 12:29:57.610599,125.90704234849316,126.6828550346517,124.49639046749171,124.89256531658685,6596815
2024-11-10 12:29:57.610599,126.33697625480099,130.2759253916794,122.45443258388042,124.81031356868591,7780802
2024-11-11 12:29:57.610599,124.3013764253137,125.4363304240973,117.82134510605863,122.20478280957121,5327115
2024-11-12 12:29:57.610599,122.32535832474856,123.88667408478221,121.94409814481232,122.53691334950796,2414451
2024-11-13 12:29:57.610599,119.86937646081014,122.92134234935392,117.34849099700993,120.92357445889975,4522438
2024-11-14 12:29:57.610599,121.42124959283765,122.2480426851282,120.93716585253165,121.91351866493622,1529704
2024-11-15 12:29:57.610599,124.13883610339046,128.33719440562115,124.60000065192355,124.64508519616493,3326263
2024-11-16 12:29:57.610599,126.8803487286959,127.36578482645069,125.48139829268085,126.17469859194925,4215665
2024-11-17 12:29:57.610599,128.10945954297196,130.15427634486252,126.31143167165249,127.6629219345367,2275453
2024-11-18 12:29:57.610599,124.2503713836564,127.92374414961898,123.4719948546616,124.5606154053716,4470287
2024-11-19 12:29:57.610599,124.49944722534543,124.92783258050238,122.76230307499125,124.65221609353472,3562968
2024-11-20 12:29:57.610599,122.93181952687769,125.3091902726765,120.44706736979924,123.27777446563084,1614226
2024-11-21 12:29:57.610599,120.43137141864726,122.52061593234916,120.49494124378134,121.66627263670703,5979407
2024-11-22 12:29:57.610599,116.94680936692451,118.18603800350378,115.59680356698831,117.00363967498818,4119939
2024-11-23 12:29:57.610599,115.69106549142293,119.33021935618699,116.10756975206668,117.43113951442126,5619325
2024-11-24 12:29:57.610599,120.28057897166802,123.81770301751031,117.97448393825007,119.89384992461385,9673853
2024-11-25 12:29:57.610599,121.76862712470246,124.7617739022329,124.05184233687332,124.44076840255538,7082853
2024-11-26 12:29:57.610599,127.92745411151442,127.45964432585995,120.65318193723138,126.46257859647469,6774632
2024-11-27 12:29:57.610599,127.13019820444377,129.09726714864007,123.00511704586675,126.21958643831027,3335092
2024-11-28 12:29:57.610599,128.6014306773279,132.98632578941067,127.44719017322961,129.0219604140693,3181655
2024-11-29 12:29:57.610599,128.59188539055145,129.71340829126243,127.99711880437128,128.9934919628915,6061813
2024-11-30 12:29:57.610599,130.62094950894615,128.82135044611732,127.92377283364215,128.55822510152473,7812057
2024-12-01 12:29:57.610599,125.63658697145469,127.78768261862496,122.85778000300722,126.27299839206981,8590485
2024-12-02 12:29:57.610599,125.58239731954473,127.35573654502801,119.35818528277154,126.25583506723467,9491510
2024-12-03 12:29:57.610599,124.52676065623649,128.71262357682812,124.4906441038758,124.61368156370641,3502618
2024-12-04 12:29:57.610599,127.18428658158726,126.04284755593216,125.44348871709694,125.57920920977045,5438251
2024-12-05 12:29:57.610599,125.72640731844211,124.32174501169298,121.14822368029515,124.31569968932932,7929793
2024-12-06 12:29:57.610599,122.62405157004653,124.44250530951527,120.01212603540162,122.68245226922696,4725683
2024-12-07 12:29:57.610599,120.35939845703184,123.74029789675318,118.32251037819043,121.07019787799325,7689829
2024-12-08 12:29:57.610599,118.20784441559904,120.3356612846646,117.70905738458553,119.19574238087367,9116774
2024-12-09 12:29:57.610599,119.92395471631386,120.80712360899025,115.90464098288184,118.23658950116764,4104732
2024-12-10 12:29:57.610599,118.00123901557183,117.80158428621326,116.39917740189611,117.20129005273421,7292709
2024-12-11 12:29:57.610599,115.63433763177335,117.89396088621278,114.59879591455902,115.21450468105708,3635948
2024-12-12 12:29:57.610599,113.69387588856056,115.5834366553909,110.77211224571093,113.42322104891022,3729878
2024-12-13 12:29:57.610599,116.01256807343808,119.49349036135382,111.4599223388414,114.2635755416832,8796973
2024-12-14 12:29:57.610599,113.49312215666833,115.32366115241716,113.1085340403238,113.27972136892778,6199141
2024-12-15 12:29:57.610599,115.54552023326256,114.83879993632397,114.40545421041257,114.49218104813028,6179065
2024-12-16 12:29:57.610599,116.62152035980394,118.36454775111027,116.84130564015122,117.76947471966994,3179732
2024-12-17 12:29:57.610599,114.70677195187427,116.96046941054377,113.48015985767346,114.34840751385053,7766193
2024-12-18 12:29:57.610599,114.47955914400104,116.17053282592346,113.6716001069478,114.7461722911158,2735732
2024-12-19 12:29:57.610599,111.22861214159799,114.22265122076499,111.13580018527983,112.6138852180087,3282188
2024-12-20 12:29:57.610599,111.9320632404285,111.12118635821417,110.2385942757987,111.04667548081959,6743946
2024-12-21 12:29:57.610599,114.60639452987454,117.76288405501184,114.78305324088797,115.01421749098687,9808377
2024-12-22 12:29:57.610599,120.55720480937892,123.0263930393596,116.48908029411336,120.01252537545885,2376167
2024-12-23 12:29:57.610599,119.89523860957017,120.53452994708589,118.24696864018736,119.55032916237684,8689766
2024-12-24 12:29:57.610599,118.00080585029015,121.53216675446487,116.63580308991867,117.44300335763148,6051446
2024-12-25 12:29:57.610599,120.0239778517622,123.0452450749272,116.66793545689843,118.17369396141956,7543502
2024-12-26 12:29:57.610599,116.93856464983311,120.91642749789867,115.61745603364571,116.72436963491381,6202508
2024-12-27 12:29:57.610599,113.74704120438835,116.10829558023812,111.12881485283067,114.66278063306868,8979343
2024-12-28 12:29:57.610599,114.0977707973152,117.28865229240685,114.61063864220384,116.58377309067669,3711878
2024-12-29 12:29:57.610599,113.01950129952202,118.91316468473782,112.27417696442211,113.40059364937002,1596652
2024-12-30 12:29:57.610599,113.94916649933435,114.0483325439678,111.08841634070767,113.2188227336232,5701450
2024-12-31 12:29:57.610599,110.74448576089995,112.8733925918789,112.11129796686083,112.46273041624829,9121768
2025-01-01 12:29:57.610599,114.22769726409786,116.3869995738674,113.28807515757019,113.41040716879911,9928268
2025-01-02 12:29:57.610599,114.52701211126782,115.83288346931735,113.91101555240114,114.25270705756918,8901006
2025-01-03 12:29:57.610599,115.90192593595013,118.30780691249826,114.3471521750758,115.6480876142801,5544048
2025-01-04 12:29:57.610599,114.85116102762339,116.27277899397572,112.36325939082403,114.28851645560411,9486255
2025-01-05 12:29:57.610599,117.30614450083735,117.96202233088978,115.5716708969361,115.72721862336455,7072661
2025-01-06 12:29:57.610599,116.7638241723081,116.58915823838304,115.81433980149252,116.40655499087427,7677377
2025-01-07 12:29:57.610599,116.24716749861801,119.57852261967912,113.37657123583335,115.61958515201917,2940298
2025-01-08 12:29:57.610599,117.92834587495466,122.47344431617024,117.34372638151177,118.98368858468503,3951538
2025-01-09 12:29:57.610599,118.13401712712206,122.3590812016602,118.79557140885463,119.29790342646592,6497780
2025-01-10 12:29:57.610599,118.67242533532661,122.65592243255921,117.54064174708415,118.9693362529693,7770484
2025-01-11 12:29:57.610599,119.29180253410793,124.06872888670003,118.34696547773947,120.9096107905549,7311581
2025-01-12 12:29:57.610599,120.82364048348703,121.85091616882319,119.59858646757874,121.26888181368354,6660477
2025-01-13 12:29:57.610599,119.3241639885946,120.3509523616785,117.75105572613235,119.90136289130513,2757797
2025-01-14 12:29:57.610599,121.25958311214741,121.41347981175056,118.83823086555026,121.05775735079791,8723841
2025-01-15 12:29:57.610599,119.77516922563805,122.21376375344242,117.58036006652458,120.38209771906016,2792566
2025-01-16 12:29:57.610599,121.68908355538142,122.45963064893085,120.96756997934104,122.12263169591495,7327884
2025-01-17 12:29:57.610599,126.49207487734395,128.67990680679375,123.29457903553357,126.90526240904502,5157274
2025-01-18 12:29:57.610599,126.62608771790299,127.28120550806109,125.62824485578754,127.27750392355782,6043853
2025-01-19 12:29:57.610599,129.2266784737979,128.78157174371478,127.79801402636019,128.37028405307703,6104589
2025-01-20 12:29:57.610599,127.93878548678273,127.82254448133025,125.97851082028997,126.6986685576417,5767723
2025-01-21 12:29:57.610599,124.80601436593298,124.78258071341351,122.4964094417033,124.61383739762942,3834714
2025-01-22 12:29:57.610599,123.09538344284138,124.12476747166474,121.66484648075846,122.02081142957888,6836825
2025-01-23 12:29:57.610599,121.32993988738319,122.2810252716745,120.70419442215497,120.72140714633514,9884859
2025-01-24 12:29:57.610599,121.2862762951975,122.0734844855163,120.57298300340122,121.13637062910732,2137492
2025-01-25 12:29:57.610599,118.25172607389551,120.18397581134458,118.98926699976549,119.40621751999672,6634413
2025-01-26 12:29:57.610599,119.82267518457411,120.55720495862406,117.93604329849688,118.6514976606149,3370526
2025-01-27 12:29:57.610599,117.08141970615749,119.67393243256444,114.70211227922353,117.2962885600442,9097421
2025-01-28 12:29:57.610599,118.91546795434702,119.57874803214494,117.60658259060915,118.47447063480891,4176190
2025-01-29 12:29:57.610599,116.0606883845896,119.20956240892767,118.14241674483635,118.44963396025136,7414581
2025-01-30 12:29:57.610599,117.17770486548325,118.6339379564399,117.37184782157276,117.97805027631522,5074148
2025-01-31 12:29:57.610599,119.47030291153068,119.1820680406967,116.99822400054776,118.94986615232109,3872329
2025-02-01 12:29:57.610599,119.51400119794482,121.3902795827012,117.54477410780281,119.18340578800175,4352057
2025-02-02 12:29:57.610599,118.73715474112652,120.17902366363167,118.99755444027353,119.06167560424964,4025567
2025-02-03 12:29:57.610599,118.19537729958101,118.98780492894458,116.1112189622371,118.13238494265082,6623140
2025-02-04 12:29:57.610599,116.09433284789675,116.45970106912617,113.80747193884883,115.66351630861189,7804293
2025-02-05 12:29:57.610599,114.41821761182358,113.9799700032961,111.97149408621229,113.41934190523824,7157552
2025-02-06 12:29:57.610599,111.78492986174042,117.84869031983301,111.51957666275806,112.15733110792974,9074539
2025-02-07 12:29:57.610599,108.74218923803,109.97232637043214,107.75301069236154,108.42982360940277,6469715
2025-02-08 12:29:57.610599,108.53853343308698,109.45353415188897,105.46824071846365,108.82799420073638,7428376
2025-02-09 12:29:57.610599,107.23561540382784,109.91016580781377,106.99760937918983,108.82098819717645,1151444
2025-02-10 12:29:57.610599,106.7881117115008,109.46846284979662,107.41017871013543,108.3292651894507,1130735
2025-02-11 12:29:57.610599,104.68032207729856,105.49425475544325,102.90016246940759,105.10362162706738,8884714
2025-02-12 12:29:57.610599,105.4445241471109,107.03672933964737,104.49881638022802,105.92958094555668,9222480
2025-02-13 12:29:57.610599,104.9634727585003,105.9343392216184,103.36788877528556,104.76896962803106,3355645
2025-02-14 12:29:57.610599,105.23257695547963,108.70984524870033,104.88195879808121,106.58591300698993,3823385
2025-02-15 12:29:57.610599,105.92741584918748,105.4643994105942,103.29389312847356,104.53087575155068,3473850
2025-02-16 12:29:57.610599,106.26024556196222,107.31484651277952,104.72986278795463,106.04932853218648,1729897
2025-02-17 12:29:57.610599,106.1779503820128,106.86992352526603,105.46559268941441,105.60131341432289,4460563
2025-02-18 12:29:57.610599,105.90015755597017,106.40690443949848,105.00216600544438,106.09808188253547,6709652
2025-02-19 12:29:57.610599,101.65127107034982,104.18800433322718,101.40000928735085,101.50352959516121,1458326
2025-02-20 12:29:57.610599,104.66329049167642,102.79331612329344,101.47505772583192,102.54535311538092,3632681
2025-02-21 12:29:57.610599,102.21681733015687,104.1180676001713,99.14230094676098,103.64957447696644,3019414
2025-02-22 12:29:57.610599,102.89421413978505,103.21242530140518,100.76934822961157,102.7709898880323,5306580
2025-02-23 12:29:57.610599,102.34743047271296,103.96771125640149,101.8823349697055,103.1684484024667,9618964
2025-02-24 12:29:57.610599,103.74375070537813,105.97865088836033,101.01020102080086,102.67749901694319,5966195
2025-02-25 12:29:57.610599,100.90614708670721,102.02971507683158,99.42681894120255,100.1963414886169,8310239
2025-02-26 12:29:57.610599,101.31830099806027,103.18838770400119,100.62206840372211,102.06734993956576,8513633
2025-02-27 12:29:57.610599,101.11517509396016,104.7551756538764,96.41363437909153,101.73277430634599,9861774
2025-02-28 12:29:57.610599,101.99647745658278,106.10101961374045,97.61645077947158,102.86216750115278,7746680
2025-03-01 12:29:57.610599,102.43373539507881,102.47605747740226,101.46682650527652,102.38125430501327,8404662
2025-03-02 12:29:57.610599,101.29263256003793,103.33921000548521,101.2401159961911,101.93743144426332,8716616
2025-03-03 12:29:57.610599,99.90163819665949,102.64085989591209,99.1385561977132,99.88122784183018,2610970
2025-03-04 12:29:57.610599,100.5966395456639,102.46163765558478,99.81983206527765,100.74194166156248,1059045
2025-03-05 12:29:57.610599,101.83125392388834,102.0109083308065,99.9824261431487,100.49337303653087,5940072
2025-03-06 12:29:57.610599,98.6622623577315,101.68473571696269,98.96389927694257,100.21652295912297,8066457
2025-03-07 12:29:57.610599,101.00721013721908,105.8520663789342,101.1147813070102,102.91536221654998,5966924
2025-03-08 12:29:57.610599,100.89013093675523,102.13698129853933,100.07546743792093,101.66104988671094,9079689
2025-03-09 12:29:57.610599,101.36776476724981,102.91888998068139,100.9244920617826,101.0655200053663,1803168
2025-03-10 12:29:57.610599,103.0167637551635,104.59803893210385,100.33390183281928,102.30930433411172,3267927
2025-03-11 12:29:57.610599,97.21873592889727,102.03955450787842,93.55613952506643,97.9113358841963,4537766
2025-03-12 12:29:57.610599,98.5118242982015,99.4439599461118,98.13831394899306,98.15778335638501,6913862
2025-03-13 12:29:57.610599,97.22436605392964,97.34162526833383,97.14624077983571,97.33844099662309,1807757
2025-03-14 12:29:57.610599,98.28252201874425,99.82634130257478,96.67027424720816,97.29313678757596,4281878
2025-03-15 12:29:57.610599,101.33443518999114,101.95660490494707,99.60864370332484,100.78259502577555,7969575
2025-03-16 12:29:57.610599,106.27797270886471,107.80075612514807,102.86514218383257,105.2565111167237,6012090
2025-03-17 12:29:57.610599,108.61670031024171,108.20352450339837,107.05079198996695,107.2766922054258,5340022
2025-03-18 12:29:57.610599,101.72877311742039,103.07983855720474,100.51708649612527,102.79327449416792,3771423
2025-03-19 12:29:57.610599,100.75754357536621,105.25736290306385,99.1761627677255,101.64323528496614,8304566
2025-03-20 12:29:57.610599,96.48632030487039,100.59329733332397,96.65408866090021,97.34791012285197,1543180
2025-03-21 12:29:57.610599,96.67582621609664,95.43775463926607,93.40519395016416,95.39812914783555,1220318
2025-03-22 12:29:57.610599,95.85330066466025,97.09103560728616,92.96323691180713,96.13984892919493,1778507
2025-03-23 12:29:57.610599,98.35565112195043,97.70016554534332,95.37409732341892,97.09255659291028,7920958
2025-03-24 12:29:57.610599,97.31036867088673,96.71041163939937,95.86130085482777,96.28023113590417,9423693
2025-03-25 12:29:57.610599,95.54694769716598,95.9979107936403,93.49622259882285,94.86971750219453,2344109
2025-03-26 12:29:57.610599,93.73913124534657,96.29450013018727,90.76905340172286,93.90158243226863,9758352
2025-03-27 12:29:57.610599,95.00087692425676,95.03443050492777,93.01971813540095,94.96310395122238,5963413
2025-03-28 12:29:57.610599,94.59101246744352,96.71343453995422,91.86221051004141,94.29618021310907,1767865
2025-03-29 12:29:57.610599,93.63107850642297,96.65694363839437,91.14790542514811,92.2953938449319,6246296
2025-03-30 12:29:57.610599,89.24682160186278,92.98816514800107,86.97482821047235,90.28657618088089,2534432
2025-03-31 12:29:57.610599,95.12578243628553,97.51664973989094,91.40540034063217,93.53974889901602,8934123
2025-04-01 12:29:57.610599,91.17347495041554,92.59926661402415,90.83652128938505,92.11338855793207,8557813
2025-04-02 12:29:57.610599,91.42317448180825,93.09998784201095,90.31271055090373,92.28164703641725,4332217
2025-04-03 12:29:57.610599,92.72629390959382,95.60246646156875,89.87396024859794,92.00350605051146,3913622
2025-04-04 12:29:57.610599,88.716413012424,90.36963386435765,88.13849534370436,89.8623084917197,4945532
2025-04-05 12:29:57.610599,88.30047327621064,88.60916050271831,88.19737070486283,88.34733566790439,3454268
2025-04-06 12:29:57.610599,88.65435419008087,90.05013943744532,86.01002126081438,89.0765442867129,3117186
2025-04-07 12:29:57.610599,92.53164063318461,94.09523933625745,90.73161298739159,92.31541940422426,7911280
2025-04-08 12:29:57.610599,95.79610158123484,96.05547137868241,92.12266621747732,94.61186822338985,7687592
2025-04-09 12:29:57.610599,93.32677872878313,93.66064019311995,93.40993532477113,93.63494888149768,1139533
2025-04-10 12:29:57.610599,93.66373352571811,95.18467853921776,92.96450494820631,94.28327324774622,1701084
2025-04-11 12:29:57.610599,91.59588689082007,91.61063621268414,90.6831627530613,91.51259978203343,2806433
2025-04-12 12:29:57.610599,92.49862809788196,93.65549601553447,87.31399861964249,92.98260189921294,4972516
2025-04-13 12:29:57.610599,90.8605469917647,92.38642756566014,90.64332302005108,91.55334845016586,4954605
2025-04-14 12:29:57.610599,87.21246585397458,89.314939587465,86.91411181495538,87.42515684730421,6520707
2025-04-15 12:29:57.610599,88.9011830111399,92.77157823385198,88.46408336545724,89.89032176279926,2474098
2025-04-16 12:29:57.610599,91.7543925630651,94.41452865271592,89.92057434967758,91.90973345711993,7749416
2025-04-17 12:29:57.610599,92.8356425672176,93.11412945284515,89.43463565919573,91.32308049548193,4581084
2025-04-18 12:29:57.610599,94.49419904602631,96.18196605199584,93.21730006923791,93.82445711079887,5356256
2025-04-19 12:29:57.610599,94.29283401769446,97.52834885750539,94.08125738235394,94.56765411519655,1919744
2025-04-20 12:29:57.610599,93.97369968428633,94.05443033898578,92.06836593542351,93.70771367311741,9852329
2025-04-21 12:29:57.610599,93.28458672836378,98.11670601344782,91.14815145047405,94.9747816485424,6849797
2025-04-22 12:29:57.610599,91.97519400695126,93.07856017068235,91.8484189022907,92.64120123935739,6256539
2025-04-23 12:29:57.610599,93.40436952547539,94.79944699703313,91.37254482212676,94.02632881870659,8362528
2025-04-24 12:29:57.610599,95.55901718508862,96.11263007084527,91.60581365101261,93.639557183378,5585667
2025-04-25 12:29:57.610599,95.3669590681586,98.37068004646363,93.06444380126867,96.13710115702983,9151116
2025-04-26 12:29:57.610599,97.15914998637435,97.48356834659243,95.13730644977919,96.431960901211,3844521
2025-04-27 12:29:57.610599,95.90886984023292,95.70764449269778,94.71222347037883,95.19484853789274,4420572
2025-04-28 12:29:57.610599,94.34414459716136,94.65121395276313,94.00855014340222,94.4432103988556,5472578
2025-04-29 12:29:57.610599,90.64440397338953,94.78269904444069,92.02545151621847,92.11232324764958,9347269
2025-04-30 12:29:57.610599,90.72230268948687,91.24249444377253,88.74423318272278,90.64090751459523,6615204
2025-05-01 12:29:57.610599,87.10229129028062,90.22186201840232,86.59892256531921,87.62183067891948,7398108
2025-05-02 12:29:57.610599,86.86948349168775,88.88532982704575,83.10945919244823,86.54710726454222,9909761
2025-05-03 12:29:57.610599,85.27344979082467,88.01400196679765,85.08777604548516,85.13188751793666,7218637
2025-05-04 12:29:57.610599,84.30368647920886,88.13401520688016,83.75467566760751,85.17179295574678,8345179
2025-05-05 12:29:57.610599,85.27674585102488,87.458640713882,84.23650696845785,85.6750637262169,3861474
2025-05-06 12:29:57.610599,86.30427310304863,84.8405431317974,84.34137487470642,84.64144731189862,5897769
2025-05-07 12:29:57.610599,86.31496026459688,89.14498177457607,85.44700879391505,88.38118694073648,2805043
2025-05-08 12:29:57.610599,91.41344655564099,91.8620188952047,90.00761453683965,91.39106655753302,3798115
2025-05-09 12:29:57.610599,93.91947352794013,93.47280740601686,90.51813301167874,92.96590793702697,6175772
2025-05-10 12:29:57.610599,94.01852905926626,94.12849469771123,91.92266958649297,93.65337058122529,7400226
2025-05-11 12:29:57.610599,97.72542043712755,97.62589703923973,93.9740691797571,96.15396602974863,2360571
2025-05-12 12:29:57.610599,97.60270648282108,98.98060781642643,95.40253003290263,96.58558599802188,5371172
2025-05-13 12:29:57.610599,99.68200749546936,100.47949621352866,98.75484130161412,99.67293640324792,1155111
2025-05-14 12:29:57.610599,95.60075410749604,97.66131507079344,96.29686665023067,97.50312445904686,5366966
2025-05-15 12:29:57.610599,96.84721430129267,98.18461039943561,97.23132529471953,97.90554034943378,4163018
2025-05-16 12:29:57.610599,97.3042407961836,96.7645150106976,95.19644224841743,96.08139472113726,5952733
2025-05-17 12:29:57.610599,93.02314581889506,94.67679132246795,92.90276781950897,93.5766830663122,6344517
2025-05-18 12:29:57.610599,92.24595380039253,91.50637139383134,86.88717544450269,91.3471780687847,6918635
2025-05-19 12:29:57.610599,91.80319190891724,93.18105599796003,86.92433624179121,90.06637408050963,3694804
2025-05-20 12:29:57.610599,90.18660344997254,91.40598521101933,87.97307551744775,91.00392863941198,3743703
2025-05-21 12:29:57.610599,91.33168998686726,92.89223187694294,87.8299769572921,91.11375842051788,1709799
2025-05-22 12:29:57.610599,93.46481438696223,93.04911189827428,89.23031145506296,92.4531923934352,5506330
2025-05-23 12:29:57.610599,94.32185318595002,92.77829468564477,90.39685980668642,92.61843355127222,4588516
2025-05-24 12:29:57.610599,95.03297606062215,94.36761835385104,92.27552281808651,93.92623694601427,7478610
2025-05-25 12:29:57.610599,92.90613064338062,93.89855454035823,92.34768824843721,93.26703662661592,8487488
2025-05-26 12:29:57.610599,90.3929315150086,89.95798081046694,88.16309299998011,89.88176186579673,6845176
2025-05-27 12:29:57.610599,90.61750567662234,89.85947857166171,87.52568949326017,89.30406531438446,3107656
2025-05-28 12:29:57.610599,88.9816728015823,94.09080973481136,88.32245564176814,89.37877121608301,6659861
2025-05-29 12:29:57.610599,91.6576524473019,89.97550120186419,88.48668675655536,89.89116269234327,9609428
2025-05-30 12:29:57.610599,90.49016212953927,91.2405473435847,87.91278624513104,90.57454136260674,6059667
2025-05-31 12:29:57.610599,92.59083031188466,92.50915454386951,88.72052391839357,90.82656716514566,3030362
2025-06-01 12:29:57.610599,94.22668514182689,96.00603752696237,91.08446642968474,93.44929086578861,1077594
2025-06-02 12:29:57.610599,91.4140189167969,94.21498386887858,92.00282791100484,92.88968479933041,9703971
2025-06-03 12:29:57.610599,95.32571975088162,96.75635369273738,95.57428877254046,95.6415441438204,6828542
2025-06-04 12:29:57.610599,98.79400265581397,98.67451386465164,97.49868744759199,97.84013164476772,1579205
2025-06-05 12:29:57.610599,97.99828939390592,98.58140529013039,95.98449161258078,97.7361557920154,3101542
2025-06-06 12:29:57.610599,98.68810600471855,102.27228051337902,98.2310786874669,99.55895696390827,3007218
2025-06-07 12:29:57.610599,100.1506385543009,103.72998628271382,99.01710039337237,101.50868823272805,6550066
2025-06-08 12:29:57.610599,103.33934556737978,104.20269183482415,103.57690351999128,103.63000469404093,5603442
2025-06-09 12:29:57.610599,103.51919399801267,106.3211808076606,102.75805534073119,105.19051129075936,5309879
2025-06-10 12:29:57.610599,106.50602120624399,109.43111907997172,104.60138308237003,106.32895355896596,5896632
2025-06-11 12:29:57.610599,107.11934726277484,108.18489940595866,106.41561463193369,106.61553422694294,3085749
2025-06-12 12:29:57.610599,106.2550758703128,106.28260200022355,99.28419407380815,105.2727197899105,5734910
2025-06-13 12:29:57.610599,104.48126937705418,105.53211963189915,103.0187878365673,104.49047836504013,5411653
2025-06-14 12:29:57.610599,101.46167465412871,104.49714647054448,100.7324515798534,102.01602890258778,2590861
2025-06-15 12:29:57.610599,104.35561517730532,108.13604307870722,103.8113144695002,104.63793838624969,4447466
2025-06-16 12:29:57.610599,104.986456161333,105.33086486390522,98.13494792397955,103.9312041275783,4403397
2025-06-17 12:29:57.610599,101.68064243410817,106.38745796421031,101.91677739225494,103.1285393607889,8629170
2025-06-18 12:29:57.610599,103.21938793423428,103.35022493034195,102.33878974576119,102.78998605283573,4282628
2025-06-19 12:29:57.610599,107.15094221477854,104.6754712277586,102.36645212620861,104.33328876644205,6069773
2025-06-20 12:29:57.610599,106.05701604705203,106.69628435844143,104.38647480545204,104.48292786592602,9972038
2025-06-21 12:29:57.610599,103.47386736801936,103.28160884973923,102.22717256180353,102.77267493078989,7966398
2025-06-22 12:29:57.610599,97.81766244846709,99.64402235766352,97.24417273783246,99.11867431531502,7076452
2025-06-23 12:29:57.610599,97.11484476072012,97.07345105052859,95.48875125001912,96.92815193328113,6371219
2025-06-24 12:29:57.610599,97.74346249661512,99.06073146537794,97.41067896523276,98.7669844616445,1510044
2025-06-25 12:29:57.610599,100.48256030891628,101.58626952524158,96.56167448847461,99.07286161009506,8657290
2025-06-26 12:29:57.610599,99.288911025072,101.53298345552777,97.51671344513144,99.5193259760022,6262056
2025-06-27 12:29:57.610599,99.10128868741762,101.32759597428041,94.77413831225294,99.61928254916194,9301131
2025-06-28 12:29:57.610599,102.65941178003827,105.01548711765913,99.43934183967077,101.62558700279226,8054343
2025-06-29 12:29:57.610599,100.85206981296173,100.55266763202917,98.65767480624923,100.38856080087845,1339728
2025-06-30 12:29:57.610599,100.1540492771953,98.82898903993224,96.73561316848026,97.67325512354137,3931933
2025-07-01 12:29:57.610599,96.40745847328351,100.78831737035014,95.7717169426467,96.41443839827355,1627949
2025-07-02 12:29:57.610599,95.01856754132079,95.16374545548503,92.04133828766696,94.33330796334442,7179343
2025-07-03 12:29:57.610599,98.75468938547567,103.95900830622091,97.93719732412723,98.60775974627308,6378821
2025-07-04 12:29:57.610599,101.68100156667496,101.95786075801988,99.99654000423399,100.78228051494688,5723840
2025-07-05 12:29:57.610599,100.8721501679205,103.05660818598534,99.70999857865303,100.6239364299242,7813447
2025-07-06 12:29:57.610599,99.47411831996185,103.12549826354062,99.44648036965002,100.51294470562326,1458837
2025-07-07 12:29:57.610599,102.18506183705998,102.86383777992643,100.23949300485037,101.51909393972555,2252233
2025-07-08 12:29:57.610599,101.22287040109244,99.9236293708817,99.07590589221128,99.68095634319155,5444785
2025-07-09 12:29:57.610599,100.45282902423209,101.56278991904239,97.89247023924706,99.9092774963292,4273860
2025-07-10 12:29:57.610599,104.4952286550957,105.33884547884531,103.15716206530838,103.61025995654745,4072875
2025-07-11 12:29:57.610599,105.6992475631812,108.04470409920033,105.96481323101885,106.5248187346684,5240130
2025-07-12 12:29:57.610599,103.92761560871138,106.12668782839634,104.23461228544905,105.11618123088317,6884407
2025-07-13 12:29:57.610599,99.02886430214726,100.0312985849785,96.78703490282177,99.94696383694249,3573320
2025-07-14 12:29:57.610599,100.70997324216246,103.0397083890681,99.50023868247816,100.02826425993572,2471636
2025-07-15 12:29:57.610599,99.82467257446362,100.50601703810341,97.3004089186456,100.35439059930926,8356757
2025-07-16 12:29:57.610599,104.64876054777818,105.33560075412625,101.38610778321164,105.20147435254131,4356791
2025-07-17 12:29:57.610599,106.25872250166347,106.58124994373462,105.45620928444652,106.19605039637429,8229731
2025-07-18 12:29:57.610599,107.32548705182815,110.26907104594571,104.31942593501451,107.78395793084948,2329860
2025-07-19 12:29:57.610599,109.15651194105925,110.4339301126573,108.08728422913646,109.62315431094186,1262229
2025-07-20 12:29:57.610599,111.12999565664346,110.47374996823771,106.67531500294089,109.70358839721139,9514369
2025-07-21 12:29:57.610599,106.00066199849557,111.05143138804975,105.13011033830601,105.84671112744527,3011131
2025-07-22 12:29:57.610599,105.0255928539479,109.73050810715768,104.68165588364886,105.44485339264637,5895915
2025-07-23 12:29:57.610599,108.32510774882586,110.04861086429362,105.18153949548274,107.85716212834208,9325343
2025-07-24 12:29:57.610599,108.50074948313646,109.40461783086322,105.32507511582611,108.3978344288608,4507656
2025-07-25 12:29:57.610599,108.54422120741908,109.78869379613866,108.04410380027596,108.2843433407356,1389760
2025-07-26 12:29:57.610599,110.08761203838776,110.7980497630243,106.7765853381897,110.66774132775797,5511673
2025-07-27 12:29:57.610599,110.24051511366531,114.22572600796063,109.37403976866307,110.63035405799579,2619184
2025-07-28 12:29:57.610599,106.13866251010582,109.98701985835969,103.77259400205614,106.51368540400482,3060654
2025-07-29 12:29:57.610599,102.2819949178273,104.05147836093383,102.27824107677317,103.30483474058835,3086080
2025-07-30 12:29:57.610599,102.22942132530262,101.31932062095431,98.58519894940596,100.70743046268305,8453582
2025-07-31 12:29:57.610599,98.94549301942101,101.33620482716395,100.92191081901909,101.13241490677716,6350230
2025-08-01 12:29:57.610599,101.52008424986548,103.68925012896274,98.42173343406998,99.20672704567423,2824023
2025-08-02 12:29:57.610599,101.4774137982091,103.61832584065137,100.79725162273265,101.40114017969323,3689615
2025-08-03 12:29:57.610599,105.04705424070796,104.43259916180547,103.6955885122795,103.74951701250095,3662671
2025-08-04 12:29:57.610599,101.7900804532444,102.49759645615242,99.69427758317644,101.08871878216465,7610522
2025-08-05 12:29:57.610599,99.96702040956318,103.04394004647767,98.61061676768034,100.55811146174327,2641005
2025-08-06 12:29:57.610599,102.67659899898436,105.0809050183331,98.87413317929835,102.31815840032804,1190472
2025-08-07 12:29:57.610599,101.02653993200752,102.51302480287511,99.65041403480669,100.68050555809023,7082278
2025-08-08 12:29:57.610599,103.61419850542892,104.7086785016922,103.20021452952902,103.59752124472615,3227300
2025-08-09 12:29:57.610599,105.36802962956118,105.67634680452113,103.12041182180175,104.6342526089722,9160223
2025-08-10 12:29:57.610599,105.29810037247579,106.35517888076707,105.537712161001,105.59513994826057,9039942
2025-08-11 12:29:57.610599,106.44211502184885,106.81497038177446,103.49383327540046,105.14349124999967,5841616
2025-08-12 12:29:57.610599,103.41745681845563,104.02476675669158,99.6671505631375,103.424891104707,1111792
2025-08-13 12:29:57.610599,102.16490619846714,104.92211702962375,102.28869902961115,103.63648970930498,4600467
2025-08-14 12:29:57.610599,106.58997516984898,106.46239046113315,105.08300338233421,105.6829543993711,2852296
2025-08-15 12:29:57.610599,103.26092027644604,103.33114711710397,102.22578433224567,103.30877585021932,5419566
2025-08-16 12:29:57.610599,106.65629975987592,107.06542390422955,105.76038396985221,105.7807567601576,4237917
2025-08-17 12:29:57.610599,102.47973491136047,108.85261342167583,104.91247896344673,105.00613941407083,5716567
2025-08-18 12:29:57.610599,103.7506427350019,104.17834551538913,101.90496531155694,103.63711747566182,5712469
2025-08-19 12:29:57.610599,104.0859619011188,106.17835826486919,101.20354074986375,103.94347282557453,8439557
2025-08-20 12:29:57.610599,99.39880042925758,101.97748140324491,97.58855592814325,99.17431209570317,6254458
2025-08-21 12:29:57.610599,94.73675574045852,95.56520567304932,93.18248458504823,95.12029853969315,1275750
2025-08-22 12:29:57.610599,94.80350517610847,94.57955880336081,90.33836824318284,93.30006164292766,9382874
2025-08-23 12:29:57.610599,92.36314207657179,93.4473627035722,88.31877840484708,92.73051259066193,1741621
2025-08-24 12:29:57.610599,89.70362614561553,91.58116674083571,87.3041412123223,90.87593778311069,2372135
2025-08-25 12:29:57.610599,90.94290370376163,92.07595355139645,89.62787855014298,90.69953150461285,1643993
2025-08-26 12:29:57.610599,89.94518657361654,93.36185629660498,88.75938861617323,90.17396595874874,2220687
2025-08-27 12:29:57.610599,91.46728830539308,93.79578054014331,90.94939618856307,91.43660886206513,3458086
2025-08-28 12:29:57.610599,95.4778175873783,96.8806330872147,92.84166874417144,95.08199709330655,3739813
2025-08-29 12:29:57.610599,98.24208959435249,99.51969835470318,96.92531024361851,97.7686284744828,3758528
2025-08-30 12:29:57.610599,94.58709004998087,98.05195610993769,94.58857638237109,95.56510171038306,2384245
2025-08-31 12:29:57.610599,92.05433018127465,94.44890509569004,86.97599316944206,91.25984149042606,3452210
2025-09-01 12:29:57.610599,88.33950054143767,90.51391172854873,88.12821645277151,88.55909816301296,2935092
2025-09-02 12:29:57.610599,85.76534262000841,89.58192849414988,85.36485250428237,86.25109657986846,2125755
2025-09-03 12:29:57.610599,86.20037112084604,87.28908572014981,85.8440648756223,86.64234710882758,2719731
2025-09-04 12:29:57.610599,87.58692029214471,87.64467706013785,84.98281418222608,86.6425650354303,9038284
2025-09-05 12:29:57.610599,85.61735399285807,86.78448452578704,84.76118261459726,85.66256986644044,6118957
2025-09-06 12:29:57.610599,92.78329751113935,93.95475071349969,92.40350500445972,92.53255565544433,9787863
2025-09-07 12:29:57.610599,93.08108506047077,95.84908871465714,91.38746922619015,91.49757932427563,7481646
2025-09-08 12:29:57.610599,91.64678265744433,92.6728386786077,90.3179697057981,91.05710366978872,2129542
2025-09-09 12:29:57.610599,92.3486248108736,95.05737582001717,91.66726508169076,91.91767100337813,4188265
2025-09-10 12:29:57.610599,93.55925734420478,93.23641124774285,91.76639850248006,93.11507884684373,4829486
2025-09-11 12:29:57.610599,93.91395472931436,95.7257824284323,91.40290937238265,93.81932764134044,5884169
2025-09-12 12:29:57.610599,96.75195004493764,95.74475665814477,95.05520256699266,95.26681343387935,8861104
2025-09-13 12:29:57.610599,96.56400581989776,95.80244983975005,91.04810708645742,95.4319240181992,5831103
2025-09-14 12:29:57.610599,93.01296806589986,93.76516445680512,87.67288978181207,93.5915547033263,6542171
2025-09-15 12:29:57.610599,94.45916703299257,95.92638761298993,94.72829267262738,94.74144871060759,7703246
2025-09-16 12:29:57.610599,96.25125641941862,98.5394792685145,93.90154758509061,96.1071321785735,5555632
2025-09-17 12:29:57.610599,96.1027631420565,97.5398388807969,92.47038399083662,95.60282871794598,9899454
2025-09-18 12:29:57.610599,97.49127320754918,97.02343288694921,95.82942380556192,96.29541563412269,6062443
2025-09-19 12:29:57.610599,94.13259406612498,98.52386220780818,94.86090882441422,95.35350463955625,4224792
2025-09-20 12:29:57.610599,92.99201754436612,96.74854882102696,91.94478406308741,93.3540301765199,3056939
2025-09-21 12:29:57.610599,92.65774486084446,95.72100640067714,92.10543363923567,93.5758959414277,7865882
2025-09-22 12:29:57.610599,89.28708910154636,93.4809754345074,86.27513093553151,90.61799062111419,9709359
2025-09-23 12:29:57.610599,86.14986172185566,87.99563383797066,83.61576171917913,86.59459264453278,7000317
2025-09-24 12:29:57.610599,89.34902992606125,91.42260142562965,89.70687306322768,90.05552554493279,4456007
2025-09-25 12:29:57.610599,88.0577666521767,91.18426304557747,88.1942614952255,88.43045451617368,5455451
2025-09-26 12:29:57.610599,87.49917174480538,87.63388386827665,82.87339623883388,87.18222008068668,1361290
2025-09-27 12:29:57.610599,86.13131018247373,88.00366614717315,84.358623637158,85.95149579328196,4728563
2025-09-28 12:29:57.610599,88.6495675571989,91.82346070164303,87.0584476783368,88.40294784679165,7939387
2025-09-29 12:29:57.610599,88.0672291014681,89.96246418438986,86.24297695747208,87.94872901236482,7882477
2025-09-30 12:29:57.610599,88.1056835381968,88.8977400605066,85.55716750812894,88.39890281951426,1459859
2025-10-01 12:29:57.610599,84.42592778949084,85.03699644974567,82.78538485992581,83.73421538021206,9215729
2025-10-02 12:29:57.610599,88.28349680239842,90.70113435367044,84.90826629403168,87.51995217074372,8464583
2025-10-03 12:29:57.610599,90.35758876211911,91.20323748128318,88.2543663677555,90.08827786094369,6375140
2025-10-04 12:29:57.610599,88.61991882042643,88.2530232582402,85.835463981196,87.16240014797606,1360102
2025-10-05 12:29:57.610599,85.1076949306496,88.88660873392843,85.55900433151899,87.19957168916545,8925734
2025-10-06 12:29:57.610599,89.6690977749975,92.08072241959887,87.69285214925692,89.50582348692075,1547647
2025-10-07 12:29:57.610599,83.13463242163303,86.71255821473055,79.64900592166676,85.2097144422226,2715035
2025-10-08 12:29:57.610599,85.01524004603253,88.42700886064497,81.19381293233396,84.72098405125627,8150062
2025-10-09 12:29:57.610599,80.33898991386071,83.0887991258047,79.14709948319309,81.76835730837175,4783109
2025-10-10 12:29:57.610599,82.050185577795,82.68439643239849,80.91343730228067,82.00163335785845,7888200
2025-10-11 12:29:57.610599,81.58663906237685,83.48397598355855,82.13893075118114,82.76455211746445,6363624
2025-10-12 12:29:57.610599,84.10929842064978,86.26966204300022,82.7893076137619,84.92245389999205,3980089
2025-10-13 12:29:57.610599,82.23019648680649,82.65620820554236,80.24699471959151,82.13716047515378,6129299
2025-10-14 12:29:57.610599,85.08748322197405,83.31676664285871,81.81647027683985,83.01041867771498,3128935
2025-10-15 12:29:57.610599,82.6283131855955,83.25102020374429,79.51715680841241,82.0257548473049,3819837
2025-10-16 12:29:57.610599,82.03373834279319,82.6745986642757,82.41089222008135,82.54242075616094,2435023
2025-10-17 12:29:57.610599,82.16770133237034,84.10291828935355,79.51056736679551,81.70476865055409,4069275
2025-10-18 12:29:57.610599,81.8319250906907,81.51192531732039,79.7122190792376,81.42521178280282,3421355
2025-10-19 12:29:57.610599,84.26402750838218,81.86694758929373,80.62384585178351,81.83023690964185,1301405
2025-10-20 12:29:57.610599,82.58114433002717,86.36861835551284,82.38989000849752,82.75371104384101,8728671
2025-10-21 12:29:57.610599,84.85520226559959,89.90836470288585,83.77399942378467,85.61498853630263,1029260
2025-10-22 12:29:57.610599,87.86076741181877,88.22013773926462,86.9552055855673,87.54139475420237,8315415
2025-10-23 12:29:57.610599,82.9850009207362,85.09127224333695,82.08527168923129,82.73557440036305,4489895
2025-10-24 12:29:57.610599,82.80318096400644,83.8702608982722,82.41304733627763,82.61664772738045,4101414
2025-10-25 12:29:57.610599,84.1063573351193,83.8915718778577,81.68513921149852,83.88485663400121,4135822
2025-10-26 12:29:57.610599,84.44161449528937,86.69528250415851,84.26289272969014,85.91745877812927,1428303
2025-10-27 12:29:57.610599,85.66085499303958,85.27963880402376,83.23420725831802,84.04887161242456,6721885
2025-10-28 12:29:57.610599,87.87707084501312,87.42215748334422,82.820460188851,87.08458239390612,8063458
2025-10-29 12:29:57.610599,86.78046170530438,87.79628798054264,85.42173438009262,85.97833968459256,2140658
2025-10-30 12:29:57.610599,86.18556342399033,86.78522275291601,83.21233272964307,84.62857739793823,9354610
2025-10-31 12:29:57.610599,87.1138530206587,89.05699868859351,85.42746621736934,87.3936897378737,1886069
2025-11-01 12:29:57.610599,89.43007111847263,90.23949392708687,86.15902052829504,89.65815811298299,2370223
2025-11-02 12:29:57.610599,93.7741999890869,97.83432156786658,91.33115543388182,93.12963043557151,7688272
2025-11-03 12:29:57.610599,94.41332144610696,96.17214498160408,92.896322797446,94.72428939779249,1676702
2025-11-04 12:29:57.610599,96.44626965386479,96.59537292417407,94.15293680415965,95.03573061957599,7397641
2025-11-05 12:29:57.610599,95.67783472717626,97.53445862349167,90.75463050478666,94.91769681764825,8519077
2025-11-06 12:29:57.610599,93.46360975366903,95.29855598526561,93.2044804844455,94.69277352846413,9874443
2025-11-07 12:29:57.610599,92.91003504278258,94.41031819210714,93.21703837546397,93.62364720916531,4672093
2025-11-08 12:29:57.610599,94.73406337356049,97.62491225213307,94.13015496716645,94.99393784456757,3446132
2025-11-09 12:29:57.610599,95.36817936710416,95.6522594985366,93.93310880214516,95.44798518279352,1568719
2025-11-10 12:29:57.610599,92.40901125277894,94.9518546998334,90.75032098905068,92.2647472053512,4328304
2025-11-11 12:29:57.610599,92.54796250657009,92.61458642253486,89.93272262495177,91.66457137252235,4743152
2025-11-12 12:29:57.610599,93.46893926108855,93.96468495075611,93.54611235960347,93.83865282998494,1112494
2025-11-13 12:29:57.610599,93.00713328106619,97.0566749245511,92.57534018991986,93.65424706596264,5188013
2025-11-14 12:29:57.610599,94.21631351272056,95.41616677278542,90.30713506485851,93.65468948164187,7617686
